X,x_lorenz
1.0,1.0
1.8928028156383265,-9.388096225297188
-3.1089772105687623,-8.10782445962497
-3.7764547468284517,-7.577562835185712
-4.074304452857732,-9.99674195818995
-4.334804806706692,-6.631156322175907
-4.546658916424738,-9.616814699999699
-4.713686321003825,-7.898822802824338
-4.889091522704922,-6.91132147376784
-5.005756570099048,-10.36702898237182
-5.144088904480776,-5.047352411440658
-5.23702555296882,-12.161017947009382
-5.337935993181298,-3.729531183164219
-5.392210418027873,-12.764697160661314
-5.475447450357928,-2.8076252298051623
-5.450915352939452,0.09861872646281866
-5.00801698774158,10.590763600376786
-4.393660187193042,3.9456365379927805
-3.747659413409328,6.23155565852171
-2.906128713955578,14.091659158972796
-2.512535697193702,-2.8348736869890097
-3.041876803713688,-1.9017034147539498
-3.0286206793279717,13.980959404943238
-1.1188898673023848,1.6941220816297706
1.506729174950722,2.722736725075358
2.50334423450747,8.006390502231131
2.3314848049019044,-6.411663048272196
-0.984652128009214,1.4577006285251068
-1.8491078159813237,5.955181732006255
2.273833412218931,-14.683382561686033
2.3496581606284788,0.4585842928321253
0.8869507800078154,3.2793261218854792
1.229578913596841,0.5369732915898462
2.340075607075286,-11.337713663040521
-2.2588233258971897,-5.16230851890893
-3.6563659574263494,-11.50763733027409
-3.9543216994349386,-4.238761745665223
-4.162444397429981,-13.548896657902754
-4.347324698505556,-1.1685228560654854
-4.362251347746905,3.5211123915331575
-3.635971075122173,13.218078670122702
-2.42858221667499,1.8904371379809493
0.697219708442623,-2.0119286146401554
1.856574401856224,14.12889438027891
2.8852099008825225,2.454527608124896
1.821285660670215,1.024036406347964
2.124123746815861,-10.134350842781451
-2.051586107398496,-10.65919498376641
-2.3910758296183143,0.1424399655585112
-2.5475004959283782,4.8865625366229
0.37506875694780584,11.241974277062795
3.5078079602559584,1.9747577970394825
3.62137955697231,-1.2966943359584326
3.061078270048094,12.492266138496271
3.534250972768731,2.938862093236648
3.7302592464841298,9.480249834999114
3.634239681708803,-16.488585587237758
3.4808395402154853,2.9575344763891893
3.686763186089127,8.270613043979063
3.632199337785905,-14.558943406581655
3.4365597221258333,3.306120799210311
3.6697188985272984,8.568520783168474
3.8209700955448094,16.453913845274165
3.3731697674151344,-2.576318337381414
2.2257274865223615,-4.328666864828072
-1.0308418873121223,13.440636024042378
-1.2067119168178257,-17.867896615133077
-0.9819862677954762,5.136236448088247
3.4292233052847294,11.331722630706606
3.7810762530000144,3.76798572925917
3.9853293584886167,14.129270272251716
4.181490705257769,4.173568465219206
3.6150489950440776,-0.6217941819625196
2.8782736789956167,8.971113906806488
3.41407013572588,5.47745886059625
3.6369098202426717,-0.5391218522990155
2.9125036219423635,8.318918460531847
3.4007527897290135,7.6033363552380955
3.610474846387879,-0.3027113479759458
2.7081617780439036,-8.149005653118426
-0.035281552369900715,-10.487078700444703
-2.3893768717114074,-0.16143333277312868
-2.66117635951759,-4.2314392436017485
-2.8044821513984526,14.593368048614838
-2.3077209987904905,-2.28326542213507
-2.8951384669926212,3.0115727211806673
-1.1552770043340823,13.126230252374995
2.951925145956757,2.5222972138477786
2.726732796018749,-7.859529504454638
-0.5118663997774199,-9.121316930901893
-3.611602028978922,-5.4237594045343736
-3.88724020000293,-10.96924873693347
-4.173842606117926,-3.7992888712420396
-4.292145040932917,-7.510576954495458
-4.415682890743086,-15.469561004962038
-4.018983825344234,1.0257818108662249
-3.373859682544383,-4.372474608917102
-3.6730294358850917,-13.684851921023231
-3.920084585212673,-0.9444200022429192
-3.2600338909829962,-1.35665904256462
-3.2683905957243584,12.309873497539572
-1.8477274963338233,7.027543269581236
-0.7170745244518157,-0.1159774149218526
-0.2917922744648353,-3.5892494098093857
0.4545098982141812,-11.58810029061644
-3.4062000336911984,-4.90432480073466
-3.766001772566983,-11.853046890994378
-4.027294859518598,-3.056220326133697
-4.15124718346184,-11.000143490549114
-3.982644250853779,15.85490857735589
-3.89689724555457,-2.472931247866094
-3.996845205183003,-4.7874002308095225
-3.7996438714594545,10.345071145862445
-2.8895619941135746,-0.44968001698376203
-3.0609835356161117,-0.717620216015147
-3.0760173800262836,11.92396494452617
-0.958239744730662,3.250111203311839
3.310259448084507,6.098689400937792
3.3677375750357097,-8.753059122135518
3.038508241014072,4.536348441684508
3.421361719057195,7.628149455055796
3.742787321123162,10.525307197803453
3.2461909629230634,-1.2450128514370347
3.394601415083437,6.5991562320283546
3.6960702595705945,13.14216375832621
3.2137102707850733,-0.8215406915642212
3.3370571959462048,2.883187826053706
3.3297589573539055,-14.209742103918742
2.954918473851495,5.247060003822032
1.9936115179102718,-0.48580298918484094
-1.6674449863812562,7.726556229143466
-0.8110844512013489,6.6558701698142455
3.3546721645591293,0.9414193727595371
3.41594512788629,-9.084760154220703
2.1133898765291734,-9.113603797222291
1.161828406500725,-0.7985395617327506
-0.8331575236220365,-1.2100116819059237
-2.911223099016278,12.99254002456906
-0.4510805554458324,2.3913472629854224
3.3011117172228652,1.5809561856768586
3.2311444894863133,-13.270950954571008
1.540425321074466,-1.7498926278834714
-3.0185804373741414,2.7649596190178194
-2.2099901382843283,-14.466099907971405
-2.051246778008265,8.38003400516895
-1.6833593262089572,-2.5163187062667656
-2.726012653771513,0.6356485270957279
-1.3782376504064509,-11.689467250338144
-2.8645413123421037,-4.602711674300739
-3.4022886452153793,-12.632430157552966
-3.7685707712693417,-2.765930536623137
-3.911223138734037,-7.60851288391597
-3.751375620672087,14.420662118749902
-3.655031218360234,-0.8125720550825231
-3.724866836013129,4.462035896652472
-2.6655554750935706,12.559426276844576
0.3980014550815938,1.0258958394590423
3.272292357295223,-4.86838876044954
1.9135739954049977,-14.752323113953956
-1.6656002151034293,8.926909718154771
-2.436569403962946,-4.467657515930613
-3.1194073313621065,-14.586182904538868
-3.3533342674385223,-13.658323923903133
-2.6398524845052025,4.587940919811107
0.5161412341967759,13.196088043863892
3.491605244537708,0.698194408269633
2.697499887366635,3.850108075112793
3.1493830969876564,13.92925098304386
3.553941842420523,1.2722465823341609
2.7869475202290563,2.9882230248190367
3.080648642838535,9.714651455387239
2.7822631353483844,-5.467766611626072
1.2029624280182143,-0.4223964700908396
-0.22015145534505393,9.431160358497252
3.2146629754173794,4.792428208968234
3.50021393304945,-0.011053504908031003
2.693539850724522,5.148033241704395
3.244698618189452,10.080254837281542
3.651295204752852,5.834303131001782
3.9682304150537653,9.460969018691952
4.15464692945928,2.780161834468501
4.217934150730174,5.371532618882178
3.9852887342455543,-7.457430692496814
3.171641536299186,-0.42536908458829253
2.0909347426835803,6.5429895940168485
2.933112289071535,8.035162663813356
3.3777312379054854,2.0878401191246017
3.469296535680197,-5.650561722487152
3.0030991171175248,8.462709308291684
3.3772317422308578,-0.7433869155311252
2.4536283359354942,3.7401523140419846
2.511844866266556,-15.001750767296851
1.4423348636213373,5.101466018648038
0.13512615366158115,-3.413222391367941
-3.206110393774492,-4.848943651038242
-2.9430360504796327,6.902680057353349
-0.8417913886607026,3.342037983186584
3.17049142839719,4.482693510487096
2.9273191501186995,-7.324391691821868
0.7578465763932957,-3.44083474075403
-3.2098507802542846,-7.775075316020573
-2.91244206637638,5.288660557883575
-0.9814811248274748,-0.041106730449968765
1.0372925497837273,5.66748888592527
2.820201228571661,9.163969822290547
3.3927844889229495,5.283515590972784
3.7384024249039354,11.592035287946628
3.962801053433845,0.39157145700624674
3.335671398185412,3.937701357354197
3.659493248916266,12.320126938921014
3.952798504178504,2.9254293460597225
4.0801311456540335,9.675833748210927
3.9246567753741015,-15.90617908435316
3.826778390744824,2.0020530520466724
3.906935932782124,-0.38451346291450494
3.3535750165582447,10.696004418372121
3.7733074970615212,4.403488471932073
3.9969070352352625,11.740171532121817
4.2510007033971435,3.1004436857929676
4.313785366937887,0.09904628012560765
4.2982678658658875,-5.947980753325429
3.459325285268396,-8.785533613627436
2.0740808584032155,-7.225911897061733
-2.996856004235267,-6.973850463921696
-3.6387397989403896,-5.247103209055801
-3.8858576222770904,-14.087584417785791
-3.674522292236884,17.70300770346462
-3.560313055076742,-4.992553079756821
-3.8818485034111965,-11.62072154814761
-4.120349244602508,-3.392483842205797
-4.254627925585252,-13.148340040264907
-4.310771988491854,-17.227909091069353
-3.9006867828349807,3.709388039269156
-3.003098189542777,13.459053062818663
-1.0126242195686201,2.7109101379896474
1.8207589322311053,2.4241531390911213
2.5548038107165043,10.159763797684844
2.518309840108361,-13.158116304251974
2.2867353175025413,1.2239324619702805
2.8097500968554296,-5.6607024688514755
1.1528963411623268,1.9901914146461914
1.3650432256971268,-9.148772248370513
-3.286217325880451,-6.8724117423530835
-3.75407229016916,-7.456195004216687
-3.9728319938581045,-4.889730713669174
-4.15795295383115,-14.574852346509944
-3.9250484817619506,17.120076247749
-3.8549361303343237,-4.870212410096585
-4.108662862155662,-11.864151477826894
-4.295005350483822,-2.161271562851318
-4.333567725195859,-1.0000918104125005
-4.210147527571667,12.392963672478414
-3.353351120774688,3.385785319213189
-2.0680549334793077,12.064038663045764
2.6495465636566835,8.867320661338944
2.393799404377206,-0.5729775129532101
-0.15533739813478212,6.590640096979938
-0.28404255475308776,8.980587036600603
3.3103482081216775,-0.0020574042753706556
2.411871876209582,5.495237470969474
3.0563264686870073,10.662574692247047
3.466895101909093,0.7518701329941362
3.5436745015175424,-5.902722320803335
2.3405910323693373,-11.366525855732736
-1.2450057928346918,-0.17526230164627418
-2.036134606039841,2.7451408077129615
1.8949075515759972,-14.73347679569135
1.6362348191320275,17.494455473121484
1.0032750181152186,-4.333062826127665
-3.3859817915541033,-13.174615001835333
-3.7541596500179386,-1.8142647998422659
-3.837161027433813,2.3400204195732286
-3.3111326428124253,-14.316490787859468
-3.640665408229841,-2.7718895463274738
-2.8953701134109866,0.5454099386857886
-1.525356314706039,-9.226470024277251
-2.7587199641255027,-4.977776549778143
-3.230494704153845,-0.8817070658792582
-3.276500110572242,10.553703787341789
-1.6880214700632532,4.713347920516124
2.91247133523326,-1.8542399330776598
1.9638422920290428,-9.822616057366432
-2.7029393530441173,-16.249748475587538
-2.459296338207223,2.221419749930094
0.7427155225738711,1.6198430896065619
2.9107162489831553,-12.647522112944442
0.48925043114815225,-2.220205677461781
-3.2743472328767202,-1.691342337197426
-3.1806319006176365,12.729426383484084
-1.3964100338994405,2.0221649104551735
3.1063670459398542,-0.33404699047581693
2.2378693250421056,10.265547429708176
3.118473866834521,4.6569280853331145
3.5158334519338794,11.426549427084497
3.8779053575221876,3.3384740659347156
3.99668578871384,1.7362175101616029
3.9198484574377144,-13.72835792942975
2.9785956280240864,-3.257203639583843
3.039164307661321,-1.228267915699782
1.868777157158221,8.488008122117627
2.2197610443985636,-14.396517267895128
0.7443076578085482,3.313067654632046
2.843276104684784,8.764437453629334
3.22237142259135,16.369053346335832
2.6451334166711478,-2.0155730732290125
0.19316119014920602,0.40245095691087107
-1.499206501700003,-10.637742664304845
-2.966124498232679,-4.323522903310223
-3.408487922706019,-11.05456710842849
-3.790553662327868,-3.6634177761843785
-3.90949996027964,1.2796186546659984
-3.306023678037351,-10.337178925173463
-3.504566193946355,-16.824481554628434
-2.989510301021149,2.976537921290137
-1.2074468744304314,9.102480613478935
2.8818171558150834,-12.675290841378928
2.5331426106782278,3.867090561428342
3.1519419496698005,10.631494509957566
3.582592911277707,5.175292020290113
3.2643472207990616,-17.805999739298336
3.12443142912362,6.022503453767233
3.6084466256912555,9.666486718873644
3.915704305103174,6.710606696328103
4.1969112034468115,7.666482366037292
4.350271511706052,5.548189877313321
4.519660085315498,11.991673596574117
4.617076293378404,0.12761650161025195
4.110888385965919,-0.8044602543242325
3.615217257835562,11.940343250781634
3.9477636738436575,3.0261618655061584
4.051829134263958,1.8104255301799728
3.961869234444276,-13.9248074829147
3.0348511206024185,-2.242743325617127
3.1007244970893075,-2.229525391109701
1.8626523476829648,0.06893811462028396
2.1381178181791753,-7.350894166747919
-2.0370705137592795,-7.468338374837636
-3.650050932799786,-9.828429718214494
-4.002375089967464,-5.336182241127406
-4.221774068719962,-11.872116986154861
-4.441072499541832,-4.026654562665318
-4.573645715744753,-12.958704866775921
-4.730923255946317,-2.2856751968301623
-4.737816038180866,2.2885195320957465
-4.331542738719413,-11.568153259782553
-4.073139805695776,6.815015601458958
-4.048967004813491,0.6511941486226676
-3.455175413795605,-6.568273223864937
-3.624867886808121,-14.666405332815469
-3.20348398601399,2.6978631923903045
-1.8651614350405403,1.7313742078690533
2.1734017712721423,-13.74542909540441
0.18842926058954812,-1.5702003797686601
-3.235738128531408,1.5793509556198968
-1.9749812308340335,11.66710061822752
3.1470416759257698,3.5643349436369824
3.610342152417895,8.987413402712813
3.8577924845638285,12.275590936274632
3.3281272285643317,-0.32821283323387584
3.3928670763827613,-4.159291378267104
2.0579749961472635,-12.212165404555275
-2.9617680092191434,-2.6327802649702634
-3.5027017534755975,-6.489202177771288
-3.302092424239853,10.34273511627417
-3.1045779067310724,-3.8972981537711258
-2.0458959356145345,6.747776205601772
2.8991110948406846,9.127901292418947
3.562637613838846,-0.574804401322618
2.7467657652773942,3.4382871292600035
2.7615083801531606,-15.06843045601591
2.052563312908428,5.990446044959725
0.750515404576761,-3.2832526578600016
-3.1831521098160667,-5.256949773356508
-2.924813877742512,6.7297835143199505
-0.8268849629686298,2.4131797357990843
3.1027398155568995,-6.002026662572794
2.521894673216091,7.163921718958027
3.1078780650528035,-0.34527446742752776
2.0497564665396264,7.030093543232664
2.8722213806186723,9.269610028348717
3.285123583498494,-0.599797690704114
2.231048578046257,-4.229909979547762
-1.226866355918085,15.435674879028578
-2.0621452958373596,-1.827541098338728
-0.8730254691046159,-1.1505811777738717
-0.10469647918006876,11.104138056267328
2.8797163625734052,8.462450574742405
2.1275436857507817,0.1403392621621614
2.330944051935374,-6.069126200285545
-1.3038435026502033,-10.196128414387761
-3.4891581729941534,0.2455604415975483
-2.658585021955049,-4.698429779803911
-2.93728647154646,-6.123411683139917
-2.6198841364221837,5.638967419456108
0.5795474284729477,5.895063589927834
3.4328614060255815,14.19744361262458
2.96479790442251,-1.9193951506791629
3.0977497417337796,3.0114888849434127
3.1773472742791924,-11.41478158005041
2.7542815409052093,4.0458998505151555
3.130666436148471,-2.025517943084484
1.7846175594151032,-11.153320555782715
-3.122091481466992,-6.541914643827455
-2.5203725646092385,-1.0519653083192115
-2.7492129115604182,2.7991058839329552
-1.4500145130034496,-13.09703979348899
-2.7735692682608044,-0.49905757308874144
-1.5678537977858091,-3.476952956874154
-2.2142814139674964,-6.604068720760117
-2.08830629196873,5.695587414292415
2.567540942900074,1.9708710844417627
3.260938847462376,-10.430250493737503
2.7021876963472433,10.089355400527761
1.844803300131284,-0.2368628817118475
1.4262995584202889,-2.92777508512257
-1.236298191099818,-11.713721237068235
-3.587489294394734,-4.6363533201622165
-3.886360432914426,-12.543161157243102
-4.134237430384341,-2.7725300334380547
-4.230746181571937,-7.943034115358813
-4.057457385887598,13.809240672309455
-3.9745818735848872,-0.6750290403440758
-4.008443344387565,4.255900588071258
-3.1031793199070434,12.16086288541868
-1.163327390523556,2.3370677959155635
3.1838715791076018,3.029900035967926
3.0651498805817523,-11.38536358997907
1.2216295905189085,-0.7061000480342314
-3.053044241739668,5.059032135427135
-1.5013380367716875,12.006104503805535
3.2744120957432763,0.38171627060133184
2.4465212621266343,4.327888156539414
3.011214892917265,13.212576547202755
3.4597428057729553,0.7178280290327959
2.6549868231522256,3.7932006182285876
3.128019855144529,13.48445138001334
3.5563759988428245,1.2957858620661449
3.6547614512988127,-3.9786843723562693
2.622030904644693,-14.432768909249582
0.0012323913859817182,-4.482496451993413
-2.0438347083857593,2.546833842092415
2.106220964301184,-7.744954921531335
2.2117535443243566,6.048543926098988
2.956151331301766,-1.2284193194825508
1.6382313011706735,2.572161272844231
1.8389486618157618,-12.449394128750757
-3.013693451553684,-0.8248942687226888
-3.4022343449457715,4.526350535702349
-2.085054976620998,12.658687760147956
2.7649688611884153,0.8301028874774342
3.3936320341172888,-4.03624264989643
2.0829771109786397,-12.837993985413268
-2.8741437366656792,-1.6826186692988825
-3.431187134664203,2.844948106091895
-2.756243306245427,-14.400128586695608
-3.2068981405954933,-4.867610362818165
-2.289476276917725,3.29834838739819
1.515401154180098,2.6140508501365782
2.7598631063458594,-9.11608592625944
-0.12894735437787136,-4.630105938763158
-3.446859710150746,-13.987435964223732
-3.7244322371511824,-2.2312635544056403
-2.9852339731410686,2.020674500512863
-1.7245399900587417,-12.658217436977164
-2.006023857302861,16.967376414635318
-0.445929179900188,-3.3686906611262795
-2.8896613437557477,-12.534698468878103
-3.2954157342261374,-12.411499766598638
-2.5892645744578804,2.3717147395254052
0.08011797289362682,1.8523857963692953
2.810020059088588,-11.494175841117514
0.06469544756740392,-3.126390787222393
-3.364239004134122,-11.31864672968632
-3.2014250621842772,14.743483788202864
-3.11559686537987,-2.2936970993303216
-3.339870456777054,-2.2822881688586993
-3.19450624187807,11.611179757928806
-1.4887696450605326,1.9156209692086963
3.032111832271624,-1.6066146821796943
2.3085791951450334,12.581500302979695
3.1196945929712547,2.284249503751985
3.35362204273987,2.0085037802464627
3.2328453918279996,-12.453018512646352
1.5726453944867393,-1.7112138733097346
-2.987074565077909,2.4094524286269157
-2.27437183844711,-13.771463117369521
-3.0443594630932624,-0.964498225427858
-2.012551002806394,-3.0127279010236947
-2.483354979569825,-4.584739640591587
-2.3166656795206917,7.4010977322411335
1.9679467874295133,2.71307682936031
3.3208050605219257,-1.0559509351672964
2.6441735674982874,11.597650666178312
3.3085458569116213,4.603161812562364
3.674751124037801,12.58829442891535
3.9509155494309307,1.9106306773960444
4.012230088281312,-1.2157532260682604
3.5479570741006605,12.853592065739395
3.8773761198248176,2.5530824019914173
3.9881434194499565,4.441292692225762
3.8280981562458543,-12.983161792099978
3.3323043153572094,-2.737618346794288
2.8842169712136942,7.621547522092779
3.4428099450632024,9.842197276807212
3.8508966718138073,5.556064342019157
4.107637799778261,11.702171243763106
4.343694895812246,4.6170363298859485
4.515517592791654,12.583481469558194
4.667262238457057,2.75314095731717
4.717269251626055,7.6683290111867235
4.547094299289984,-13.663221605198064
4.465733160529326,0.5104302907868088
3.964059521520332,2.740153149658985
4.153474031381268,12.037920601707347
4.379322088138551,3.9651551189857357
4.518413741756187,13.172697320233302
4.678894276180301,2.1172121129550527
4.684106745894132,-2.915684982810988
4.195700446372983,-1.4557340985257716
3.8308919602914506,10.926332037127901
4.085533015895821,4.787805666177591
4.29459014503443,12.289785681199216
4.447800576097299,1.2629012545168918
4.4439861597049415,-4.92660565635812
3.9234370988614735,-0.8368005226223116
3.4829442564098825,10.966982578544599
3.8455499321163353,5.909663593657497
4.132806090523969,9.412468387928843
4.318920786729719,5.648223279053883
4.512171499824707,10.211219593350293
4.618485980070393,1.1890503014628406
4.593541801108653,-6.48720163660054
4.09800611127331,-4.66223377862418
3.826421672059693,6.319030457593887
4.046034261793795,8.472978817398674
4.300687671393641,5.5906297128996005
4.39431972108655,1.8241126561548286
4.34616215150037,-11.0968123281874
4.007418154585672,15.891042240110904
3.5276018589498155,-2.540117043243457
2.5327898580123436,-5.477008044780871
0.735931041264258,10.196596183703765
2.4657689549694872,1.178684462343301
1.11210464805009,-6.399354304518213
-3.2773734020296197,-14.427499220779897
-2.764842675590773,0.5632442692021034
-2.9103547160233303,1.1885386390134152
-1.6927459258511395,-12.58586825039394
-2.821184816320898,-3.1465444131665743
-2.434316952483478,18.27915851202614
-2.1831410189264115,-6.7293452767546516
-3.2178795438028653,-8.192579631847018
-3.628965176572035,-8.184630164604226
-3.9809488476572015,-5.858230139818813
-4.161690255194514,-7.950516204024803
-4.386656783055811,-6.773083003084491
-4.465772699929155,0.49106422140136347
-3.9850005058641846,-7.292491917429729
-4.1941595909134035,-11.302097447174368
-3.7573484352431166,0.7516171962921789
-3.850272538623048,-5.68133784865622
-3.9746142489031175,-14.44269515493011
-3.600458533014022,2.4795000108815413
-2.6793244359656057,-1.0975589722448056
-2.752559416429467,12.59718143518311
0.06828719209013961,2.6906371893969983
3.333439045831024,-2.7246454429989453
2.1814666358527828,-11.152551247661933
-1.040708927928026,10.52780867223525
-2.2700973342442334,-0.8361832344739664
-2.8548033669435267,6.700430077380227
-0.6926664423380382,11.965341198908732
2.4474666874001927,-3.6434291759510833
2.637805290783985,5.9460194877405455
3.219780667174226,12.494782833832419
3.299972276860636,17.87649415483824
2.672278289664314,-5.363596287858507
-0.6518053074465678,-10.719839833528438
-3.5515596345545544,-3.9865803590842996
-3.8052002192658128,-14.338573653023355
-4.0260293226793,-3.3980529988982395
-3.4082660383949714,1.0320405298808215
-2.565580513002384,-10.730024151148505
-3.182407072787201,-5.9315637471433345
-2.4638286991991243,-1.2495511975271452
-2.806417576124423,-9.246191583087704
-3.2952928865559397,-10.39358599380668
-2.627050779925987,-0.35415973066351947
-2.7988535928085687,4.4408722609205755
-1.154488535068976,-5.700936979728455
-1.2008898011923739,5.96369995464881
3.2835978459011566,5.736247461025818
3.6293136720421257,13.945302683300646
3.2127701366045316,-4.159402684558976
3.3093611343802536,4.695327102272377
3.566930445456932,15.25233303548039
3.1580016697902553,-2.138005196496283
3.216157274955358,-2.3701133129477325
2.0649962620833633,-2.746847600105899
-1.2657707768350406,9.888366009046155
1.2779550519808898,2.7744958253496064
3.3058844869168897,6.104810868122309
3.0588816475504252,-7.425570972591412
1.4221195249404974,0.7599414200049421
1.420673720876541,-5.4915586190939685
-1.8364333377321962,12.908376415347908
-2.103418455657053,-3.1045949582062855
-2.9363620634541086,-2.1987862321762757
-2.9557740855100407,14.316370215496613
-1.1478557313136006,4.832260190008444
1.543923130581755,-1.6991303651819496
-2.3247556692664375,9.985514428007704
-1.8252661736389109,-16.07612163342821
-1.1224498099787847,2.239305161316204
3.180265480652473,1.9730638903725772
3.10118702551157,-12.474032594302608
1.1954279331942879,-1.751090999163982
-3.1402789809653626,2.3221961179999004
-2.369108081970003,-13.575552201437219
-3.0983060824290987,-0.8574157541609632
-2.115161144793124,-3.6391354824406346
-2.7219521100697537,-14.449046918039045
-3.156012061991472,-10.143345411688856
-2.3310736189430927,3.5758493612684106
1.6438272923669701,13.071417403675216
2.747987479761287,-6.191440959575133
2.7625835444099773,-0.02900490036244585
1.4780112992479475,5.631960495218526
2.5734143882714173,9.406635537512436
3.268811722055313,3.8636714811812776
3.55266979342363,14.47583943678821
3.3238132788689017,-14.16663865455213
3.2802022726476823,3.6821639444123546
3.574805345866104,14.13061907494908
3.7762713189105135,11.699461796197216
3.168980353088242,-3.2635240740321345
1.7574558255546078,-11.385696636729
-2.155459417096679,6.856936061831119
-2.400679569749928,0.8553793155528717
-0.5938060181398508,-5.569481124092043
-0.876283435065865,15.523949008469433
1.5204637358392101,-2.0985945672665145
-2.531827792615202,2.301045613515589
-2.0045576031135113,-13.357629437934397
-2.0056233098970195,11.586420324025614
-1.212299591083258,-2.4853764588788687
-2.7497464473727358,-2.822531846790519
-2.634319877486608,10.215313183702342
0.601635266450655,2.211417090288335
3.2926689085437046,-0.2222586446127536
2.4369976722650533,9.64085239816031
3.2161028852026217,5.358754908063835
3.6162215128648785,11.742507655378118
3.9584077786890988,3.9264188636046837
4.141636428495669,12.341696551740613
4.361289720713894,2.8532392282858066
4.397040184578471,-2.5741037212890316
3.8077291627531267,-6.88461657830598
3.463959278076169,7.067367223557262
3.682161163645296,-1.1958432071829068
2.8880407764115015,0.44178018948364794
2.924635609436785,-11.038479871786878
0.33149241260014406,-4.194937072237592
-3.4506726756089336,-11.663352684218182
-3.8210615494897264,-3.22645659901863
-3.9282871126186247,1.5431143788956483
-3.3298619214481824,-10.504303510858628
-3.284066393773289,15.25275877744093
-3.066396550360535,-3.61961273365357
-3.4356511787593793,-11.67703163279278
-3.7763905720688022,-4.817715425278651
-3.158296100490775,-1.7931453454118715
-3.3729480440391555,-8.804298001007616
-3.4277453869936325,2.4711136367991924
-2.969857730446732,-8.188990563841681
-3.470962634341759,-8.268603677310823
-3.8644261986391664,-5.841688105581012
-4.0677232080627075,-8.347849523728584
-4.312310431960401,-6.020592198335795
-4.397463561549468,-0.06014425785240392
-3.878437640500753,-3.8684946594409126
-4.110232028436341,-11.334701682686543
-4.337003373777942,-5.3055124546745285
-4.531818688498561,-10.80499092857397
-4.666385957264032,-3.930279134835108
-4.770897764011152,-14.329765410192174
-4.870808829421368,-3.811968738549143
-4.427437263241626,1.1882120419239874
-3.967656890117261,-10.922049060350615
-4.184963331992506,-7.377646993763091
-3.670257893932795,-0.8315112503512895
-3.7127477499782113,4.71756743615303
-3.151727803970439,-15.57866647379025
-2.6492322611627355,1.2348028833539675
-2.7566765304128134,2.978366704151819
-0.8853643476436677,8.508519073316862
2.5390199575233914,-5.666118541789009
-0.08016126043333019,1.4368207760275544
-1.7087631227543123,-1.0822915386606966
-2.035601648966634,12.504237430467356
2.89225497754907,3.176651155929241
3.556702891304119,10.83978325324097
3.755446117065342,15.609783921009566
3.2290033308463624,-2.252652615488295
1.9875091728132535,-1.993050313688032
-1.6666827306489047,12.15018361463116
0.5948117756156237,2.0243818118945525
3.2962156295957383,-0.03936526842111576
2.3874322813396067,6.046447194043498
3.0843518954955593,8.892943513441585
3.565923853724835,8.315791116006674
3.9399708550331916,6.1331670814975725
4.159362896957327,10.431235925958774
4.401938083615034,4.289960717974445
4.517916672283648,9.936407768330602
4.690523979819219,5.175173762983151
4.7216610364485385,-1.8014123160448112
4.193592709065996,-7.479453464950098
3.816636411360486,14.729854701785397
3.3195767637579734,-0.8243511977348587
2.3168001097443476,4.206242788433891
2.9336898297648335,12.69365308436542
3.4323054337840637,1.452570254660036
3.5447279652499524,-4.230024255788603
2.8173582428944535,13.158546172617603
2.381733447596733,-2.88354875818541
-0.9154901823853541,1.8079263044153913
-1.8705209652427037,-10.672139995967473
-1.9733455972896636,11.57756569951762
-0.8459977725077346,-0.9833703345106154
-2.636203687551896,6.348537043604177
-0.2653043739634153,15.749520055711287
2.3699203617064377,-1.0716216225817343
2.032848462371423,6.210247790000038
0.46361238312304054,-8.959141680870193
-3.543675515842775,-5.5655701934181
-3.8390705696507776,-10.877462243990523
-4.136591649727715,-3.8976332826095272
-4.264798039955073,-8.175563917812918
-4.423549649374762,-12.189091198687104
-3.996444237395844,-0.09552092937456977
-4.012988762689108,3.8695297326156584
-3.413634087586699,-6.965410767791836
-3.098455734249754,5.2605613910577755
-1.4208851033324106,3.4603101753689254
2.9650899442866705,-4.336667285067765
2.407672407036119,7.155233495851765
3.1181090726182177,4.3596213021267145
3.421805016702816,14.889484272999212
3.027386040629031,-2.819454772324942
3.0895585932561156,-1.5888486439584433
1.9410781336242768,7.302097192407601
1.9765513208253096,-10.577485187047982
0.12985452560289312,-0.2028973273186503
-1.890254326565543,-3.561692285617715
-2.831820988977934,15.205312915459583
-2.284374586435039,-3.2202357932441945
-0.9544273903056667,0.684067730073246
3.0010478646977568,-9.700610858021914
1.009039137550741,-4.807767703336736
-3.2914203577502046,1.0217968007083034
-2.3862041900372777,-8.710710558231222
-2.7952904553564992,-14.768077998508872
-2.2696463888502416,3.251097555415031
1.9896486023264108,8.357681276306835
3.333791913951744,14.993729349926017
2.8606855959214017,-3.103636038893466
0.7440769762037278,-7.409665830570821
-3.06306227907928,0.5399585233448922
-2.2046502609308374,-10.819673365461131
-3.1371206538538674,-6.2089856375513275
-3.6226686360775426,-9.306147172630787
-3.9262795235395545,-7.236743236624279
-4.210944627204665,-6.919224184142452
-4.363973477173594,-6.886963360227349
-4.556277697505608,-8.36855034213619
-4.6332427856503,0.11727762403470449
-4.177687991017443,-6.032212776319242
-4.385952335768272,-9.814734034658358
-4.492321026664883,-0.06247812626390986
-4.003917540280701,-5.236018312259278
-4.23095131408867,-10.985490921948301
-4.374139677116956,-0.8127541990865255
-4.363836066157149,5.841417391937023
-3.619664199950807,12.200244375452831
-2.6776415722544447,3.3896159816457065
-2.8376315305446447,-5.600998909552977
-3.2967938643848274,-14.133633070818506
-2.854018315644948,3.6173956206792233
-2.982638892339585,-4.325220478814936
-3.2766018211130588,-12.738642473010088
-2.882464426249446,3.042880116193789
-1.1176319419219127,-2.148255179319827
-1.344973963532021,2.902470924330787
1.1947260075010004,-9.850652874588663
-1.8769644792335425,-2.4771594435170123
-3.2917089826492885,-2.1688488230376297
-3.1326891449907954,10.89298882622964
-1.2796584767894603,3.03284482931548
3.1976158505677135,10.091198874647496
2.990864855468928,-8.386855467585468
2.948398181976869,-0.6761342789657917
1.700361605954506,4.877784678124274
2.0892708550519803,-14.898491295847652
-0.03482404812737708,2.260470440196009
2.60152188334235,-2.6155148713833674
1.2443435119359705,5.761765447753991
1.3657487101526273,-6.834524196668372
-3.2068778108869163,-0.7157499355775979
-3.342501102621228,8.419588921501736
-1.8669497010508909,7.079973258844704
2.744064194881745,-1.205324515079641
2.043503536972929,-5.885773648987311
-1.9800769290789968,16.036232041611974
-2.339480005513631,-1.5149994960072126
-2.8953658181283366,3.8598675641111657
-1.160356276976085,13.09048222842596
2.397209591501984,-3.403801340912159
2.2494244314748557,-0.700716870206155
0.19535984807330786,-10.527240461446436
-3.5219133736118935,-3.911672490328289
-3.719220904900459,-2.4564228944753665
-3.6741805128106133,13.948163607929907
-3.2776960031989795,-13.137218453613233
-2.562147959190065,3.141656125615762
0.47091448899974103,10.91235579829983
2.752626105995586,-8.828152187766783
2.700586280987997,0.012019589000284856
1.3788264389474578,5.441065794073844
2.488647800446988,10.160370588198436
3.2253536877082576,1.8054567566393562
3.3674516523213964,-4.01497783345768
2.783390239068376,11.106133330166337
3.2705615152089798,-0.17169078880488686
2.297350788914069,2.8866375529773256
2.4540944545455687,-14.616738783352407
0.9661856821911767,6.919983858215039
-0.05590614448149234,-2.1432927697020374
-3.130464013146156,5.652966755373252
-2.500066415413066,-8.346344326589817
-3.0946819027015677,0.7738903964529723
-1.9639972525040792,-3.92824754961335
-2.158922072561597,15.032707010810626
0.0657214643381674,-3.9600568418185964
1.7654581348847738,2.884058125045247
2.9853225261008896,-5.318326677794605
2.3149373531851962,6.783876169774471
3.049391433768165,1.9974505499681345
3.184067117511911,-8.122773109562035
2.605433849509771,8.08510254274583
1.9895887050086634,-1.5478687600325465
2.2073301787857242,7.927905728067872
3.148537090516131,7.2024976292896845
3.460258253375729,-0.9733993744176563
2.5809221566643843,3.728839662276279
2.55761816356082,-13.608512252541257
0.14985701117332959,-6.510683860871398
-1.9893098289221265,5.144443847262786
2.8134076420193113,13.589312933159299
3.475991488094582,5.995985146840556
2.6667396908714616,-4.8892952638505225
-0.17780692950123278,-14.595766867263038
-2.8220584555759345,17.24681053201901
-2.690852242015959,-4.78210662348662
-3.302118975592377,-12.12349712876538
-3.672194324319368,-2.1010154244543866
-3.7771152898650304,-0.5444585406157967
-3.7058024197961545,11.570918303546712
-2.4755119976829025,4.084087797581797
1.3598270447701717,12.3361570662993
3.577091978363421,2.786189582358355
3.7134268179021834,-2.1151608425687027
2.999582936556174,7.920013550394998
2.739421006672333,-6.792043284610172
0.7943525654542696,1.128303002754147
-1.0436693948453744,8.272870767719521
3.0031919422874145,16.088746980063625
2.483221294386143,-1.6570622328181353
-0.358700171695408,3.2324393553381157
-1.6553307088147633,-15.029816546978347
-1.842677642735658,8.434223874434238
-1.0354980297742153,-3.4774648398398025
-2.8206404324649315,-11.174605595540768
-2.51593418129234,4.586472623524003
-1.7939253686377838,-16.828509698258415
-0.7894206155442303,6.626769048012589
3.5009669319618757,8.114735696540674
3.817000357302405,7.389157187134914
4.116439310836673,6.72041338803062
4.257706308420465,3.8582735772424708
4.329687572168366,10.741112244554403
4.038670896385439,-3.820961235283593
3.3264725161848663,1.690580959849408
3.403612612639963,-5.818571024398426
2.889646043770161,9.33920547000573
3.2760879946234653,-0.19505804295639578
2.2139553691615976,-5.703550315452581
-1.7828967730436545,-1.469196438554429
-2.750404158571737,9.882736732496568
0.41791657777905505,6.575433784742877
3.585599716184894,8.062853036666123
3.857018231271659,5.6353496345885965
4.104427397439704,11.290782234741233
4.253779133774696,-0.10111665481434695
3.69707403633188,3.7372888248368223
3.710926357292445,-8.31471029326264
3.4154712767906257,4.662682647776105
3.6457143017767053,1.9838327848182868
3.6296370213915043,-12.50157655222103
3.104832696004401,17.080290326845404
2.4842462255527993,-3.402040094339029
-1.0997604443734716,-12.699591599871829
-3.4633914697941544,-6.7642084224800545
-2.7370607803673663,0.32459671674996976
-1.1406774749259776,-5.783213833767418
-2.3565754833610995,-9.106955229633956
-3.2312522685006306,-3.546885716914794
-3.4883604592490456,-12.74753437501564
-3.171267722274506,5.2979842034711115
-3.18868557899084,0.9927365567948907
-2.1502312681937363,-6.775826735001154
-2.3741071644349465,15.314973497268936
-1.3879113018948719,-2.6025885854041135
-2.7870606942556284,-2.0624203917565795
-2.808854987075654,13.835606975752068
-0.34518218334582906,1.1990717088047078
2.023254596345817,3.33370065739981
2.6832708099631373,14.037123789031815
3.2324578750357507,4.57290616937063
2.366412278523594,-0.557751332684653
-0.2441015970732846,8.430931954225958
0.13187641560968438,5.919321796867243
3.2983085442793243,0.11140306350866047
3.372076027546268,-1.5019626267804957
2.1738261190938273,-11.028466416733547
-2.93421793058301,-5.3202557535140205
-3.7119005752482757,-11.392418162516828
-4.0046319996313375,-4.810418484860074
-4.230665909056403,-12.063914141580147
-4.399553669819154,-1.9993346231733469
-4.423765509320857,0.5358842802160404
-4.011820032042792,-11.546898903754707
-4.271291107993434,-4.042177203100135
-4.417116650891307,-12.396711712153765
-4.599223722851307,-2.6992781825001044
-4.619041279072588,2.0376941713754966
-4.1804041484988606,-9.988653697056707
-3.9351223455508446,7.848752970913409
-3.8988508424103454,0.9250835049007675
-3.2148745456034318,-2.3519430570155606
-3.1215195859590086,13.403571681092844
-1.3641147831474438,0.9218873839159096
0.9511827599223163,3.2703452129682704
2.6692982435252555,12.9750242189211
3.36471147239309,2.4444810212611436
3.5547245196884707,2.534838278797545
3.433326621126873,-13.2531428378059
2.116437875941598,-0.8054107109227133
2.1239282436303757,-3.683716714345088
-1.0058551645356901,-13.654865159486816
-3.5223200424200716,-1.3479142398831694
-3.6316044544969377,3.318650750920695
-2.565071547536831,13.21841976024051
1.158848374915502,2.033536976506105
3.3722675383649516,-1.6054183640672757
2.627429308701789,13.688409472380089
3.2497394619964814,1.8195408377594637
3.134623857330139,18.69431827212704
2.4527444124757394,-6.662662686332817
-2.001138083938324,-8.51124199939795
-3.648563470684515,-8.287390259219535
-3.9991370683650462,-5.908138665311537
-4.191108874472788,-9.418478481149169
-4.425079519465117,-4.666793448121101
-4.504632371262661,-3.188829760302189
-4.461193524393832,9.919815699493311
-4.250176397841763,-4.237351822706804
-4.316607881345321,1.3486562449526163
-3.8039153894670683,-8.235751221133548
-3.6638134187919036,15.705731111243079
-3.5531098782682013,-1.5766430455076992
-3.65070850943943,3.599919488511156
-3.0444824885082586,-15.224823359579739
-2.6311841332474404,3.2819339128466933
-2.732050588137196,-0.8117226923328733
-2.905070556763322,10.235510516390422
-0.5788050237338026,4.76191941466452
3.3239966923748483,-1.8226474740967489
2.269599841337827,-4.255641305667141
-0.5763630914251789,10.616659647558821
1.5410105258445443,-0.3143458707708697
1.6886696790425484,3.3234942777624177
2.0768393357296766,-14.406406426177842
-0.42197565989637437,2.93463332042582
-1.7856887869760467,2.1503492638499724
-0.5298363242898945,4.32300816682335
2.6788295330472516,-9.286908593127196
-0.012711984447851016,-0.3171109610583683
-3.201703445485715,3.94889422537791
-1.6835822933341928,11.709605350455481
3.319703540153444,4.3930457967086065
3.715360597040493,13.087255530127566
3.9846502337567307,1.5552812632759898
4.029282786646599,-3.6210835905587673
3.4977670180090317,13.774816912204338
3.111818141383225,-2.7231548540171886
1.9792804475130625,0.9907323282624916
2.4163169778957827,11.1299715562988
3.2665524963507075,3.6241997279284663
3.5316688927599227,4.551143916911518
3.540145771268817,-11.321431547585995
3.264931871314147,3.4691745467056965
3.5058300018772552,1.079670813260981
3.4827043963790927,-12.329655705338784
2.124921319502363,-2.936671735547217
-1.6420757416759237,2.632183391828297
-1.7208449848039098,11.69348580685316
2.641042156954197,-9.482698965429002
2.3439384891591986,4.823094830839531
3.139380996614194,11.579289424948445
3.6194615353058155,3.4113532823107278
3.80064331462427,5.160488202517604
3.781459890417253,-11.182116865830995
3.54386707091034,3.612529160962279
3.735694348331036,3.5609779846086576
3.6933120613317585,-14.217455581386721
3.4575709042237617,2.720641591723589
2.747052212620692,1.7161888424098553
3.0870243943885063,11.622112424066223
3.5752787200345097,3.193420958081468
3.7337335281452715,0.22163624941682225
3.7378301896472395,-7.673026633822715
2.5448348767838556,-6.33037858622767
-1.1296841762951702,-7.433571983326168
-3.5662965858681632,-7.580907737714118
-3.7809686175179404,0.23640601933952443
-3.103154691277086,-6.618478921911111
-3.5299834772487615,-9.2144469227626
-3.764016472166246,0.4487781471301705
-3.0549466507662646,-4.755673225899072
-3.1637793367094145,6.00122722929366
-2.6907857103343025,-5.776074080932787
-3.241069672857622,-6.25109648222341
-3.5966312799625575,-12.355229266531708
-3.365447272207705,17.73816931556948
-3.2343020863951133,-5.285614867949642
-3.6562317007143346,-10.982328924082834
-3.943635170193696,-4.32687881845132
-4.152933650496415,-13.604916817233919
-4.33211850004009,-0.9474234461373814
-3.8035253077926856,-3.5291392036387625
-4.01260733967396,-13.728608153588672
-4.228087031599433,-1.4139535416804012
-4.255366450697223,2.2849938455075205
-3.517907111254896,12.2080920161152
-2.119383828699974,3.240984960516924
2.482887810749161,8.056492037269031
3.326675285872036,11.350839273507422
2.910392184827208,-3.983857700609793
0.7696928330465638,-9.466120023315385
-3.399762967136461,-7.364829993146161
-2.787955629033554,-0.2680265518992707
-3.0373954029431647,-8.155320582720371
-3.463826208438005,-10.035783077918762
-2.8860650104276657,-0.06352585147533896
-3.086477755228881,-5.030796537305552
-3.192707368888209,7.197807435320021
-2.7656584301605647,-5.012377556918896
-3.26036026681286,-6.078648833484378
-3.5654305676385123,-14.89159002939002
-3.079388456880474,0.7915256349104429
-3.1782683215950165,1.934012167462802
-2.1926341930611004,-12.36288311874204
-2.273841194543389,16.66775131090009
-1.6168349394069543,-3.1950419259487606
-2.8888028264080683,-11.738967375155088
-3.0751157834028566,-8.847626477427108
-2.6627798046979527,4.941836421765103
0.5586851856188821,11.532381411026996
3.5758270701520933,3.413144758494179
3.767940221857305,5.602120122073622
3.7718900691447352,-7.6639647106432385
3.4961838310608555,4.857980248064569
3.7466454615024385,7.074321174788792
3.994288986083279,11.566172782657869
3.5455899886242253,-1.5413982110937265
3.651563822172865,5.740089742891766
3.8516739429430946,15.734904464656113
3.422736822432377,-1.2616172383154876
3.463746081884516,-3.1645694867865464
2.2877318521244514,-13.311594952238556
-2.3753450432693475,-1.9916283177721452
-3.424728354421738,2.76958555077228
-2.5917689380663913,-10.955529557946333
-2.278804651298586,4.5142777642296
0.35653962512159215,0.5643314310455545
1.7945610878035225,-9.719853213716306
-3.2338963717934317,-4.524715309236218
-3.6013536576092116,-2.343053027397608
-3.589327357366355,12.700986569210961
-3.2062599822023405,-8.953916009480212
-2.4274297340699946,1.0646507633991948
0.3080295580154904,-7.774237691077866
0.5090778922304278,-15.307140498669021
-2.0481339933981446,0.9790423959662572
1.4037121047449195,-4.491333183589936
1.313650022352061,-13.482869746146815
-3.2947799100874047,-0.7466823138960437
-2.41730423221936,-1.3844364400112195
-2.5620047704590303,12.66855241505166
0.5464775895381058,5.505934147252516
2.222604357884044,0.5500480438585071
2.4549401593118834,-7.637710442970473
-0.9048345206351779,-11.090856983268285
-2.48044818467572,0.2337916294864304
-2.7274350108542085,-4.86387449073429
-2.9408637772487727,6.330100523149557
-2.3424494872196453,-5.4873566118539685
-3.0832141215811824,-6.174569591430423
-3.4668663279147256,-13.372907512763456
-2.9992534608067056,2.452655519682996
-3.136401248495275,-4.601766882611962
-3.3654376255896246,-11.22922868417388
-2.9869089797621924,3.52380564939088
-1.2647409577489166,0.5000602753718967
2.86514415972327,-9.779367580056041
0.7688599474089951,-4.467600557028157
-3.357645715803636,-3.7654921737086755
-3.433855128641961,6.877564193789526
-3.0590290754178877,-5.357010057075744
-3.4177173658113276,-3.3297654947370594
-3.4984360308928872,4.464435395776276
-3.082684855137138,-7.116343631865263
-3.470113265539265,-4.026674047671645
-3.670256934218908,-13.583284347516308
-3.3139413081566333,3.2161507769658737
-3.325042394439868,2.0929248298748737
-2.1365217307860673,11.668206023271328
2.700424190741938,4.260026999623332
2.553015684070478,0.2175964350037991
2.8695875063856318,10.118221055665924
3.4477023850148627,4.242966678468987
3.6580566710022944,1.0247098185033416
3.636742460865387,-11.541996450233793
2.4430355063139557,-3.999905625728657
0.2774406931918929,0.1699875066929324
-1.6197200664945632,10.25228317896268
3.2818979596641022,4.149978237616868
3.601117992987633,2.4305750634646097
3.5771571398938344,-13.442181348084247
3.1680981374279282,11.137899413710809
2.3966422141056376,-2.3312297149531696
-0.9811854843287602,-0.6882128888747765
-2.9267128462250356,11.870533527728801
-0.3343648421950041,4.310546720454014
3.4709825665623133,13.103609186451479
3.8196722337601616,2.1724381514451396
3.9125684124760083,-0.009782980605178562
3.2735852595926027,3.895835513095755
3.6134940949376095,10.614745715946897
3.954049430550464,6.574672245757226
4.232527963041022,8.548090443251152
4.418842659461595,8.103267407499947
4.628208849478833,5.996431566438341
4.736472485136177,8.707166019950309
4.897068956555706,5.394294102301348
4.936014159158395,1.3636598939747993
4.867116070838652,-11.209130775865129
4.305465355403363,-12.173662587968977
4.252351346619427,1.4976796640633494
4.256574093052842,-5.302544095380159
3.8794811908109397,14.33769746966271
3.432257537106843,-0.7799858261804568
3.5167321648166685,0.46125639857208756
3.5155968106579523,-9.881106842100085
2.108302516236245,-4.367625996096498
-2.5737266280971167,-5.279364159481116
-3.3777511408910845,-10.46206729859531
-2.9996884377783988,3.837156457270192
-1.2076823996252937,3.6523328510231727
2.926868918806227,-12.851215361770102
2.512592151842656,3.0453415570849733
3.007491460641492,-2.5477779965200473
1.5374666349559154,-8.871469220645505
-2.3967879092307367,7.520309002113304
-2.2848435384858563,0.4968127933889342
-0.3745789199572114,7.864257541771776
3.3530132630956944,13.285591383450932
2.7614648403955058,-0.20763792291017685
2.8900076701701316,-4.45985039076595
0.9881225886137378,-15.070560989514071
-2.537001437361845,7.618547485010607
-2.607895016966336,-3.500016395331835
-3.050624180856535,-10.631047386430428
-2.7184898245194513,4.436352103193743
-0.8205822899168307,-1.8875093681709332
0.5956947414831921,-10.584590086162844
-3.1243100723374733,-9.324976086824437
-2.411086782935807,-0.08117917696829235
-2.5890278575406573,5.7635939869131905
0.35893652920398417,10.808119155279439
3.455048527324926,-0.1302701933943866
2.607104667537877,4.282281037221407
2.876883850258652,2.643892916902559
2.6715565251631457,-8.54589249631605
-0.6264901954540103,-6.09291032618514
-3.5492600585260066,-9.436678704768148
-3.802166732876175,-1.063118973183927
-3.824937998920483,7.233687804394242
-2.964883167038806,16.17969281259551
-2.7274598687704468,-1.6611288844747392
-3.066383649545526,3.3844523000725566
-1.9517598861632393,-12.740654745200374
-1.6696176987434004,3.2545637655636517
2.767295072025217,-2.0806074014380176
1.8497093277636,-11.886755645767366
-3.161343451378445,-3.377586285010018
-3.5142621573991604,2.379181000812451
-2.500552981633903,10.624745848642052
-0.12348988405558442,-14.93190196442195
0.6191008632108841,3.726185030555102
3.2454589622027266,11.702873775017395
3.650972390595062,4.054108599206807
3.1019654567381854,-4.076849205927533
3.2661679400491423,8.83101944651109
3.7160919511599504,5.230684004862789
3.9264441034038535,7.085208002507781
4.1567255074988205,10.438021704123056
4.114665539134367,18.098642076114494
3.6508545897457463,-5.629149084825119
2.4281310556767304,-10.061613316827962
-1.9169273055587799,-5.0010625585618
-3.589220390408226,-12.005818897634553
-3.8572563757354463,-0.7690002476267217
-3.898344784902931,4.7901078986797305
-2.9407966404555217,12.27299916706024
-0.8493741338918448,0.5436773852861083
1.792529506977461,3.6315623633690928
2.6935366335403956,12.591202909476493
3.3497132823338283,2.866472477127626
3.5776506921047027,8.466013047786895
3.45007174264529,-15.873998879921482
3.3281311562411804,1.7378043779379464
3.4761864484094427,-2.588206062084838
2.838931055880351,13.979022543367593
3.3223605494882587,1.3946778044826234
2.416516526101502,0.5179902463494486
2.582038414326912,-9.955210766960779
-0.931272143900657,-4.410934773222797
-3.449041350186901,-1.1641513366704297
-3.447580682036472,11.876600103264025
-2.1153003991381087,4.4356725368814
-1.6288172451789988,1.912854738504526
0.886449133471095,9.920804996603092
3.3109983425104237,16.14379003738628
2.7244149543143825,-2.162434509441815
0.480433364169218,-1.1147352905535377
-2.873560829954854,12.674440420138081
-0.3060273360171219,2.8719217396401513
3.355217946963449,8.108991209854667
3.2954287528926964,-16.402050464985656
3.1103855776736617,2.4785913555026595
3.3693519368633997,3.1250995860933246
3.2488232178084715,-13.130292029721643
1.7939272512336055,-0.5328081814068111
1.78554356076496,-1.5351439770711837
-0.6975263370212738,13.062878152950912
0.25909801813977623,5.0896670477205745
1.9493552770356208,0.5576515443093619
2.2368025165236634,-7.943897889801321
-1.7531329671222446,-9.636751121744826
-2.8364981482760614,17.463069787054604
-2.7413850738172703,-5.886618955739691
-3.379999403348304,-9.40371040529595
-3.7221160445733057,-5.205109559540151
-3.993732678572211,-11.768412666651804
-4.173994714323559,-0.4268787396713237
-3.6055075128362613,-3.7961905102797155
-3.873681447494895,-12.338017349668332
-4.126232021415817,-3.149125050236133
-4.24885874021541,-11.40805455008612
-4.27076603387211,-12.700684554068268
-3.928663795221611,4.200966218968138
-3.0237868760152304,12.25286695164634
-0.8592632644234199,2.7975911178413355
3.27285080320285,-1.0225547883182955
2.418287073013832,11.990746266021922
3.139497310884832,3.3985394383262095
3.3691916052335165,-2.072538447391745
2.208393131305061,-11.745524888852268
-2.577774678643247,-3.5500522033897726
-3.4604137279101437,2.3380396317099934
-2.392517814397983,11.283607288571323
1.1441459326641503,15.714135934015788
2.3148059274733486,-2.570698243257831
-1.5550758069384258,-5.970276424202771
-2.855135485827863,10.115920292870674
-1.558943880574505,13.194287402357528
0.790972579583959,-6.1056275401968385
-3.1614436983123055,-8.832803983711187
-3.5966996851056763,-3.80397904043208
-3.797955286917321,-14.177737589404408
-3.4910854280928376,6.566848153332196
-3.510176033245088,-1.423109593342223
-3.5504422766945423,8.972864792923659
-2.8230034845007133,-8.826556332144733
-2.4116233644839578,4.674870395567666
1.6974368880254063,10.359541014523778
3.6049126495049078,4.168757132457529
3.770004810399613,-0.4257958450755983
3.113439309902832,8.817534052836995
3.578724639377507,5.415954504225327
3.772940820044146,0.5529492691040331
3.770650608139461,-8.744083789071466
2.636703683456873,-5.510372345255937
-0.14228925895815353,-0.4982228689573669
-3.1386964748731474,8.235274731589334
-1.2794694134592353,5.992111742043613
3.2866189810108013,1.0202961219248894
3.363953308493229,-10.004664197672
1.995238281232168,-7.780054403327826
0.8639985953073095,-1.0031253926105335
-1.1928009616029835,-0.4024545801607067
-2.9386747722608857,10.637731742795985
-0.4044243603349984,4.3260953889080875
3.4456293147784733,11.089551487049132
3.8197742535926413,3.6274602921264907
3.9340816346201155,-1.2357945675844093
3.3424463799739965,10.545215183668457
3.5909397551768807,14.959308545122774
3.022386655500727,-1.9777273304521172
1.5236250627432428,0.67962896073724
1.8110449881184945,-12.023195468201875
-3.036196683751936,-3.6890502205749103
-3.6034366840595498,-11.971159266384362
-3.9141026418445293,-3.8696138361027153
-3.359150082284662,0.22179933455477574
-3.548351230398641,-10.056869157593658
-3.9086507449348273,-4.187250830390354
-4.043280553928425,-3.034162543133605
-3.99899928905592,12.77763108173717
-3.7675313781514603,-3.634539223821422
-3.162335402800948,-0.9546052692552474
-3.399337846566832,-10.712124431836187
-3.7911231499168503,-3.7952208786505097
-3.921866904982509,-0.2767348808645657
-3.911411729204351,7.78481773915657
-2.850354059812817,6.158727130886991
-0.41880285902039033,6.1005005044595
3.412554035831359,12.181994282282083
3.576867350843136,9.446298654410526
2.8420355568252127,-5.875862597653089
0.27102226960798675,-9.855874517292836
-3.440985746408969,-0.8466755248766867
-3.515819147021543,6.633188684394013
-2.3186961056878452,12.007668527546377
-0.681489268640172,-12.27339222951814
0.2745957331728431,5.7837287916597395
3.455342016934944,9.805929219903698
3.7466812354120225,1.9340585263803836
3.8060823039071696,-3.5482728381464153
3.3862193892154915,10.613017338792499
3.68709164700498,0.6019903777103169
3.739418845596068,-5.22344214745932
2.654573819718949,-11.003668948419493
-0.42044569138675864,-1.1879699760298525
-3.2475716970177846,5.851263266834949
-2.1831704229171183,1.9074295561265928
0.46622644436328214,-9.178152475655121
-2.4293190672255216,-6.944656448172101
-3.529286538270284,-7.363923641340045
-3.798834659275935,-5.171978114224204
-4.023153254565977,-13.81663453357438
-4.0758091311002165,-15.400963814476604
-3.553487706092977,5.160348823161269
-2.295073029736224,11.215502681836568
2.2384165837052126,1.892049505421465
3.3738585007306034,-2.041625208438898
2.7349638813829507,12.264929221005017
3.310417815838973,1.783676966204268
3.4600907486878714,-2.3424008445624884
2.8326649618230193,13.315709291343047
3.3490713211588417,0.8617843370524355
2.520357056947248,3.306665945920407
3.012745250684928,12.88791488709883
3.5165871243733595,2.56957239930628
3.685833483493549,4.201892388503205
3.5409421355443116,-13.335237454886427
2.6846383895647397,-13.274457404616099
2.656385910426288,5.354662963433199
3.2948977143709297,10.841320547387042
3.6398657177266407,1.5916723859987036
3.7077600495003633,-4.725779236491028
3.212111800641897,13.44353953463259
2.8120562962898776,-7.218527671702786
2.898257828544915,5.358343951280796
3.380763870458774,12.361470054894292
3.6712299002785302,0.24566128829172185
2.890161486022227,-0.3244664008834547
1.575478730973661,9.145822146220995
2.8192830703945506,5.0483746601789505
3.3248080409775502,8.06061535286216
3.7034694341248064,7.729485624880743
3.8699727097523424,-0.9966903554314266
3.1076005844492807,-5.674562818212955
2.124552515615308,15.874392917113871
1.5915003765741311,-1.7203352438436497
-2.94040354052842,3.475657792145357
-1.9049318669236828,6.691581870483876
1.6465164785844753,-5.679083247366631
-1.463711698584067,-1.9762679114259636
-3.157865214109865,10.88550444912412
-2.5213862069682387,-11.060775329024871
-1.6286239201428852,0.8925752811447062
2.7655373499417957,-6.55675694240583
1.3894339241510412,-13.235983676346365
-2.117840959762476,0.9876390859988735
-2.506458063380675,-2.724186728133028
-2.7252616273054735,14.003204726684999
-1.803611388783504,-7.36338377961083
-0.6752816034595054,1.4998823135246084
3.098666114523303,-8.209791024510581
2.214252413639184,16.476194719300494
1.5548108541085595,-2.15149265263148
-3.048204873506868,-0.45479366438570884
-3.175806684887517,10.92408744471834
-1.2202875507784838,4.204054641455192
3.3400610419426435,10.796278566400641
3.749361062747511,4.130097328003004
3.8752943540059563,-1.926935512723526
3.152617141542317,-1.042734183261179
2.320857586456153,12.139123737987937
3.154281423523578,3.8168962318269024
3.5150527716880964,13.596645407580418
3.837367343177743,2.1122881827374456
3.206693406029215,2.3770925120669637
3.4808823279524677,12.477799813430021
3.839413262342926,2.647773493862344
3.935847737029318,-1.3205893310130978
3.3845948879303585,12.675600785172527
3.7354279973486673,3.7238856358767283
3.0835211038855794,2.0956841293039155
3.310376191663701,8.677196999902147
3.168802615102975,-14.39933692967838
3.0537616637936176,1.0406487587358246
3.234003661865875,-5.316230459314432
1.8566471594076883,-15.241428811337432
-1.4131368485184457,1.4753770404695319
-2.3952758177878355,0.4295744041693201
-0.7288990935118675,-9.43589720330893
-2.428994147321547,-4.676661312684624
-3.1939458070576086,-2.504183986813974
-3.2410449213438866,12.458247471018698
-2.792223869077477,-5.780037131929906
-1.8353169677280825,-0.7096018964197568
-2.1120393246765627,7.274185535067504
1.6345925379177089,16.224471878684795
2.4445163428285883,-2.029617241581138
-0.685304788971498,1.1674606987722633
-1.872920997948668,-13.026667793111177
-2.9654483981561275,-2.219784262442095
-3.247728060069337,2.3701821685549476
-2.2940726950501604,-11.42398679089341
-2.0747307579311345,5.803750308408632
-1.536264998534565,1.3936603043186295
0.7724169418981207,0.9722589355567894
2.9038062128587683,-12.505150791677899
0.33483497300423437,-3.181793658051032
-3.378721769717271,-10.341368111699932
-3.5786743762002717,-16.820765112205127
-3.063571872269923,2.8379552821122087
-1.4583144867513083,8.091165056483295
2.668926665261503,-15.698002096288135
2.5184216091528024,1.4584037018755747
2.9420808729423307,-4.023055027768432
1.6414922768476647,11.904160993586128
1.4133366139310397,-3.372255323286271
-3.150153606698365,0.976680836884385
-2.291254984321901,-10.935245409932111
-3.0257515967976336,-5.903750358003289
-2.24655658763882,-1.483838112927795
-2.6262323728517143,-7.825840067923167
-2.842056754646023,6.788959207921113
-2.2159229410955645,-5.304154235963608
-3.0737937052064863,-9.397428110536794
-3.5658534291649007,-4.877453204961519
-3.7525507372623226,-0.17012279146856177
-3.7809012479525554,5.824089876863993
-2.664005584212908,8.919654888993172
0.709659550636525,6.014636902515492
3.5565209887246114,9.49503805202074
3.8114534525219654,1.3470586056699496
3.84034503876917,-6.7274615049681135
3.2823894877325417,15.270995899653553
2.802945393566894,-2.5925790763790437
0.686518453261979,-1.9992223369866997
-2.8801928606411207,13.783490291159636
-0.6559769802583882,1.2154548147144406
1.9630964867524496,3.2450966960480656
2.6844647878524692,13.49865307790211
3.3198169834619176,1.7840924354492913
3.479395606786834,-3.4483882199523346
2.423206515717313,-13.05393816758169
0.7688389381791916,4.734154736088422
-0.03273309812047134,1.2073203204549643
-1.3884598533302477,-6.335781565077465
-1.9285964955553765,14.282111004192455
0.23212583581529675,-0.4368848874378516
1.8528976091746916,-3.514245114537413
0.41269393763571244,-5.395191060613929
-2.560031339132128,6.3924515980926
0.7126080565964787,3.3396047140205884
3.2609185560146368,1.817694366048734
3.0875699555576612,-10.210110118699294
1.0694021911792757,-5.02418939553309
-3.3962127991696263,-11.924155148662962
-3.7253386846561063,-0.9777982872224478
-3.7781528841924445,5.3097553249866225
-2.8335310416784156,14.974375137877782
-2.403176793782588,-1.9911057358248432
-0.9996822294835566,0.9429020868447983
2.9560370931969624,-11.49055159613158
0.8895705587996702,-3.5484355181438527
-3.2684294120084614,2.307807045861838
-2.145184087904521,7.133781146057412
1.1252889590428257,-8.516045998519704
0.4528219630789764,-15.964521156487873
-1.8404585463787526,6.198226302219162
3.1649513378504754,8.751637062357332
3.6858538032560393,5.4907760208589504
3.9679673669194058,11.241763417670418
4.144287565231349,0.19945187710389745
3.57159795494827,4.775359486001793
3.8529208365055485,12.530439579092741
4.062214336923745,0.3972331484290518
3.4642723424780466,4.206382120985734
3.717562995038215,14.71124408856866
3.797128874618471,17.327744789511897
3.2744328544321224,-4.591464672330975
1.7238228734287315,-12.623885803761985
-3.244501583856968,-1.7718286535501255
-3.4850212905777096,2.2053751619315487
-2.8589024245754513,-13.546035130637275
-3.3666444484614173,-0.9564422658748961
-2.544076144853606,-3.315274810303155
-3.026877209333709,-13.114075671677085
-3.5179956791410647,-2.1693345537747346
-3.657695276821024,0.21099785813501432
-2.9708724444301495,-8.787291557221591
-3.512589266552933,-5.478536120974352
-3.798940296082633,-9.96609122646657
-4.101874572515394,-4.255107147946385
-4.209751929152468,-2.7926266217805717
-4.154472190150501,12.959574789709585
-3.9279306194134955,-4.364824671618004
-3.328682992982766,-1.6898627586340154
-3.4571388273996173,-1.226377291475717
-3.347060509890489,12.318087789925608
-1.769263331925993,3.2587078423588216
3.049718477342708,11.990206327502502
3.4859057361352073,14.832278076235342
2.8759298828255515,-2.6326764383602126
0.9595465367860869,-6.417821856522114
-2.653078365443405,9.329745734597676
-1.0004032281335837,6.989106998883224
1.5989038979596772,-6.918126598632417
-3.159438461628297,-7.710239547121116
-3.611656916584288,-1.8717173494124597
-3.657901664327341,7.071056983173147
-3.239116151720764,-9.414978049658226
-2.7444418549051344,5.478532785184903
-2.8865246208603472,-7.002192245184766
-3.4380662083740536,-7.718664013163321
-3.6968578254878097,-0.9369505386615292
-3.715803259878673,8.385792860723273
-2.6827975309855314,11.119758736727514
-2.468888025412077,0.4005316159296233
-0.8083971513017184,-1.3615774966397778
-0.32435661438485025,13.36157566064636
3.0922809525997716,1.9487762766735037
3.350788398100274,-3.067954985812226
2.3397990325056512,-0.9816806947629562
0.0486008709555249,11.401770608582732
2.524339936702376,5.004697864775741
3.4249482551717856,11.525927845717696
3.760500754369332,2.8346572461747486
3.8996837519115006,8.789254322439971
3.6732816978741925,-9.506692683348795
3.619301625988703,-0.7446520970140319
2.8046038885574855,0.7982008763297637
2.83224153607832,-12.301438839889295
0.03834622300585662,-3.0246134953290404
-3.3833299902017298,-5.86621744645965
-3.3505913828897964,15.513034257665087
-3.129204346648688,-2.204457880534453
-3.3577243383835382,1.5066183588981639
-2.576565361723166,-13.492803039351982
-3.2049541828390256,-2.596719925567191
-2.3501338407161207,-2.522703282437359
-2.7778345749889786,-11.059886434969458
-2.7793367171785976,16.924996073741568
-2.5138310406874442,-3.1063531946715646
-3.089750919808039,-10.59814453868433
-3.283607948437307,-14.437257569185673
-2.8054338991376584,3.7766605882940905
-0.3395749715971879,11.768501784296744
3.464533182246067,3.8582830177493337
3.5910644059488623,0.9348450609747827
2.6670139806328006,-9.759478841595742
-0.8253356333539561,-4.461429352946023
-3.4726428189536054,-4.542457604625694
-3.569393292010306,-1.4436242508227575
-3.3879931139591166,10.130207272770612
-1.8729709333361322,6.140971408995253
3.1942123368597812,8.79457770041943
3.6789477502791867,4.268038748138265
3.897369041202157,14.82062387889031
3.800916357495975,-6.843523383818553
3.5445848652099667,5.770425000702622
3.860035160208154,11.455777821392628
4.150909048539336,4.39094174489809
4.331903446079074,12.811890000716375
4.521174508951242,2.609998078203867
4.566871525339379,3.332241068017211
4.426131238960784,-13.922209610895184
3.777888696341988,-4.048297225132254
3.8307972718584615,4.186117902930567
3.9529640922677944,12.038053606165429
3.620991351416127,-3.3126267478199383
2.7059776516902434,2.0263282447316033
2.912207261663501,-3.254472531557737
2.020730138948924,9.706605836841273
2.9786949002483203,1.7957641024175197
3.177784441851442,-4.650458756465015
2.4959184346274013,10.719981670101276
3.0948282295309038,-0.3406608637485269
1.950637432793535,-0.7956507965257084
-1.7820579394624925,12.136413877065358
-0.09234672569358145,3.0041674804919247
3.354422247264678,3.6838626286590737
3.2986392013412402,-15.203534872677508
2.991442617257814,3.6653863701083904
1.965371883364496,-1.540199481131694
-2.1557273151278915,11.395935085180529
-1.3176519326027512,16.680093975860295
1.9720678593004939,-3.483110225503763
-2.422414130719967,-12.167662730549493
-3.5484401240734025,-5.427310400947293
-2.8526374727034196,-1.2213455657049725
-3.007323878225068,4.672807401540393
-2.109524542284031,-12.663890128410921
-2.3397490882488294,-1.836224505875559
-2.1805653151473665,8.451238739208508
2.8279271591043007,9.043548481146907
3.7449191982189634,6.100972374371866
4.025249615614971,11.254203590305124
4.285004812419933,4.973595565056074
4.473071666830509,12.034082984808883
4.635522876257831,3.8239083940905703
4.74584530678796,13.758131489929362
4.869819928913463,1.9256289826570647
4.4429985867381045,2.8332401781786145
4.552565738198427,13.219110318840599
4.701239510889203,3.0128164394639594
4.251889551739857,2.3181354698555467
4.3328266843818355,9.4628854136974
4.1396274803016855,-12.771951494250152
4.07515607339348,0.9446112475130014
4.086474561768582,-5.844548400925278
3.2899643414973316,-14.909529766909714
3.0894056968188712,0.9762948185349116
2.0455320037984066,1.1959363249051227
2.2826815750443004,-12.219005461078256
-1.9126395649505112,-4.391316996306453
-2.376189561971235,-1.8708320885940808
-2.7434600990908167,-7.702642667274952
-2.701069171975301,14.526911534692701
-2.45651229431805,-0.8312739375010458
-2.8830300053191347,4.543726580056885
-0.8121534806114732,12.718203270521727
3.4078442834135663,0.703556468906921
2.793671420927667,-7.032569531419252
2.9616750850155587,8.936393184780071
3.5388766575401984,5.759433534030847
3.8464662364460493,11.198152137638434
4.1426357398952955,4.131163716541864
4.301588556239845,11.8518983126343
4.502990356133031,3.0929272876374503
4.5344512875719865,-1.7807807465507717
4.0782649799618165,9.66445050243468
3.8602415393127276,-10.653935131188895
3.81078576812476,0.18593409703194297
3.1337195079802487,4.595623813753403
3.530353650243997,11.391123279046381
3.8374955172696494,2.976373706894099
3.9754389457590578,10.185008811113699
3.7489698482641716,-10.255479070456325
3.7068332292649484,0.3040466519701981
3.732471245924862,0.6882742130304096
2.825559277383563,-10.467670362208633
-0.25224106362024334,-5.197683217011501
-3.5530805644812955,-12.020408656071021
-3.9015946338573575,-4.108900944204258
-4.113250928847748,-13.309771674443372
-4.325735069594734,-1.9376385872782835
-4.353089481508484,2.627320845441458
-3.8953908593086615,-13.267685391149797
-3.590940101277335,5.473667352897351
-3.598889518397654,0.4148136951856471
-2.8518894154023995,-7.665394688277496
-3.3625567248462693,-8.085212187584823
-3.6145639949414643,1.0142990970987416
-2.77519849205484,1.1057341575375728
-1.3833755939300056,-12.834748103298486
-2.827190186899599,-2.5944556922943978
-3.2088402890235286,-3.9555208584649098
-3.104922254004759,13.597606889915218
-1.9309879674472719,13.435361160782863
-0.9539702705927604,-5.190545419383428
-3.0498097391970145,-11.30025085889629
-3.485123904028199,-1.3237879011024114
-3.5712561628814816,5.382381404011214
-2.8571341961833774,-12.748975472965988
-2.404840975033796,3.1574052435884497
1.1767339702378752,2.1474028238814484
3.051258045063842,-14.273962401877771
1.4125100172115759,-5.227843283492122
-0.9112585538349094,1.7712325573498786
2.5351390636694147,-9.469667820279707
1.759023614334453,13.418042873638692
0.9941302731092077,-1.1243325981397014
-3.1149122055582468,5.607768653867977
-1.8613593944904796,12.056607033297713
1.4733268754166502,-3.338394450979399
-1.9930635136915245,-2.582939070871741
-3.056310093609328,14.552618942612515
-2.122867694090763,-10.091532124478691
-1.664392495616218,5.138126701536751
3.2758259531490173,12.045968843009545
3.76243531296218,3.8541892276550773
3.9790273075831157,12.765315570866356
4.221305521394819,2.559727840478956
4.26476073163613,-2.8424109076656094
3.586634313771214,-12.236952138771128
3.0491699640891405,16.930783483856157
2.4065210804515003,-3.2404570261464523
-1.406986720823995,-11.952670667134491
-3.337301809303242,-16.497866910815734
-2.7376365565801963,2.9939649306826914
-0.2967069498098146,10.171532771436294
2.859445980805998,-16.134937007763604
2.6797146832822083,2.250040887608705
3.0725804833310146,1.950326503193176
2.97965692755786,-12.433981908752083
0.7935591761054628,-1.822125314955214
-3.207125950251056,2.0599913437650237
-2.445241430761779,-13.23321048971328
-3.155051850688174,-1.153719847276685
-3.3293290722158804,4.258855962527018
-2.007723334742725,14.261493409214864
2.6668213479374083,3.5669457331320795
2.2387311239297314,-2.730603017891232
-1.493258950221804,7.8636037276514354
-2.135092031925753,-5.626572432924696
-2.955491653109024,0.8746588478070043
-1.724944846704823,-7.818070077418222
-2.4512201260565756,-15.724042934032044
-1.9092698455374806,2.69975253044023
2.7886129766015206,4.076966945843937
3.0748628420938138,-14.437946940142721
2.600405440151817,9.568965885300617
1.5178440617788993,-4.834265647075633
-3.252311031254309,-13.350379458617
-3.636218249327063,-0.7622822779947307
-2.8582133303210413,-0.42055370877001425
-2.9382439719859144,9.737861738594058
-0.5029854074448543,4.4627605165141375
3.3906098793924855,4.710181742579619
3.518434210683757,4.416134115005169
3.2432033630903647,-6.718198805392493
1.6774609441901651,-6.247570510885108
-3.210654224359082,-10.840885274974363
-3.5937751429316442,0.17578812979630998
-2.744568410443428,2.936511333789099
-1.1628938509351818,-14.832229264067907
-1.7544627737782401,17.468396396060854
0.6775359458766629,-4.508609210656013
-3.0197016115865862,-12.791860215742936
-3.5789737030550657,-2.2687703184778987
-3.714722307509995,-2.0430967223722942
-3.5803441176460074,12.681668735594037
-2.3610191638474616,1.4923021037755229
0.8542005730991182,-3.893935503659291
1.746471867570755,14.75906965978236
1.526973500741858,-2.247350045712927
-1.1683474934598344,0.49096453793875394
-2.5130928816890767,-10.387052405703551
-3.3464228760219097,-4.216061532602197
-3.6311843724545803,-8.562500346846262
-3.917252232898076,-8.82605145723217
-3.4138648737442376,0.35277694983385316
-3.5594954056750643,-7.324737566260184
-3.8341469036096347,-12.031601950726905
-3.3385983521228892,0.044394739619517676
-3.4568725237623235,-2.5527187552808277
-3.3983730302876096,14.590824113266471
-2.348107728424202,13.069383951201862
-2.144276137783488,-3.954107819336306
-3.0092431914725295,-14.4509274928795
-3.3743173985373276,-7.27434445556982
-2.581823627028809,3.002216776196342
0.12122222034971492,3.917646499502653
2.6851870266322497,-8.124195551496069
-0.2537471636507103,-2.8136990731837637
-3.254681186420931,-1.2669980534697602
-3.129431984702641,11.41522923004864
-1.1476970263720832,4.456784879815426
3.374195289613197,13.082473803576448
3.7350935702325816,1.3664674580945104
3.8020742968801082,-4.301045848418717
3.039274758820704,-6.095381851513899
2.4844899304899104,5.65173821931224
3.1287726452382967,4.841517970338763
3.411302365245546,14.984165938783745
2.984275347352145,-2.100939897790159
1.8090392623792835,0.3475196733984469
2.1711061628837043,10.753161424935707
3.234989161457271,4.044378157292235
3.55066597281255,8.982321547947725
3.857388306526103,8.103724688252848
3.334068300762709,-0.1200734670138568
3.4974458438970393,7.892964276435174
3.8050581574679514,9.971244465322105
3.308259893645419,-1.065808652659883
3.4538640212552654,6.847730926321837
3.749282244854346,12.473279323651157
3.2654619933247266,-0.7802190396924251
3.393940813145721,4.083399355122118
3.437296716042544,-9.42094027763035
3.110395658159946,4.187024059074874
3.4202973968612467,2.1407880841755422
3.4147612351166283,-13.294641242384067
2.7866180635189184,17.03021541351864
2.1403919439621326,-3.8943310444275934
-2.6018685682935185,-13.326984200763983
-3.620163048054048,-2.0884993645035115
-3.729571416174549,3.1495076710083683
-2.7938653817605728,13.657926074895837
-0.8956777225623602,15.016223942792763
2.0375369372495102,-3.399958131535524
-2.473590654742346,-13.229801936196004
-3.246876527820401,-10.50349450756056
-2.8207929337076627,4.7731691216278875
-0.19180296038630076,12.136819690878477
3.533039818401352,3.2543505907873236
3.740364933717532,7.589702525728262
3.8179781147298666,9.16506022593785
3.477181797574935,-4.48149456928895
2.267235206728955,-9.239516042483608
-2.350216101183523,-6.340232628520484
-3.459738173612295,0.8462463325006868
-2.4480582109292484,8.946853132585401
1.3997134500852635,8.852975691121106
2.466394395662789,0.527888506564437
2.749533909817962,5.827960652765137
2.9475813273399605,-5.929796295491174
2.35602550821872,5.635720917303521
3.107631651240841,7.680100929974921
3.5586517630730246,7.666776829346199
3.7647825302934095,-0.9877472827162309
3.0248507653763763,2.1785223898241703
2.949072636105434,-13.259407210893995
0.7980578249696426,-1.0049795537963124
-3.185608964079717,3.6375040060352064
-1.744484308363567,13.070249247493594
3.2488233791551395,2.0099768506556233
3.510180040384899,-0.7837340180368748
2.8271538901887645,12.23405883983737
3.4113086816134945,3.1235911952939004
3.6348407764821467,6.682554216345675
3.627911327359953,-10.357210057178676
3.3721885218052687,4.05361987064593
3.641548270175797,8.006219774796461
3.8987633384046454,11.693384785312626
3.3925977598789006,0.2698839753215587
3.482540735297846,-1.1724888115670802
2.7873038571040483,13.058984684114828
3.364645066084432,2.2083915436550146
3.5296200277008496,-2.4339045106473374
2.767976586528127,11.486726142590095
2.4796528649620595,-5.757979963848039
2.365459505098483,-1.5399267357154343
0.27050201624256054,-4.319694077476006
-2.799418374963261,11.82745463298169
-0.8104789650474715,0.657454546708522
1.4937766252284403,-3.9210196463181233
-2.5745708514731076,11.729342720745285
-2.306359868230651,-3.3401556255407594
-2.953988486144574,1.3153013259932518
-1.732415931215656,-11.054369926329354
-2.5545641810510906,-15.330781091880503
-1.7950448133898347,2.3169730331276455
2.853122328656951,2.587199744571171
2.9839993934751794,-11.525143423432615
0.8878793422627953,-1.4213949995561461
-3.1577058355994425,4.7797159611549604
-2.289116086454673,-15.709156446560485
-1.7758642071846151,1.4444469772518538
-0.7079963699461967,2.5658487245112727
1.8710797139642232,12.563513694912047
3.5106227800264302,2.736888582099004
3.6839019892505513,2.930761581605511
3.5763141105725893,-14.284690148890524
2.514898643138482,-3.6025860341410936
2.6385390191851075,2.844816852751868
2.9144338953910216,-6.457435664661876
2.208616872582301,6.129065296852604
2.9875189720188153,0.7516777316706722
3.1102506469595226,-9.067759188109338
1.272778479469793,-6.179575269504253
-3.22696198677719,1.5040142465551811
-2.156148255086028,6.283710386845948
1.4664925819722017,-14.859113826564828
2.249709905146597,0.6306879299528004
1.0312198481809718,3.9468912976844424
1.8119134011576594,13.926607894417883
3.1394864372057647,1.236298046829397
2.1745318590831824,2.852650641923775
2.588979293815476,4.262430658155448
2.4135850713553717,-7.794866272448508
-1.5501286963687007,-2.5176961984880375
-3.2932043862348235,2.7326533624359417
-2.707276294238121,-9.710398948741974
-3.2814781909477286,-3.19504647871711
-3.5118444546700514,-10.80274407021888
-3.221248720866325,6.050130559184535
-3.1987676710225608,1.4695331999024073
-2.0189039886278852,6.132585735712752
1.9393978862966685,-14.757921346009306
2.3104189858710544,0.5520921974706576
0.9405712074728219,3.929398744234631
1.6523273428556882,14.765823343525442
2.266125699069672,-11.805858388122823
2.032904160607017,3.422719002103003
2.9166780164923605,12.803704696831973
2.6607894164684147,-7.775147579858587
2.639664970862297,0.5225821237671376
2.9133581858232027,-6.805484328114989
0.6642946130941776,-8.226480373521843
-3.3874037335254896,-0.32590556904404866
-3.480165391305063,5.131478166334328
-2.156000646035103,10.346311864437652
2.7489393773311153,3.691668941189686
3.541761006474833,14.10059931802753
3.521991476045377,-1.4521865985709583
3.0564884964877366,9.059437699665127
3.548854302709831,8.282315263647293
3.9284054601628986,6.2981752594568885
4.157571029687828,10.632398686646434
4.400627603936703,4.462700609522434
4.5364187144923225,11.811007719541834
4.710773935672057,3.075023521338043
4.740538116569739,0.8876351570257681
4.6533646668809885,-12.105504787147101
3.9570006314684147,-2.8934710186860104
3.2174203830052535,0.7566970632595922
3.2289163400524736,-11.286622020465924
1.4904576982808488,-3.431455272333554
-3.1423561280815004,0.9946730576605101
-2.291196026263768,-10.881807474622043
-3.0176927284877917,-6.213704908780673
-2.218230066715769,-1.403058634404996
-2.5690766235952305,-4.080467182890037
-2.5584379983125554,12.409069729987754
0.1060298513819401,1.2699953614846864
1.9332284824325119,-3.9589743463537133
-2.4199931462450253,5.937684525925118
-2.271752573903458,-5.781006804212209
-3.0489666680036747,-4.420280044602003
-3.3202687501600217,-12.605052851300483
-2.927778944423911,3.0633544950728098
-1.2195819871399112,-1.9228443987774657
-1.5113988012211925,8.762032880073846
1.5496713459597187,-8.40599626456863
1.9606891944473785,-0.8073979393475763
0.12903547270514365,-5.436003430489176
-2.9872830468088876,15.096366069740517
-2.6596158756483175,-2.227801897896737
-3.065171135821375,2.1310604172484924
-1.9913950729711687,-13.345986307695302
-2.1342416009402054,16.78942351246273
-1.1510494065316457,-3.545385330757561
-2.90959585344828,-13.451067045656108
-3.365459868309075,-5.9050879512926535
-2.58285887754358,0.5793056263628178
-0.5480363992608992,-7.886142702965948
-1.932855513257343,-6.8928420889749376
-3.172798993868525,0.4850436963368918
-2.1538377656240804,-7.069463967497924
-2.8624778920225404,-12.238177021540158
-2.2655766078220223,0.4041278913651971
-2.5050901009417963,-3.144046829367235
-2.700526835564325,14.645451436460663
-1.8840702836549594,-4.665542072325845
-0.6395762705516712,0.5576912191939659
3.0698368999596095,-8.341321927843254
1.1577095427724682,-6.132505215405702
-3.301140657328538,-0.07607247813278703
-2.4680625901090405,-3.4191205008652297
-2.986774465338874,-11.437919466209035
-3.5275275765924983,-5.206315313979029
-3.8648502922928176,-11.13777760372225
-4.106292749249277,-4.003030528499232
-4.276147213305221,-14.147977074008727
-4.439123049018923,-1.880076721949412
-3.925899216161642,-1.560708668016533
-3.907489046208752,10.184079207280735
-3.4750602084490727,-15.86028301533095
-2.9037430504553208,2.245572337771857
-1.1192694763025424,1.9094209708396046
2.724035227476799,-12.390476264310555
0.07009112048768057,-1.9096155723793955
-3.27822673847508,1.1616413518761903
-2.514586551602819,-12.840592733420443
-3.22769777643381,-2.634735230685956
-3.4690164922305935,-5.162110313586805
-3.334381456567649,13.71744633337056
-3.1410039088567685,-1.410383512720157
-2.0855378411382306,3.1438002514094503
1.9873946835473197,-11.885283514131856
2.24700011229217,3.6570158100056513
2.9077022040327267,-2.3165594433697314
1.289328494824557,-11.10066108510898
-3.081681719853959,-16.68160246076095
-2.553417278626148,3.392215069235714
0.7600548379311463,11.718904113051101
3.460750632063712,7.164215752031852
2.760837190176122,0.48317793604797454
2.897644599404871,-6.680332363656293
0.9735771213442006,-14.829302931054922
-2.2427956063812258,0.6271993022192858
-2.4415629301973514,3.6005226664339807
0.21255024585027182,13.105135746293396
2.600808151812886,-4.1374970654183105
2.5959634724877314,-1.8977530153025062
0.6656433765837784,-5.629849794348944
-2.722318181378769,10.426618025976099
-1.034505912938553,5.664170743651542
1.5225548148551096,-6.610932840238791
-3.134780639344141,-8.690116717383752
-3.584546361602788,-0.057988079780261007
-2.815975302637387,-5.129023415793018
-3.3201118033326384,-10.540474167741328
-3.6657937955483293,-2.5427016265051567
-3.783178287520879,-4.1628321245090785
-3.566102113598582,8.963444386075528
-2.440757660334056,0.8010778320437516
0.1320169888871123,-7.08052343905076
0.20259369877390634,-11.05748345072405
-2.3917527924049033,9.172863443042727
-2.4515689701198182,-6.210941184489496
-3.230408661668385,-8.959245229954767
-3.571811716692217,-1.6268326767804515
-3.6298755600085983,6.510160154383416
-3.1309104030282873,-13.060960979036931
-2.5234236224101663,0.04621022524134011
-2.714330146400634,1.3850173538721107
-1.2456051918535682,-13.310997087295126
-2.71364085371934,-2.1958929836856185
-3.0694929825989266,1.941695208052553
-1.6273902497452506,11.957660808852893
3.3305491486745744,3.04085397091663
3.5938253258707924,2.4422798405562465
3.5194893022758786,-14.485181157699099
2.443361358168649,-6.745121796725375
2.4723601749018655,2.9634328013108675
2.914603470912178,2.361776544915693
2.7526904247103525,-9.757644647287716
-0.18401929258826674,-4.152671933175932
-3.4286191034889644,-14.582178437650235
-3.6650510771927785,-8.665201316256054
-2.9784003202021356,3.818902281168778
-1.2018985215250821,13.89882578050499
2.4591011979058415,-5.241595581613165
2.5410410363102844,0.09782475425570655
1.6718712665178033,-4.800811831119077
1.3228673376717561,9.601896828878157
3.2287305011385925,5.954432419644704
3.65423630386943,11.339571052505914
3.9868069179758296,5.247338316225429
4.231344952024885,11.200597514023203
4.41770007338245,4.460768530716543
4.573287018833995,13.130918347879316
4.699401866857801,1.0742808735238016
4.686615722937767,-4.347558910201399
4.058594768253348,-13.927149582508905
3.232930981224174,-1.5503793254975147
3.3256769615127264,0.6664116150748105
3.34566362246297,-10.561119387145936
1.766440268192231,-3.9082850888245035
-2.998502993688157,-0.5743695873076764
-3.2592605319458388,9.864927648761626
-1.5512051024632816,4.413707603876834
3.1710464602439083,1.16594323072289
3.2807875072817616,-11.861030201473195
1.7574586347195744,-4.508063497902237
-0.09111946330870531,-1.8428694841760478
-2.3955417728097657,-9.879013092773832
-3.1792128126414854,-15.217440867251154
-2.538358452967355,1.8268401620789883
0.20270470182887879,-1.9694068407578307
1.6823698859684357,13.02052853133407
2.985067516789138,1.4526237877694244
3.2171806604495714,-3.9770963646209863
2.175378741330126,6.810134587375443
1.9241615058346861,-5.350598410419728
-2.918637754685409,-3.702528523849337
-3.363203431593746,-0.02612211806160588
-3.423417046733353,6.186422876329344
-1.9698854757068562,8.97192164195172
3.176194198047389,8.57482853677803
3.787270348576052,6.509067065141453
4.062597945796421,10.91448561943482
4.319596700365639,5.272925709085215
4.509845591026304,11.582221854201407
4.6705793033559475,4.654484137369857
4.8091474791169615,12.454720382366116
4.915226291325012,1.9267362591442936
4.909776941170823,-1.0937823641764435
4.589500624912272,12.747862247260338
4.741424068111155,2.789177320381813
4.786716909274028,6.928993220652689
4.643428181361527,-15.597038971533223
4.542502414282855,1.1763972006465424
4.537274411446498,-4.464912633495974
3.9040997959668666,-15.165601791373774
3.682253527079243,4.865984557462104
2.9665989682803415,-2.3134736143766013
1.5578540446287374,8.454302871815266
1.5897895236063933,-6.564493794543379
-2.8497136579712845,-1.814706138182669
-2.0192010221379886,8.55840592438843
3.028136552188754,5.694408085918713
3.575568179635287,0.8500181256205537
3.5875134075646233,-9.752568439502951
2.359494391920327,-5.794246235163617
-0.37433605130457365,0.623823536194184
-1.7720597985777702,9.54248444007725
3.1817954123165255,5.507314620164309
3.5473609012950433,-1.6693625298778763
2.6256238118795396,-5.1633720545156345
1.0080510950225134,11.870105923630499
1.7431605399125216,-13.656772280289179
-0.96934180672203,5.4150442300988395
3.004463597445916,11.402777526055733
3.640610537753559,5.0011571906326875
3.9429604594745546,11.509153824264681
4.160430276284877,2.8296405146337373
4.250230995560979,8.68707349850205
4.025547735267414,-9.083943700385483
3.9723915914621135,-0.8143920784643028
3.2887731427771376,-1.069208302541681
2.4888186135056154,12.858926363125196
3.215439077927832,2.57199529772637
3.4487282377522877,2.597158051519889
3.3459764676226125,-13.740894453218873
1.9782516000844588,-0.9677066957170983
2.0372815091501906,-1.8545245282829734
-0.4639189180114508,11.854569434070633
-1.0237622420303216,-16.46721214011928
-1.151425053237456,2.9222801964643472
3.2207922329247847,9.508361671477495
3.1057854228945496,-14.359967173189085
3.001624032797204,1.5288068394610774
3.2115052252302223,-4.1840131015040125
2.381767053856339,15.267678359233658
1.9392318449767225,-2.0308527219000414
1.91357345622833,0.5511517288632672
2.5761969340130215,-9.737963750674846
-0.9387840765765463,-4.515308475205461
-3.4562975434002134,-1.773987447630999
-3.453084539273356,12.697565607981048
-2.4547660620314304,16.825367170464116
-2.053489445045743,-3.319844675709972
-2.9623883015892583,-12.49781185392381
-3.294291904909844,-14.524049259865233
-2.6272124691374765,2.769171799075189
0.07939883464467754,7.68866746317965
2.7349041875428557,-8.643913950512822
2.441528267446453,1.5239379228852568
0.8359656078032283,-7.667637519944053
-3.4160339830743736,-8.144967845303086
-3.6569286157611445,1.0389680612097054
-2.8174856002295754,3.5224157281768296
-1.5373163489595179,-13.778214703989102
-2.570701927233422,-6.5228111781427875
-1.4118109344426892,4.822909116358558
3.239510633442079,14.567812554723016
3.1517574775513473,-15.762396667548103
2.940949618013136,4.965378484079606
3.4541335501970756,11.981991691921499
3.807302767137826,3.7607961195091013
4.013482246780744,13.800130378552028
4.227442728344641,2.4048336717173697
3.6803366076989064,2.3311972268327823
3.7804671066427606,4.2500934487551945
3.5569764516797444,-8.6049469007188
2.4250473325818276,-1.0222805476002834
-0.29664755081352523,7.8135055164625244
-0.4931552580887158,14.875780402707319
2.0503208810759217,-0.7774269223525977
-0.8601282432572392,3.599320056389748
-1.4077531582505556,12.57205965989391
3.367797180077381,2.8763447077790754
3.6165649728357994,8.6760464468113
3.50541475255663,-16.494396607957583
3.368571358266988,2.1846586307755844
3.539112305040218,1.110420565030302
3.4524342882696635,-12.773761358216452
2.009720573268086,-2.7906666733420846
-2.6457010826248584,-6.24449920367065
-3.052789237817616,15.127420740721082
-2.8593249640821146,-0.7513502130638516
-1.7988868168590482,-3.625690696926271
-2.545249947481923,-12.945138632084449
-3.280542047188598,-2.250407287903222
-3.4764687462367254,-1.5699515219448616
-3.375825642680586,12.997334329067368
-1.8868808738166667,1.9748698844036272
2.678119146989139,-1.0644723277765922
2.1709654603466118,12.836089770186584
3.07491919616167,2.6165023728981374
3.3549254403472695,3.2946781461961474
3.2487578730632123,-13.749310845914392
1.9013396773256055,-2.2920796142622235
1.8746345582235726,2.988758605771107
2.631432824807242,-9.587845501432675
1.6310147778585902,4.63885503095741
2.7820117068810166,-1.6154621622328884
1.2283571827683155,2.1930993285042035
1.4743344942742667,-11.637158070035104
-3.1903195258573995,-2.0303787147938133
-3.452192705749056,0.41037692427263794
-2.722961287720063,-10.97522752576328
-3.3699183426606005,-4.440883299109453
-3.6946890406724826,-12.295621161929946
-4.007756309785413,-2.8702430331835815
-4.104281213500525,-2.464851374130916
-3.9953758922233478,14.379800048540453
-3.1485081184932806,3.609535747839627
-3.2287948687889654,-1.9039918707958037
-3.2844957207631014,11.274469794885473
-2.6616410279617444,-14.42352042721463
-1.8584215452212072,2.2215683747313544
2.7452708943158473,1.2908300188384203
3.0134565579558115,-12.345442039007747
0.7890619003911463,-3.0786416584312333
-3.321477350336441,-10.834061444808556
-3.377424459596799,1.420123412817616
-2.840204492456614,-9.41917207707892
-3.4186229653048343,-7.697449507139597
-3.829486757517411,-6.657414335339296
-4.065167396354157,-9.396032801326625
-4.325282996612765,-4.755571400026673
-4.439428771594762,-7.320301847497138
-4.594857073723039,-10.97806222078172
-4.210858194523867,1.7061670277619814
-4.267913225894342,-6.211801366246259
-4.419095451424972,-14.050708782999113
-4.033225455491594,0.8165374916644441
-4.073476529685924,-1.2048193697304994
-4.003108656855988,12.756161940837906
-3.050714098474238,2.6745727353883653
-1.6939148496390486,-2.7607042882511736
-2.338983853485847,-12.938717027591581
-3.0921249669711277,-6.42184233283429
-2.2302971477322218,0.29176449972366497
0.4335569790020595,-5.657287527266869
0.7863609334323829,-9.444312353630322
-3.3966402706961714,-4.184923799274774
-3.684032662142243,-14.61512154348521
-3.855648708253652,-10.47304837932035
-3.2423650795430947,3.99198717663458
-1.8386608856152975,14.651446090338267
2.2224271755904446,-16.954036284815633
2.423630564937194,4.206269380166995
3.155340111073949,13.531067547575365
3.5748768584651396,1.3080696038258752
3.6713788589035707,-3.9334538128520937
2.6318204138728754,-14.033209351243789
-0.28995154168654774,-1.4172040423553196
-2.079527706767904,-1.6956625280706463
-2.3704841573618753,10.83561146091992
0.05173439401598359,-16.061575448717775
1.1516580008238377,2.5263896938744947
3.120432339375661,5.454093694050693
2.952584047632354,-10.64814892120787
1.4637591933697927,-2.976235198637722
0.21526213361936414,6.528313802280918
3.067315991557791,10.847821490676976
3.407693570805813,0.9740335972131069
2.456602978716166,-5.860513597469868
-0.9858537320341603,-15.791989802017191
-2.4830317850182415,1.599998919434539
-0.0799318737539004,-3.549356673080021
1.0267299791760651,-14.252781837364953
-3.2436121609295157,-3.3898221065544076
-2.398287176740544,0.30170601367932115
-0.09348105044826813,-7.190246229497809
-0.4482258093978189,-6.8873342191107145
-3.3267890675702585,-4.53378669947454
-3.5833493990774197,-15.114046161094437
-3.1884916815290416,2.5077523040083043
-3.245651266407832,1.734032369287212
-2.2358392295037937,-7.163049655387759
-2.1524184544522207,9.316906770914755
-0.5434672414913303,-4.7976003557995535
0.9161057076751858,7.11741329346812
3.4541534459326786,7.6767681178879394
3.707539075733907,0.7325422188885132
3.7277513562959173,-7.8450965285122125
2.632164851423199,-8.400884568486212
0.4416948272915148,0.22619531333721943
-1.6236519012821353,7.408292803235986
3.017287497874046,14.258670903739539
2.5818693726997677,-0.48035976784891254
2.714542814383092,-4.1165043651117115
0.41558780051839084,-14.400965766553671
-3.3656723003408313,-3.9229183808307484
-2.515343336864585,2.4729344252211085
0.11689752935932346,-8.965609459022891
1.2404474300301982,5.685723161046752
2.9585267221893,-1.5060489606702385
1.5192139888326348,-9.29124255569961
-3.150093086359025,-13.862810286088294
-2.5700131382754283,1.0756595591530986
-0.2658936101324498,-5.476982800795573
-0.09292105858218894,-15.502750768537163
-2.034438799014822,1.7837932509717023
1.618166399371894,-3.3228173123408546
1.5678485576174146,-13.963437776640225
-3.2420118279832355,-2.553132173090138
-2.4638895736782476,-1.6487731597813564
-2.679723591225794,7.647000738702773
-1.409597837809295,-10.109579004777148
-0.9752830698789865,-0.4261324491698987
0.6626797230549714,-3.4845579646837233
-2.5457769582838026,15.0695483853767
-1.7847933754800953,-6.656208304508604
-0.5244558942217055,3.412340617837037
3.2263000606649292,8.275496717999363
2.9217204635665346,-5.119033065215143
1.06872233416248,0.7647601825500934
0.3140952738734951,-8.690613728303004
-2.827120392658158,-11.32995005932481
-2.243099974419275,-0.20642769680986406
-2.456689276621114,4.104792578375956
-0.042327167066317894,-6.330870167670524
0.9884275383634606,5.577333866984494
3.1128337874835705,4.671637605585074
3.3715943688826013,13.154645932231366
2.975413075955944,-2.83683561476522
1.3907732124315129,2.2786010187691588
1.8781687673162912,-3.0308639221547704
-0.7962993657671333,9.586070903543858
1.9475811087442345,2.533097845899952
3.2454900193294907,2.3760054961564183
3.078582038910641,-10.537637467636213
1.1319102728938906,-2.986642877563951
-3.214794760866628,-9.311516779878982
-2.9757144439469045,7.070482201151081
-2.8826616619428997,0.781634591926225
-1.4296345005218227,8.148162208673307
3.2075967052482763,13.29710117162462
2.639150647122108,-0.2951885252930247
2.7739952806757056,-4.511393832317476
0.5092688069381268,-13.47312341218886
-3.40653774977454,-0.7602125450340926
-2.540499328003262,-1.468948625953979
-2.6586550062912178,12.724788884249055
0.08797929200195702,5.82362771764619
2.173804121002482,0.29841412053405647
2.4077840058095576,-7.1736505892733895
-1.2611692973106878,-8.08164565216073
-3.4776230110337,0.4696197474594729
-2.647128718009559,-6.088031147289716
-3.045777418102832,-15.930554692628409
-2.5212359228870302,1.6777983124418283
0.00875140713492922,-3.4631236643805408
1.1742559139630726,-7.818114464211217
-2.223483434251825,5.2115173290410395
1.2739789608759853,0.49810824659578773
3.18228838225926,-8.489018237212557
1.3714226520624113,-5.610243348203298
-3.2624383353254007,-1.4588306620906155
-3.3436626048026485,11.071819023193678
-2.205532153196504,16.22897099495473
-1.3425173641691053,-2.6710552898415294
-2.8103069764317983,-6.935202953573124
-2.6830183818673294,10.7390119255357
-2.393782551815797,0.013543207012220115
-0.6703751875297159,4.572570936464945
3.0139360139362554,-11.755243222189108
2.607720972827512,3.3447165186528536
3.097214432466023,0.7713408559892228
3.1382609598564204,-11.375821699209123
1.2188852224742366,-3.3245883132218865
-3.2344966593892956,0.08725745035906278
-2.3334801815704354,-6.407160041207174
-3.080534896529534,-8.013136160312683
-3.5226691764480824,-7.206741135154006
-3.883761685399324,-7.02049269148414
-4.05809131170424,-2.970207558572407
-4.09841542178488,-0.469469543703555
-3.993498067427753,11.291381221165636
-2.9787958336716986,5.0482448725814475
-0.7381319265367607,11.870273663848264
3.4861787853073753,4.07518280660167
3.7789691813978266,13.64929977802535
4.039074355238189,1.4506513915537338
4.082690470537589,-3.522651498700589
3.2645651261367674,-13.749623176098906
1.6827883983342662,-1.5066889476216745
-2.401410032669814,1.458387147676083
-1.764683111804253,11.56064674950769
3.2994532647651162,3.7547868421825292
3.6580431561051507,10.509433937539153
3.9496004382735985,5.997167482502886
3.398192599140765,1.1797897035268843
3.574149115443121,8.898805354945065
3.8312737925188087,12.191642684735063
3.300283003694441,-0.14587576871185837
3.3658085422664015,-4.869265004467863
2.0314907301673197,-13.085819936525724
-2.6849681820568962,-0.699441171369859
-2.2314505371099433,-0.15336749081468343
-2.4520289987652912,7.426765625679485
1.3213177799220146,6.718443504935239
3.5667147159597983,7.645219606454901
3.9097641767605307,6.776609894186955
4.060478632662588,0.8094492272708478
4.0420340282873415,-8.786993487373012
3.128490490721397,-7.380183976485478
2.031140153439136,-5.39250733972565
2.0618101906760424,7.651821539408257
3.172042412332185,6.449072162105008
3.508362125767103,2.752165048448577
3.5818919449752493,-4.384645624802605
3.1727061302130157,7.660795560636487
3.5230836992497543,2.5751950089443048
3.616013512229895,-1.701981643430636
3.1162248095033553,10.980884853253608
3.5550405345430907,4.058011638478428
3.817218307349689,14.134321903568518
4.051229589699991,1.7561133616315745
3.4452392301262327,1.6609768236757532
3.46875261277538,-10.166017018176401
2.9317671330701773,13.924267886876848
2.196977078279561,-1.5935328197505891
-1.6439142873733346,3.976057306279629
-2.014314418510417,-13.847692302625369
-2.2979986701506956,3.4949426840715243
-0.45044731387070147,-7.1352697263229174
-2.9252324093547957,-10.153666218709288
-3.544850496571034,-5.3629332928107445
-3.8648427250357855,-11.865664080756542
-4.143639239607414,-4.359742643770435
-4.331308302968574,-13.03801458206915
-4.508778902480465,-2.2128716686954446
-4.539071044387711,-0.8545539647427167
-4.434204982367294,12.454869902551664
-3.6629669407151257,3.0250923024539786
-2.7042281203098204,7.257845194510272
-0.8469981176021419,-11.33331813347548
-0.7285486870060542,3.825168686286326
3.294779158514951,8.123964812018265
3.618884898377967,12.796343615426547
3.063975319555738,-0.06050603948150335
3.160445647739869,-4.488376342925477
1.7969507806251195,-14.379450614491983
-1.7475532311510382,2.4649531399447366
-1.229054562114353,-16.64881919618632
-0.8306661550327908,6.2683175231113974
3.4857089330064297,9.636814205832419
3.8418155395149363,7.443746049199341
4.14806322511615,6.888134012588457
4.327633359807691,8.838973120953508
4.545133590406548,5.140289492752456
4.631932344246603,5.675373998232342
4.724110358122973,15.6195322816395
4.388828240351169,-1.1714715410887164
4.378653266521488,-3.254527510337268
3.730666668851611,-13.239987485985282
3.3857671387055106,9.197454948282187
2.657048031569973,-1.6276146741335842
0.48031895782748546,6.335329136866694
0.4105713274429138,-12.176212438608314
-1.7510047957697603,0.09427689676233686
-2.118658732084054,-1.7722197604350964
-2.524100477010431,13.885386320560846
0.8885814809538206,2.075718306008521
2.2097103504337503,2.505251212283319
2.6289578776602007,6.164650347333154
2.4492381137792787,-7.5184686267997805
-0.8274883452846116,0.8487710065262821
-1.9628638268781131,-4.837884243539972
-2.1888474142635115,15.54519783118062
-0.5682137504034773,-1.2350161614912372
0.4679731988674347,-2.9371043342780325
0.9470134740295878,-7.536389888077586
