2.169583488884335054e+00,-1.400794808498271871e-01,-7.057899476118062454e-01
2.154168802301342556e+00,-1.683376322385171098e-01,-1.196437756508492489e+00
2.135888363373698251e+00,-1.974111632418066864e-01,-1.675130915934915254e+00
2.114656107607304492e+00,-2.273871980868960030e-01,-2.137086386500948620e+00
2.090377267766856395e+00,-2.583604272105788913e-01,-2.577688369608323704e+00
2.062946019873574954e+00,-2.904597944765985873e-01,-2.992534427914224082e+00
2.032241367323617265e+00,-3.238620539936711840e-01,-3.377479473894169804e+00
1.998121621573039963e+00,-3.588072866908593173e-01,-3.728677187036645080e+00
1.960417050706771969e+00,-3.956205758728885136e-01,-4.042618445758888512e+00
1.918919903780239133e+00,-4.347435382888776845e-01,-4.316166390094345218e+00
1.873370569768207705e+00,-4.767812668803135812e-01,-4.546587764788777797e+00
1.823437908263564999e+00,-5.225739316266191370e-01,-4.731580229621047629e+00
1.768690560860473271e+00,-5.733090427765905606e-01,-4.869295364097816048e+00
1.708553884044974325e+00,-6.307031045452804463e-01,-4.958357136620410444e+00
1.642243167025778439e+00,-6.973063430430604948e-01,-4.997875653614886282e+00
1.568656180095143959e+00,-7.770354779671062584e-01,-4.987456051231140997e+00
1.486192779826389643e+00,-8.761505814127105163e-01,-4.927202440772999736e+00
1.392436744053720421e+00,-1.005147165619103555e+00,-4.817716868429789301e+00
1.283561404827731289e+00,-1.182659623782456482e+00,-4.660093299710203141e+00
1.153142455562903512e+00,-1.444110875486739110e+00,-4.455906688680066452e+00
9.895986583390907754e-01,-1.862406386310422990e+00,-4.207197241235281382e+00
7.702158980551144785e-01,-2.600776936255880578e+00,-3.916450029620413442e+00
4.464472315953418868e-01,-4.043890801535016344e+00,-3.586570161919102606e+00
-8.698420800250819540e-02,-6.922673496769276902e+00,-3.220853754589196871e+00
-9.609075778574606153e-01,-1.006748005739982332e+01,-2.822954998112129132e+00
-1.824325285621062331e+00,-5.862141296596764306e+00,-2.396849644779967647e+00
-2.139327549857978461e+00,-1.253388826475955398e+00,-1.946795283511867147e+00
-2.195453417732272872e+00,-1.694099856728260023e-01,-1.477288798579683649e+00
-2.200376576913946725e+00,2.121410674282839942e-02,-9.930214373244503623e-01
-2.195400226471699412e+00,7.107499184079879573e-02,-4.988319358446851037e-01
-2.186752818874615922e+00,1.009276892421124977e-01,3.418290477903999838e-04
-2.175278456095289581e+00,1.285314761998476996e-01,4.995121784291611799e-01
-2.161032920289568615e+00,1.564880597647843874e-01,9.936914675074092207e-01
-2.143954934052585415e+00,1.852061880486516876e-01,1.477941921498364897e+00
-2.123962365897252624e+00,2.147925439720226870e-01,1.947424973252009694e+00
-2.100964223616907933e+00,2.453330186719065997e-01,2.397449609564104911e+00
-2.074859755536724748e+00,2.769403692993607780e-01,2.823519243170666382e+00
-2.045534926094405570e+00,3.097696571660268905e-01,3.221376642062837803e+00
-2.012857510769284985e+00,3.440322113113893909e-01,3.587046467177728015e+00
-1.976670588261040695e+00,3.800143185244431177e-01,3.916874993487700074e+00
-1.936783785406181124e+00,4.181040912197059867e-01,4.207566617527889186e+00
-1.892961244832819023e+00,4.588310902245117950e-01,4.456216786640488259e+00
-1.844904700163153111e+00,5.029261295395441866e-01,4.660341020876101581e+00
-1.792229065168218227e+00,5.514139264564086318e-01,4.817899737605760180e+00
-1.734426242121591688e+00,6.057609768450932242e-01,4.927318630754171203e+00
-1.670809785192314934e+00,6.681197543791700388e-01,4.987504401062429871e+00
-1.600427284827719676e+00,7.417480306338466445e-01,4.997855680190973260e+00
-1.521915978920364232e+00,8.317619250209452586e-01,4.958269039513397480e+00
-1.433253527087561263e+00,9.465600062370680412e-01,4.869140023562332331e+00
-1.331304004322618750e+00,1.100681637166861959e+00,4.731359197799392291e+00
-1.210937192285283404e+00,1.320948075515955278e+00,4.546303250200090851e+00
-1.063191555178379710e+00,1.660688934212074308e+00,4.315821235574922810e+00
-8.711238548266435622e-01,2.235227051200221027e+00,4.042216100045621374e+00
-5.997385837998864266e-01,3.313203222603395393e+00,3.728221670315238878e+00
-1.720454014416273880e-01,5.496583013361693304e+00,3.376975337628083107e+00
5.544458392057032281e-01,9.139182616750231247e+00,2.991986709363399832e+00
1.520125511163342491e+00,8.571766779059949215e+00,2.577102541512083622e+00
2.061867291729275742e+00,2.577174975501282717e+00,2.136468302373309758e+00
2.183793812057485795e+00,4.154793884937127979e-01,1.674486751591582223e+00
2.200355773876223608e+00,2.448526381268020108e-02,1.195773948350856042e+00
2.198001639654775019e+00,-5.521721327304730115e-02,7.051131283328814225e-01
2.190669396319855800e+00,-8.914966285366350551e-02,2.074069102262297015e-01
2.180347207813724708e+00,-1.170712939772411976e-01,-2.923716905806860167e-01
2.167258102381574680e+00,-1.447896319537327892e-01,-7.892289517227589757e-01
2.151366274121421007e+00,-1.731743552470846881e-01,-1.278200340482845698e+00
2.132595087610168694e+00,-2.023914737454466095e-01,-1.754400118735208292e+00
2.110857044743122746e+00,-2.325251516591692880e-01,-2.213070160628051397e+00
2.090260207583291674e+00,-5.878904026110390313e-02,4.781513032172661326e+00
2.095481808701200155e+00,1.138670545065092049e-01,4.611677610814983730e+00
2.108370505651167015e+00,1.341654517842114924e-01,4.395762910376641130e+00
2.121373737986404162e+00,1.238303386172562998e-01,4.135926322282813317e+00
2.132919058785103683e+00,1.064974474443800972e-01,3.834764099712693053e+00
2.142596581146400059e+00,8.677038944056710001e-02,3.495285416176200144e+00
2.150225791484863702e+00,6.560104901612889838e-02,3.120882298242582564e+00
2.155677592319878766e+00,4.324831572796580120e-02,2.715295732868810319e+00
2.158840076202669600e+00,1.983052968389120013e-02,2.282578287927136351e+00
2.159610875982814981e+00,-4.573779480639699954e-03,1.827053619490645264e+00
2.157894350641979209e+00,-2.990748442988220082e-02,1.353273270420054075e+00
2.153599664640305722e+00,-5.613140165991289954e-02,8.659711919605448394e-01
2.146639024667438722e+00,-8.322391864625980351e-02,3.700164426947022966e-01
2.136925892851220699e+00,-1.111817362677299942e-01,-1.296354624364743913e-01
2.124373081396016438e+00,-1.400215030212944023e-01,-6.279920669944877298e-01
2.108890634524189345e+00,-1.697824691013601062e-01,-1.120073857019061370e+00
2.090383383310416399e+00,-2.005304303996013893e-01,-1.600964015662075246e+00
2.068748024970690658e+00,-2.323633798730734001e-01,-2.065857551404796766e+00
2.043869526571683082e+00,-2.654194951133573843e-01,-2.510109308886264934e+00
2.015616575244318920e+00,-2.998884144818895203e-01,-2.929280382695864215e+00
1.983835678253589974e+00,-3.360272635785668816e-01,-3.319182470320207745e+00
1.948343332312808762e+00,-3.741837165294065737e-01,-3.675919721136516216e+00
1.908915390745925533e+00,-4.148297408859585866e-01,-3.995927663226637172e+00
1.865272286401630897e+00,-4.586120027995190807e-01,-4.276008819120209026e+00
1.817057985409649579e+00,-5.064290066329785178e-01,-4.513364654561231148e+00
1.763809204334547687e+00,-5.595525078646270689e-01,-4.705623541111329189e+00
1.704909039770506896e+00,-6.198248668585291110e-01,-4.850864453140143695e+00
1.639514759080093587e+00,-6.899919208928212422e-01,-4.947636162464718268e+00
1.566441010441911974e+00,-7.742887936215432365e-01,-4.994971738831781138e+00
1.483962486622433685e+00,-8.795225738493012146e-01,-4.992398211356983140e+00
1.389463097481810738e+00,-1.017189712696076054e+00,-4.939941294390670201e+00
1.278774073017075574e+00,-1.207895715097240474e+00,-4.838125130581284239e+00
1.144835625831970072e+00,-1.491286659102458501e+00,-4.687967053709683363e+00
9.747689949406992405e-01,-1.950187808537676037e+00,-4.490967423629071753e+00
7.429293721773932990e-01,-2.773081544278586996e+00,-4.249094634857520703e+00
3.936754184470117046e-01,-4.406831514589642396e+00,-3.964765448642607826e+00
-1.923743967513893982e-01,-7.616876362272781975e+00,-3.640820844998208017e+00
-1.125370332286404151e+00,-1.020115439448274763e+01,-3.280497636000601513e+00
-1.924500758463775218e+00,-4.843982039184281163e+00,-2.887396123999284470e+00
-2.172250480026872488e+00,-9.386096734378700512e-01,-2.465444127847467026e+00
-2.214581429127618240e+00,-1.363710286505002978e-01,-2.018857736662976521e+00
-2.219490912558306217e+00,2.855996684581800071e-03,-1.552099183210178701e+00
-2.216933750036411244e+00,4.337882251702949998e-02,-1.069832257871373704e+00
-2.211204621558401584e+00,7.062733783590080527e-02,-5.768757086382678700e-01
-2.202840369959768285e+00,9.668613504034499762e-02,-7.815509282955679371e-02
-2.191849699509026195e+00,1.232391583770157950e-01,4.213464384372787030e-01
-2.178167778726558090e+00,1.505237316558122040e-01,9.166379312441820248e-01
-2.161718627843000284e+00,1.785890725963223125e-01,1.402770497812878769e+00
-2.142422256162733518e+00,2.074756447421589878e-01,1.874886765170823644e+00
-2.120193722030564221e+00,2.372440345701929132e-01,2.328269409368110665e+00
-2.094940631404428988e+00,2.679839439809151846e-01,2.758388290369277129e+00
-2.066559835977325843e+00,2.998222587172593157e-01,3.160945716604194988e+00
-2.034933210916253454e+00,3.329337022997969076e-01,3.531919386963189300e+00
-1.999922166017137570e+00,3.675558108237875765e-01,3.867602581087391300e+00
-1.961360357033947288e+00,4.040103930182835090e-01,4.164641196437432136e+00
-1.919043793671572740e+00,4.427348373981380147e-01,4.420067262049133916e+00
-1.872717108738119585e+00,4.843287376713534820e-01,4.631328594102030571e+00
-1.822054038186585290e+00,5.296250145275976928e-01,4.796314297019971029e+00
-1.766628942093582344e+00,5.798014291926734121e-01,4.913375855253760527e+00
-1.705874043459755907e+00,6.365610147527354101e-01,4.981343605035670308e+00
-1.639013113218821038e+00,7.024347083768290867e-01,4.999538421504692742e+00
-1.564954771245919085e+00,7.813103075195152458e-01,4.967778504436958009e+00
-1.482113384146269919e+00,8.794018744507925422e-01,4.886381194766875602e+00
-1.388093295759833756e+00,1.007126025928584800e+00,4.756159803758874816e+00
-1.279099316289925570e+00,1.182968655953735126e+00,4.578415486505889476e+00
-1.148760445832757826e+00,1.442040055510992236e+00,4.354924240964852977e+00
-9.855981072216215555e-01,1.856497959544901599e+00,4.087919162407873230e+00
-7.671281802902454316e-01,2.587537819815183049e+00,3.780068130632591838e+00
-4.453990604917006935e-01,4.013875827924763051e+00,3.434447152851732188e+00
8.332849936837910532e-02,6.854475383540681754e+00,3.054509628644521246e+00
9.490746341683383713e-01,9.995712423728235763e+00,2.644051844021256592e+00
1.812178645808598887e+00,5.918504801123047443e+00,2.207175039442608622e+00
2.132075075551466359e+00,1.280349566706932229e+00,1.748244430758751689e+00
2.189160367833354659e+00,1.674324533236107027e-01,1.271845592539541991e+00
2.193439919082272649e+00,-3.039073577949600105e-02,7.827386396310592742e-01
2.187438814724551595e+00,-8.204434103966300185e-02,2.858106646851218957e-01
2.177654920296021590e+00,-1.126222511788369934e-01,-2.139730930136581055e-01
2.164983971791307304e+00,-1.407582974837915946e-01,-7.116188595776864467e-01
2.149490137486106178e+00,-1.692288453088396094e-01,-1.202154223633407293e+00
2.131111425974870688e+00,-1.984856565832635034e-01,-1.680677820032061565e+00
2.109762152676580182e+00,-2.286560034687954990e-01,-2.142408303630601196e+00
2.085345841781293341e+00,-2.598452317593376026e-01,-2.582732123871089858e+00
2.057754137169723663e+00,-2.921895601827143030e-01,-2.997249622777664158e+00
2.026862741308539384e+00,-3.258741687763688222e-01,-3.381818995748365531e+00
1.992525703316149199e+00,-3.611501331371123058e-01,-3.732597675947213478e+00
1.954567749537039267e+00,-3.983573732797505151e-01,-4.046080728713771890e+00
1.912773839462736714e+00,-4.379579949618704893e-01,-4.319135872417716016e+00
1.866874629079581682e+00,-4.805860579023548129e-01,-4.549034775797361263e+00
1.816525743888182109e+00,-5.271237522864310465e-01,-4.733480319103422040e+00
1.761277435660915991e+00,-5.788213236768441350e-01,-4.870629546608569171e+00
1.700528841326374607e+00,-6.374920352060602369e-01,-4.959112081182521337e+00
1.633456716328553604e+00,-7.058409890269631282e-01,-4.998043816921095228e+00
1.558900136621856891e+00,-7.880436134585706576e-01,-4.987035753015709005e+00
1.475165690210122005e+00,-8.908140254278611447e-01,-4.926197880600684087e+00
1.379681306955668818e+00,-1.025491748118218194e+00,-4.816138083734348818e+00
1.268343855956029165e+00,-1.212388426692927679e+00,-4.657956065500020948e+00
1.134202587659650430e+00,-1.490524591778539021e+00,-4.453232359922919770e+00
9.645881411268212302e-01,-1.941181972573094994e+00,-4.204012539472429921e+00
7.343355481341414803e-01,-2.748420754725469539e+00,-3.912786775975038989e+00
3.891069343344082943e-01,-4.345339010592176088e+00,-3.582464959142159788e+00
-1.869562123176010948e-01,-7.469521831143069335e+00,-3.216347621329514794e+00
-1.102856016181172016e+00,-1.006409320728547030e+01,-2.818092959063452252e+00
-1.901723147750087106e+00,-4.937232666270562120e+00,-2.391680280800096092e+00
-2.156514423253190316e+00,-9.696503300725828334e-01,-1.941370246209088490e+00
-2.199238532122120837e+00,-1.223380690923410036e-01,-1.471662294212318089e+00
-2.202033680896061885e+00,2.850415490322530040e-02,-9.872496851963528108e-01
-2.196716512591291526e+00,7.238936262770970242e-02,-4.929726065433311932e-01
-2.187996406870961863e+00,1.013310277228918060e-01,6.230189870926799989e-03
-2.176491874504427493e+00,1.287703245144551922e-01,5.053707350434409884e-01
-2.162225503397877446e+00,1.566713293496490023e-01,9.994616819819456266e-01
-2.145131301490113884e+00,1.853475423076181017e-01,1.483566138605371121e+00
-2.125126731003474490e+00,2.148906503020016068e-01,1.952846996550285708e+00
-2.102121118499400421e+00,2.453834430900198871e-01,2.402615262906522720e+00
-2.076014233260551567e+00,2.769371792627201012e-01,2.828376912028891077e+00
-2.046692707785310983e+00,3.097053746384024753e-01,3.225877789237974191e+00
-2.014025159218395533e+00,3.438973922144589745e-01,3.591146117800094295e+00
-1.977855735088671185e+00,3.797969004628071743e-01,3.920532184384863950e+00
-1.937995437420920064e+00,4.177884429986172266e-01,4.210744806527082496e+00
-1.894210206450466893e+00,4.583966074698382909e-01,4.458884217693209528e+00
-1.846204169506999948e+00,5.023451078712140028e-01,4.662471041360404023e+00
-1.793595497197106203e+00,5.506482466345101745e-01,4.819471064635757251e+00
-1.735880635165052199e+00,6.047567671550763135e-01,4.928315563835844237e+00
-1.672379662772720099e+00,6.667984719315344089e-01,4.987916978971226101e+00
-1.602149865712005905e+00,7.399909160978040967e-01,4.997679780501795399e+00
-1.523843472759158768e+00,8.293815630622181079e-01,4.957506419793238805e+00
-1.435462437623507004e+00,9.432453175491259945e-01,4.867798303807619575e+00
-1.333912459412008866e+00,1.095884459166422076e+00,4.729451784298301931e+00
-1.214139501405216315e+00,1.313631739232804296e+00,4.543849201578666452e+00
-1.067332687251665524e+00,1.648725572357275126e+00,4.312845072365793619e+00
-8.768737243674545878e-01,2.213848774708655487e+00,4.038747559682034804e+00
-6.085250989298521818e-01,3.271055008836934785e+00,3.724295409998522821e+00
-1.870149847806303889e-01,5.410635981176765696e+00,3.372630588034071231e+00
5.289386893940725143e-01,9.037114734362239332e+00,2.987266882668046186e+00
1.495333398336144315e+00,8.719894045133708360e+00,2.572054797602612464e+00
2.053890652722778043e+00,2.697563961419847889e+00,2.131143077646185269e+00
2.182061229233331900e+00,4.393299293242470815e-01,1.668937254995278785e+00
2.199695570726865945e+00,2.793430261478370077e-02,1.190055629729009912e+00
2.197479272174317266e+00,-5.496223677500779864e-02,6.992831243767141380e-01
2.190140615857526729e+00,-8.939098049939270263e-02,2.015234735722042925e-01
2.179788567828630175e+00,-1.174060649871493944e-01,-2.982497734035838843e-01
2.166664138626833491e+00,-1.451583074616711044e-01,-7.950429476848126509e-01
2.150734127376388916e+00,-1.735691077895298029e-01,-1.283892156888438940e+00
2.131922151354162853e+00,-2.028127980410577014e-01,-1.759912883704287667e+00
2.110140552397851810e+00,-2.329754277552756880e-01,-2.218348791334590508e+00
2.085292667402999456e+00,-2.641572646247324907e-01,-2.654619248193269776e+00
2.057270082750939366e+00,-2.964954088064725157e-01,-3.064365096980799397e+00
2.025948271342844276e+00,-3.301773816412637008e-01,-3.443492210798752673e+00
1.991180769748961188e+00,-3.654575908683058150e-01,-3.788212401152245778e+00
1.952791398309148718e+00,-4.026805706345060187e-01,-4.095081269018404413e+00
1.910563660648664452e+00,-4.423149402000017827e-01,-4.361032620836656548e+00
1.864225970621351092e+00,-4.850041828726526227e-01,-4.583409105504178349e+00
1.813430558288391170e+00,-5.316444834441467204e-01,-4.759988766294813267e+00
1.757722541637630975e+00,-5.835074646467630632e-01,-4.889007242349788562e+00
1.696493224302574321e+00,-6.424400816845615703e-01,-4.969175397943112138e+00
1.628907193373525519e+00,-7.112024542371239155e-01,-4.999692203357058773e+00
1.553784122822900349e+00,-7.940635888353688721e-01,-4.980252738665604362e+00
1.469398580642079066e+00,-8.979044807171555620e-01,-4.911051240456093758e+00
1.373123296992424081e+00,-1.034379146753050760e+00,-4.792779161041110569e+00
1.260754705013544585e+00,-1.224431286316625123e+00,-4.626618259556251722e+00
1.125146950593535422e+00,-1.508448373174681167e+00,-4.414228793983996368e+00
9.532216187280931896e-01,-1.970905668582523695e+00,-4.157732932064181597e+00
7.188868003311255084e-01,-2.803737732237459923e+00,-3.859693546877324799e+00
3.656465686314875896e-01,-4.457260014735305198e+00,-3.523088608947722022e+00
-2.257875998082828906e-01,-7.657440965081552697e+00,-3.151281430764320657e+00
-1.152668228938236394e+00,-9.986976008594451670e+00,-2.747987060984185437e+00
-1.924155587204025242e+00,-4.618533648108905432e+00,-2.317235164164464845e+00
-2.159635009932189931e+00,-8.834629901073499658e-01,-1.863329756878673304e+00
-2.198177572028120697e+00,-1.055563189611462005e-01,-1.390806202542058223e+00
-2.199998442654225173e+00,3.453375809419220038e-02,-9.043858946712945990e-01
-2.194170958467084098e+00,7.704359793644499632e-02,-4.089290813126689184e-01
-2.184990951684665728e+00,1.059414402420531948e-01,9.061369790323180184e-02
-2.173018686736710503e+00,1.335243341279389040e-01,5.892510769142880189e-01
-2.158268288743820484e+00,1.616003320820605937e-01,1.082000736285143594e+00
-2.140671863691268051e+00,1.904651616050060947e-01,1.563939185918075570e+00
-2.120145459249024977e+00,2.202126719173350955e-01,2.030250959903475483e+00
-2.096596541546217551e+00,2.509316549480991032e-01,2.476276732029488947e+00
-2.069922316590733669e+00,2.827414019512224930e-01,2.897559871163387868e+00
-2.040005937265302993e+00,3.158058383035211025e-01,3.289890971311466572e+00
-2.006711344949270170e+00,3.503480305772400105e-01,3.649349911475749941e+00
-1.969876419739970297e+00,3.866700652264972726e-01,3.972345024974353933e+00
-1.929303732513309111e+00,4.251817857425582159e-01,4.255648986911213072e+00
-1.884747784217746469e+00,4.664433428575249785e-01,4.496431061174102517e+00
-1.835896979170128063e+00,5.112296998834388040e-01,4.692285384794818270e+00
-1.782347502667876782e+00,5.606310661259928940e-01,4.841255007006381561e+00
-1.723564389498643434e+00,6.162141142377758340e-01,4.941851442841731945e+00
-1.658821647516761644e+00,6.802899605044239184e-01,4.993069545880936211e+00
-1.587106816534593845e+00,7.563777879786909297e-01,4.994397551541239544e+00
-1.506962463599720969e+00,8.500446852023344491e-01,4.945822190564593157e+00
-1.416210126572316153e+00,9.705097766346367782e-01,4.847828821600031368e+00
-1.311442140145301360e+00,1.133900984953194024e+00,4.701396581562709898e+00
-1.187023779351903174e+00,1.370343186875407016e+00,4.507988602231775666e+00
-1.032982943348161653e+00,1.740605151694757824e+00,4.269537390821142253e+00
-8.301742130642265627e-01,2.378079511585317718e+00,3.988425520625236143e+00
-5.384510580160958293e-01,3.595859754379690187e+00,3.667461824657368918e+00
-6.954169225590270398e-02,6.062384093047751499e+00,3.309853330154504114e+00
7.216017391190644448e-01,9.673530005195768666e+00,2.919173214394173321e+00
1.662894115584043986e+00,7.492543021135629644e+00,2.499325101955301331e+00
2.101462670566304425e+00,1.916791363574124496e+00,2.054504060225025075e+00
2.189940504450365477e+00,2.885771326565815809e-01,1.589154682827035092e+00
2.200531574657744738e+00,1.551736468708700065e-03,1.107926679840907092e+00
2.196902256104227291e+00,-6.254271295092619920e-02,6.156284184821964045e-01
2.188980149309712964e+00,-9.431756263859210343e-02,1.171788785433170027e-01
2.178155899096078763e+00,-1.220462029607360943e-01,-3.824414974128609868e-01
2.164565259399267028e+00,-1.498608743757749995e-01,-8.782405679877067772e-01
2.148159258163827356e+00,-1.783899634194399120e-01,-1.365264373752314908e+00
2.128858595637114881e+00,-2.077676578099756921e-01,-1.838646636588746386e+00
2.106574253051914258e+00,-2.380778992091069912e-01,-2.293657382885978091e+00
2.081208003494749548e+00,-2.694255278718483138e-01,-2.725750204825478029e+00
2.052649284672225516e+00,-3.019546040352534821e-01,-3.130607687477589884e+00
2.020770614220852135e+00,-3.358619078660100010e-01,-3.504184547869980904e+00
1.985421500787224458e+00,-3.714142227675804042e-01,-3.842748054909688626e+00
1.946420288415882327e+00,-4.089729591815268184e-01,-4.142915326347686111e+00
1.903543005979381642e+00,-4.490302752887476156e-01,-4.401687130097696965e+00
1.856507769671018382e+00,-4.922632908445225830e-01,-4.616477852161622764e+00
1.804952422020351221e+00,-5.396175407786959477e-01,-4.785141331760303096e+00
1.748401600296408231e+00,-5.924392025308806708e-01,-4.905992305481319704e+00
1.686216761532302488e+00,-6.526916367257580287e-01,-4.977823246213412212e+00
1.617517730393747133e+00,-7.233236673074581180e-01,-4.999916428597167339e+00
1.541054678292764102e+00,-8.089237184207971332e-01,-4.972051100446775784e+00
1.454989659370820032e+00,-9.169412377113818069e-01,-4.894505688473928195e+00
1.356503906797092096e+00,-1.060102641749389507e+00,-4.768055016285427605e+00
1.241047769328363692e+00,-1.261516402800420433e+00,-4.593962562445328857e+00
1.100803714623832974e+00,-1.566288859247880305e+00,-4.373967835969256868e+00
9.212786372641631472e-01,-2.070039019113640855e+00,-4.110268995368502765e+00
6.731479916903776450e-01,-2.992437483771005269e+00,-3.805500884943791906e+00
2.923722120051627238e-01,-4.843122776766171533e+00,-3.462708707761246174e+00
-3.512667825662377230e-01,-8.275048529887753190e+00,-3.085317598394716310e+00
-1.307218513137059501e+00,-9.610776350460460193e+00,-2.677098399410730245e+00
-1.989317307091301501e+00,-3.699595007309615102e+00,-2.242129983615247735e+00
-2.171523581399921188e+00,-6.560151041339206124e-01,-1.784758498487506007e+00
-2.199357033272948847e+00,-6.632251013739040579e-02,-1.309553940038865161e+00
-2.199194852880276052e+00,4.395304080101909705e-02,-8.212644900282304317e-01
-2.192704976460118971e+00,8.220344942923049625e-02,-3.247690727254770038e-01
-2.183043877829061952e+00,1.105970971796823993e-01,1.749713946441376899e-01
-2.170605281427588906e+00,1.382239580983641025e-01,6.729635707443268888e-01
-2.155378759966554814e+00,1.664282378138307039e-01,1.164231582922783836e+00
-2.137292254874596953e+00,1.954410278646722954e-01,1.643866745506602500e+00
-2.116260286316955064e+00,2.253505511892665014e-01,2.107076606728899737e+00
-2.092188745969354891e+00,2.562496428504579815e-01,2.549232834284154148e+00
-2.064972707804149543e+00,2.882643993419642947e-01,2.965917461022471002e+00
-2.034492402299717284e+00,3.215678071829400908e-01,3.352967028684205708e+00
-2.000607802967263371e+00,3.563949451086051989e-01,3.706514188652664910e+00
-1.963151423192351919e+00,3.930641238095533008e-01,4.023026343979911879e+00
-1.921918556141681167e+00,4.320075855097694761e-01,4.299340946639333083e+00
-1.876653754317806788e+00,4.738171370460443899e-01,4.532697097281921828e+00
-1.827031648716084034e+00,5.193136299497407293e-01,4.720763131796272383e+00
-1.772629025143525494e+00,5.696556780428579936e-01,4.861659918980778983e+00
-1.712882993206953142e+00,6.265151667679922376e-01,4.953979636579345147e+00
-1.647026274694741499e+00,6.923708934361871847e-01,4.996799838057278897e+00
-1.573983366090285774e+00,7.710203909761608188e-01,4.989692669565203076e+00
-1.492196758338488305e+00,8.685150872074740569e-01,4.932729145001078841e+00
-1.399339382834542400e+00,9.796580392304642393e-01,-3.544092624676069558e+00
-1.330340754062607100e+00,4.443138019668478877e-01,-3.878497989152793757e+00
-1.305051316641920423e+00,7.969683549332590156e-02,-4.174149909360817645e+00
-1.311536107854112343e+00,-1.971042465365865914e-01,-4.428094270013408718e+00
-1.342095800280868723e+00,-4.020632135615281877e-01,-4.637793692296755310e+00
-1.389473423868848867e+00,-5.328985455275250249e-01,-4.801152887030176508e+00
-1.446226619795588864e+00,-5.906903399800080834e-01,-4.916539590522197578e+00
-1.505604689318794431e+00,-5.885589253238628915e-01,-4.982800873931964247e+00
-1.562670973491982584e+00,-5.483388801735288309e-01,-4.999274663189610557e+00
-1.614724780912278446e+00,-4.913954064132511901e-01,-4.965796354349062192e+00
-1.660881490533540505e+00,-4.320934819237505220e-01,-4.882700458289428447e+00
-1.701291583291275611e+00,-3.770376260948916092e-01,-4.750817258329533388e+00
-1.736482186674162209e+00,-3.276826618564552818e-01,-4.571464514141144519e+00
-1.766990991241446318e+00,-2.831800358288678043e-01,-4.346434294869383486e+00
-1.793233507337961274e+00,-2.421275717188773047e-01,-4.077975073011847584e+00
-1.815490524163664965e+00,-2.032928018724254049e-01,-3.768769257972722997e+00
-1.833935976343436414e+00,-1.657724374241948129e-01,-3.421906393790705270e+00
-1.848668108369474927e+00,-1.289411551419654967e-01,-3.040852288802484260e+00
-1.859732693314439578e+00,-9.236032833818559606e-02,-2.629414385750354466e+00
-1.867137738098725963e+00,-5.570280896438230267e-02,-2.191703718305952897e+00
-1.870861872590807495e+00,-1.870128484884680045e-02,-1.732093834176024805e+00
-1.870858501657293615e+00,1.888614817921339950e-02,-1.255177095162305356e+00
-1.867057058353256416e+00,5.730063451603199798e-02,-7.657187908991686109e-01
-1.859362040858516307e+00,9.680300787138750029e-02,-2.686095246994413821e-01
-1.847650043437855993e+00,1.376940448253091975e-01,2.311836527183269985e-01
-1.831764632081674504e+00,1.803378694881870026e-01,7.286668733323584668e-01
-1.811508575090148065e+00,2.251921227097926081e-01,1.218869349920540079e+00
-1.786632524090693508e+00,2.728497606517835128e-01,1.696893043497574638e+00
-1.756818638083299522e+00,3.240999572296024978e-01,2.157961603888079338e+00
-1.721656675991278584e+00,3.800204804038745943e-01,2.597468094375794845e+00
-1.680608436170694331e+00,4.421230802738566057e-01,3.011021023637411531e+00
-1.632953482471782847e+00,5.125910975603596986e-01,3.394488224932143972e+00
-1.577703611514774007e+00,5.946840006945522950e-01,3.744038144175247051e+00
-1.513462775551454476e+00,6.934584938238963492e-01,4.056178124327586509e+00
-1.438186988301331182e+00,8.171232302013248239e-01,4.327789303556643041e+00
-1.348750054095659179e+00,9.797427280534214411e-01,4.556157778512748280e+00
-1.240106609043994501e+00,1.207024081583335517e+00,4.739001721284438418e+00
-1.103554670553985373e+00,1.549715077796520069e+00,4.874494179128311622e+00
-9.228126731174135511e-01,2.117262415355968042e+00,4.961281329137229079e+00
-6.644030687886229858e-01,3.167009064369801674e+00,4.998496005469003300e+00
-2.536924394143423855e-01,5.306268248605229942e+00,4.985766363948612501e+00
4.593915814565432965e-01,9.171747838162611188e+00,4.923219597487994648e+00
1.473459725181524238e+00,9.462903041008603466e+00,4.811480665189876049e+00
2.087659789655776699e+00,2.990932257109241821e+00,4.651666047842716090e+00
2.233093215137379683e+00,5.602032135119344725e-01,4.445372592184715366e+00
2.263085303203141940e+00,1.595065955921436962e-01,4.194661555423831345e+00
2.274889785235076900e+00,9.288589333992959551e-02,3.902038009421899822e+00
2.282942173424790777e+00,7.007498592539070092e-02,3.570425810355488672e+00
2.289031250237220316e+00,5.176870972640060242e-02,3.203138383911711351e+00
2.293277902899577114e+00,3.300965116144100042e-02,2.803845617982713812e+00
2.295600162098461183e+00,1.326900265228059955e-02,2.376537193623719624e+00
2.295899558905443616e+00,-7.435773747354899876e-03,1.925482720677922366e+00
2.294083345913456196e+00,-2.903014647742870047e-02,1.455189076410358107e+00
2.290066216251161801e+00,-5.144251376515929924e-02,9.703553733555669858e-01
2.283769541003897174e+00,-7.461120794053069383e-02,4.758260064163996050e-01
2.275120326275905658e+00,-9.848523147150410606e-02,-2.345775170433810064e-02
2.264050136477801178e+00,-1.230244608258227040e-01,-5.225071230358168117e-01
2.250493989017886776e+00,-1.482000547224888998e-01,-1.016335671582928590e+00
2.234389191394303698e+00,-1.739952139799385011e-01,-1.500009127123965502e+00
2.215674080725567929e+00,-2.004063902900403982e-01,-1.968694687801555210e+00
2.194286615032522203e+00,-2.274450661965828069e-01,-2.417709308829392167e+00
2.170162751096596843e+00,-2.551402772353468795e-01,-2.842566494888351780e+00
2.143234523204099684e+00,-2.835421205496311825e-01,-3.239021128583305487e+00
2.113427707539405009e+00,-3.127266038720205032e-01,-3.603111887104838207e+00
2.080658913898054241e+00,-3.428023544842855874e-01,-3.931200823251094878e+00
2.044831882609827733e+00,-3.739199628227570793e-01,-4.220009715308473019e+00
2.005832668600808333e+00,-4.062851358003051749e-01,-4.466652822631806963e+00
1.963523247482672485e+00,-4.401774773815180786e-01,-4.668665719574919493e+00
1.917732848452257555e+00,-4.759777698912240895e-01,-4.824029919713463066e+00
1.868245950281961276e+00,-5.142084112435271193e-01,-4.931193044291869221e+00
1.814785270948544804e+00,-5.555947579025187766e-01,-4.989084333397161508e+00
1.756987056578511508e+00,-6.011606729591523202e-01,-4.997125344845773753e+00
1.694364184235420012e+00,-6.523818901925172442e-01,-4.955235733903766260e+00
1.626249347271400580e+00,-7.114407363907749859e-01,-4.863834056079848978e+00
1.551704465663207078e+00,-7.816660180482359888e-01,-4.723833584977271016e+00
1.469370358229234341e+00,-8.683273269897006097e-01,-4.536633186978543897e+00
1.377205525773008477e+00,-9.801445917712160449e-01,-4.304103343958510131e+00
1.272007364875351820e+00,-1.132329874862165520e+00,-4.028567463670969850e+00
1.148478679983805595e+00,-1.353135729680143173e+00,-3.712778664572899068e+00
9.972751254094546214e-01,-1.698995144503654853e+00,-3.359892267010156086e+00
8.006038353388932327e-01,-2.291858236757642331e+00,-2.973434265679203214e+00
5.217084679512523637e-01,-3.411541722969837931e+00,-2.557266098347295902e+00
8.139091106190579628e-02,-5.643207310984041492e+00,-2.115546062867595722e+00
-6.520613258174846605e-01,-9.010420175014511202e+00,-1.652687768027556903e+00
-1.562280106266631607e+00,-7.698081833417910858e+00,-1.173316033323518859e+00
-2.038296968459636371e+00,-2.227400568301004302e+00,-6.822206783854677381e-01
-2.141743285012362996e+00,-3.176261585901932749e-01,-1.843086637177626108e-01
-2.150050925325203810e+00,5.356348863866840226e-02,3.154449389898322798e-01
-2.139681313190705314e+00,1.378654222532454954e-01,8.120466571544514567e-01
-2.123852338878254198e+00,1.762689910733689913e-01,1.300534511406538973e+00
-2.104623146459827954e+00,2.080496969781220895e-01,1.776027595042759533e+00
-2.082245249571138324e+00,2.396137471964885080e-01,2.233774843411003186e+00
-2.056667688615434919e+00,2.721264898200194127e-01,2.669202505910083900e+00
-2.027776014948957428e+00,3.059397184803632763e-01,3.077959846332062988e+00
-1.995426841640625559e+00,3.413238663476216850e-01,3.455962614832166935e+00
-1.959447318274646799e+00,3.786089100583654998e-01,3.799433857225869460e+00
-1.919626407753409980e+00,4.182360581016896228e-01,4.104941653808598545e+00
-1.875701372471129558e+00,4.608077031515042110e-01,4.369433410666961670e+00
-1.827338342016783912e+00,5.071585859209821745e-01,4.590266360784768018e+00
-1.774103977554189582e+00,5.584662377441852454e-01,4.765233970228443638e+00
-1.715423016046971894e+00,6.164291506742083371e-01,4.892587985546218654e+00
-1.650512582751213930e+00,6.835649914364472224e-01,4.971055902083614697e+00
-1.578276752531905913e+00,7.637308035667839112e-01,4.999853678690343806e+00
-1.497129981350946881e+00,8.630745564805498704e-01,4.978693571751781732e+00
-1.404686519496749275e+00,9.918736806679243623e-01,4.907787010286023488e+00
-1.297181811086101089e+00,1.168318718807698886e+00,4.787842483375827740e+00
-1.168320001487037185e+00,1.426878992459152506e+00,4.620058461034569852e+00
-1.006795540997494909e+00,1.838291512417556950e+00,4.406111419252860095e+00
-7.905124571208960171e-01,2.560700070064358069e+00,4.148139088869451818e+00
-4.723054354502433938e-01,3.968484669308148138e+00,3.848719095641597754e+00
5.103439076216979842e-02,6.801073130793310995e+00,3.510843204957105890e+00
9.181198861150255963e-01,1.013404751072027388e+01,3.137887428489843700e+00
1.806980966778858333e+00,6.188795167703011302e+00,2.733578291543483640e+00
2.142873242852164850e+00,1.352443041024411707e+00,2.301955598091842692e+00
2.204303409961985594e+00,1.977268878896638882e-01,1.847332065602250717e+00
2.211486209412793169e+00,-1.166931108680999921e-03,1.374250232903558855e+00
2.208498766546338921e+00,-5.101173274605270286e-02,8.874370717481777637e-01
2.201897516274937683e+00,-8.004415698892070052e-02,3.917567555252141065e-01
2.192555017002565165e+00,-1.067767231086852037e-01,-1.078379429279244933e-01
2.180529096481702567e+00,-1.338467527078066877e-01,-6.063551387652996727e-01
2.165761046632584730e+00,-1.616409481222514932e-01,-1.098813713419692473e+00
2.148173724524190753e+00,-1.902406337532386027e-01,-1.580293085269220965e+00
2.127683814606886603e+00,-2.197028067048925892e-01,-2.045982375453551327e+00
2.104201429687365010e+00,-2.501048885698041180e-01,-2.491228477529030538e+00
2.077627378229573996e+00,-2.815571288974337838e-01,-2.911582550724635787e+00
2.047849393274684626e+00,-3.142126237125725807e-01,-3.302844472159572220e+00
2.014737232354962160e+00,-3.482803283759569046e-01,-3.661104803925673501e+00
1.978136227511758438e+00,-3.840434335331284199e-01,-3.982783855682038965e+00
1.937858616580186766e+00,-4.218859379027242174e-01,-4.264667452441043061e+00
1.893671632227704071e+00,-4.623318492655228984e-01,-4.503939050201659633e+00
1.845280751380842910e+00,-5.061043332910654113e-01,-4.698207878476431176e+00
1.792305542493338955e+00,-5.542173049908395432e-01,-4.845532828561479377e+00
1.734243870068455706e+00,-6.081215316218693268e-01,-4.944441848835687381e+00
1.670417190533325602e+00,-6.699457385616764959e-01,-4.993946653315866513e+00
1.599883992241794450e+00,-7.429102670992890900e-01,-4.993552596475147709e+00
1.521297259956790882e+00,-8.320691798843896647e-01,-4.943263615677907730e+00
1.432658697476874021e+00,-9.457118539539172142e-01,-4.843582191837008999e+00
1.330871580046536495e+00,-1.098171659381368181e+00,-4.695504328694347862e+00
1.210874768662521639e+00,-1.315848512102847367e+00,-4.500509600876406502e+00
1.063840099160141772e+00,-1.651127845202746247e+00,-4.260546370181409692e+00
8.731097700581793575e-01,-2.217009304114903046e+00,-3.978012317799815900e+00
6.043626757697324603e-01,-3.276097106846779017e+00,-3.655730487008328922e+00
1.822155927180172941e-01,-5.418033383908528400e+00,-3.296921075675569579e+00
-5.341285398087335379e-01,-9.031544442118295990e+00,-2.905169260476352822e+00
-1.497674284897726027e+00,-8.672287675067348545e+00,-2.484389374273217044e+00
-2.052521693853485818e+00,-2.677444660717579250e+00,-2.038785794610642021e+00
-2.179630145541088027e+00,-4.336263319943287065e-01,-1.572810934141325223e+00
-2.196769647721991792e+00,-2.314508399976889993e-02,-1.091120752677420036e+00
-2.194057140964398300e+00,6.010463583178309727e-02,-5.985282354654842818e-01
-2.186188829408437506e+00,9.482811898053150612e-02,-9.995530245935739522e-02
-2.175280628775040803e+00,1.230880180546295027e-01,3.996163708416521909e-01
-2.161576217473057948e+00,1.510762397742531071e-01,8.951951296695070948e-01
-2.145042315095771812e+00,1.797310571495135123e-01,1.381829215930452825e+00
-2.125601256382206206e+00,2.092359017657164089e-01,1.854656245528289560e+00
-2.103163260266641910e+00,2.396851242932696024e-01,2.308951792673873182e+00
-2.077628649979634812e+00,2.711887306404759945e-01,2.740176595712917607e+00
-2.048884904538023299e+00,3.038961311159844025e-01,3.144021912859083834e+00
-2.016801982634343737e+00,3.380108956970164780e-01,3.516452574561255151e+00
-1.981226050191897681e+00,3.738088358044143744e-01,3.853747302396657748e+00
-1.941971052589557489e+00,4.116636599605719149e-01,4.152535891585877437e+00
-1.898807164500114997e+00,4.520846617025985892e-01,4.409832885656292056e+00
-1.851444594158477619e+00,4.957734201806964780e-01,4.623067406719795436e+00
-1.799510303465681638e+00,5.437113280615192279e-01,4.790108843351390533e+00
-1.742513622444459509e+00,5.972987248348928802e-01,4.909288139380544536e+00
-1.679793894785089226e+00,6.585835968356117398e-01,4.979414470878101184e+00
-1.610437978467291531e+00,7.306522072278806013e-01,4.999787144719618048e+00
-1.533145029912593049e+00,8.183263712797633760e-01,4.970202599814570910e+00
-1.445994581988297556e+00,9.294729076480563457e-01,4.890956441062497717e+00
-1.346027149095160080e+00,1.077610921913611186e+00,4.762840485710854388e+00
-1.228437552426858925e+00,1.287463140996847555e+00,4.587134851616397668e+00
-1.084908499111613134e+00,1.607692578342623246e+00,4.365595166477548972e+00
-8.998834724121441697e-01,2.142411149961958028e+00,4.100435025831711044e+00
-6.415842306873267287e-01,3.132500502346217797e+00,3.794303875095434542e+00
-2.402908701905399902e-01,5.130211721191964891e+00,3.450260536664076394e+00
4.408601192274995140e-01,8.689393251590013634e+00,3.071742646542092725e+00
1.407693337179696913e+00,9.212339768239820259e+00,2.662532305944789179e+00
2.026549700922102293e+00,3.152014504203825673e+00,2.226718291031328345e+00
2.178746717428076796e+00,5.346659221715194255e-01,1.768655198404576190e+00
2.200972731738711552e+00,4.670219547763460044e-02,1.292919934528041992e+00
2.199886396633458752e+00,-4.760256756403880019e-02,8.042659838911672132e-01
2.193185103942033809e+00,-8.349412697882560574e-02,3.075759128106241858e-01
2.183417419635214074e+00,-1.115427706093830990e-01,-1.921874165378034960e-01
2.170887466445815317e+00,-1.391208037347211046e-01,-6.900304343703400622e-01
2.155571640211248585e+00,-1.673196884128493878e-01,-1.180978758418155916e+00
2.137395968615136255e+00,-1.963331684477760131e-01,-1.660126897285758796e+00
2.116274716570638148e+00,-2.262440930230170122e-01,-2.122687265487611885e+00
2.092113743312573604e+00,-2.571447927330913208e-01,-2.564038020359035830e+00
2.064808088795699881e+00,-2.891616891162540059e-01,-2.979769242928396622e+00
2.034237903251271185e+00,-3.224683429041698135e-01,-3.365727001233290494e+00
2.000263012209966274e+00,-3.573006203017731752e-01,-3.718054855869303843e+00
1.962715688731386354e+00,-3.939779092899379775e-01,-4.033232393030480090e+00
1.921390857931523977e+00,-4.329339583181044948e-01,-4.308110400012186147e+00
1.876032523357175075e+00,-4.747627326085360755e-01,-4.539942331749458049e+00
1.826314504271905115e+00,-5.202882575692444611e-01,-4.726411753923995818e+00
1.771812382641751560e+00,-5.706739459074273713e-01,-4.865655488476762436e+00
1.711961461677590446e+00,-6.275991659690340896e-01,-4.956282230234668518e+00
1.645991699796820473e+00,-6.935547963071532207e-01,-4.997386448657350044e+00
1.572823252084788015e+00,-7.723586686636459975e-01,-4.988557435774302995e+00
1.490891550707071689e+00,-8.700979283322384239e-01,-4.929883409925900573e+00
1.397839721209911845e+00,-9.969482161585115909e-01,-4.821950634299864369e+00
1.289945998474503641e+00,-1.170912317973708205e+00,-4.665837559063020556e+00
1.160984707682359174e+00,-1.426069045573381766e+00,-4.463104045630080563e+00
9.997820500880512107e-01,-1.832221635079222422e+00,-4.215775780732233358e+00
7.845340308758012027e-01,-2.544932011051233012e+00,-3.926324036017648123e+00
4.688411267095052848e-01,-3.930694485277951955e+00,-3.597640975439515554e+00
-4.839978352062779959e-02,-6.710102967683033270e+00,-3.233010757116587808e+00
-9.036862710398207987e-01,-1.001574938911931589e+01,-2.836076718465260882e+00
-1.789539059228891116e+00,-6.248089526272073257e+00,-2.410804972442540439e+00
-2.131486151012770058e+00,-1.388274338093095972e+00,-1.961444778680182299e+00
-2.194082609468235745e+00,-1.927460605133466953e-01,-1.492486085415436703e+00
-2.200096345846041856e+00,1.704980706991129913e-02,-1.008614666531152393e+00
-2.195350730372727543e+00,6.976038953472510351e-02,-5.146653019126974371e-01
-2.186808208760520067e+00,1.000176455989467000e-01,-1.557346895560340026e-02
-2.175421642456019988e+00,1.276669190473214976e-01,4.836739720604184001e-01
-2.161262805040107704e+00,1.556158346493116962e-01,9.780886060538933613e-01
-2.144272820932105805e+00,1.843178369451332899e-01,1.462730306714044026e+00
-2.124369994803804840e+00,2.138857715219280031e-01,1.932756597605011617e+00
-2.101463532308786686e+00,2.444058343412285894e-01,2.383471037539656834e+00
-2.075452913977459790e+00,2.759900372935956137e-01,2.810370146830832638e+00
-2.046224431713020486e+00,3.087923063912798027e-01,3.209188405453732962e+00
-2.013646320444842264e+00,3.430224508748356826e-01,3.575940873568030476e+00
-1.977562295059120068e+00,3.789647112854342970e-01,3.906963008518025582e+00
-1.937782859044603123e+00,4.170043875244490161e-01,4.198947280451533537e+00
-1.894073366212978726e+00,4.576670840907469118e-01,4.448976220743304566e+00
-1.846137238111969614e+00,5.016779095178112158e-01,4.654551572947298155e+00
-1.793591773795677913e+00,5.500531267389070500e-01,4.813619255052513424e+00
-1.735932310658779176e+00,6.042463199118002226e-01,4.924589883596237172e+00
-1.672477470341500405e+00,6.663895596935568433e-01,4.986354654584253865e+00
-1.602282543822072025e+00,7.397070960368155035e-01,4.998296422509012515e+00
-1.523996900026534762e+00,8.292574417646646490e-01,4.960295866788419161e+00
-1.435618158768515507e+00,9.433348655305048291e-01,4.872732684000467884e+00
-1.334045002566523808e+00,1.096278057656446592e+00,4.736481794008346569e+00
-1.214211104033467770e+00,1.314494074006341551e+00,4.552904597870913506e+00
-1.067281965695056067e+00,1.650387677783994089e+00,4.323835374904241746e+00
-8.765888716903490474e-01,2.217051441788083554e+00,4.051562954799534211e+00
-6.077750970504548489e-01,3.277609826352432254e+00,3.738807847946703955e+00
-1.852822627052702897e-01,5.424603288889518815e+00,3.388695062435792771e+00
5.324987421717265468e-01,9.056923749241349242e+00,3.004722879394668311e+00
1.499390273589902067e+00,8.703115986126030990e+00,2.590727898619595404e+00
2.055638724137798690e+00,2.679449781666868979e+00,2.150846703768112711e+00
2.182869812108787055e+00,4.360619033193570138e-01,1.689474530172765165e+00
2.200405426948952581e+00,2.826422444010200097e-02,1.211221348200945291e+00
2.198264042702652521e+00,-5.396813279296169830e-02,7.208658010501424185e-01
2.191033843121353630e+00,-8.824501417190630526e-02,2.233074571621374016e-01
2.180799979587153992e+00,-1.161930650969466017e-01,-2.764821456054522009e-01
2.167799582679097892e+00,-1.438911938285336867e-01,-7.735091749618683288e-01
2.151998972845929003e+00,-1.722478460973201897e-01,-1.262807401883793812e+00
2.133321964040982177e+00,-2.014340073454279900e-01,-1.739487822530243033e+00
2.111681337495961763e+00,-2.315337394448002961e-01,-2.198787508533121660e+00
2.086981069323952109e+00,-2.626452008154213091e-01,-2.636117197537562351e+00
2.059113619428128761e+00,-2.949028701702525179e-01,-3.047107148535748156e+00
2.027955632948674758e+00,-3.284908684895082032e-01,-3.427650803730244888e+00
2.007870577863176464e+00,5.530178210010699980e-03,4.987777902235144722e+00
2.017611493820703039e+00,1.519737771742890042e-01,4.927978398630726176e+00
2.034445713274137812e+00,1.758092874797902994e-01,4.818939179871886580e+00
2.051841114965972324e+00,1.698172375418494084e-01,4.661749751560726907e+00
2.068151498833309621e+00,1.556527785846384127e-01,4.457980729890993921e+00
2.082871636840663232e+00,1.383795556555814932e-01,4.209668148254194442e+00
2.095766474866517015e+00,1.192478690401087976e-01,3.919293113469847878e+00
2.106672628655484214e+00,9.864624579460680442e-02,3.589757014877354990e+00
2.115453139384446235e+00,7.675944744793550267e-02,3.224352534042101759e+00
2.121985982931386516e+00,5.371106571528379975e-02,2.826730744706416498e+00
2.126159886255031495e+00,2.959475743508169915e-02,2.400864631753335310e+00
2.127871798124812308e+00,4.481939697566800218e-03,1.951009393639984824e+00
2.127024807291614028e+00,-2.157577375766759828e-02,1.481659925025719193e+00
2.123526212328751051e+00,-4.854574793513029979e-02,9.975059043695332361e-01
2.117285625175472585e+00,-7.641444211096079520e-02,5.033849352721865289e-01
2.108213019428599289e+00,-1.051884080726707971e-01,4.234209792231400336e-03
2.096216630531519964e+00,-1.348962808820536874e-01,-4.949588233577676966e-01
2.081200598811664637e+00,-1.655919758925964991e-01,-9.892062927280887985e-01
2.063062219049043300e+00,-1.973594301108577975e-01,-1.473569742299335239e+00
2.041688618118024046e+00,-2.303194042527358931e-01,-1.943209475871112035e+00
2.016952618128143193e+00,-2.646391303238369019e-01,-2.393432914699418657e+00
1.988707444754537201e+00,-3.005460059397606076e-01,-2.819741485111548318e+00
1.956779789788527957e+00,-3.383471998843433082e-01,-3.217875567669880699e+00
1.920960500781434988e+00,-3.784581185812898041e-01,-3.583857058734947643e+00
1.880991792475400048e+00,-4.214445091470054860e-01,-3.914029119143326518e+00
1.836549253647066893e+00,-4.680861413761611134e-01,-4.205092712885884154e+00
1.787215873164972768e+00,-5.194756871397976372e-01,-4.454139570630173850e+00
1.732443475296729263e+00,-5.771769687137576765e-01,-4.658681248772080785e+00
1.671493630446603262e+00,-6.434871837687663465e-01,-4.816673993631589212e+00
1.603343824966550590e+00,-7.218891398053530750e-01,-4.926539162383207326e+00
1.526532221790735111e+00,-8.178679254882933458e-01,-4.987178996640614592e+00
1.438888298448198988e+00,-9.404662672340952101e-01,-4.997987591116831219e+00
1.337038746299791692e+00,-1.105434492744747921e+00,-4.958856947749961996e+00
1.215440210642017238e+00,-1.342075609604796327e+00,-4.870178054807581702e+00
1.064337713093654880e+00,-1.709328364630538832e+00,-4.732836980180986863e+00
8.650833499954470041e-01,-2.336541980717520506e+00,-4.548206017911788024e+00
5.785976805415601332e-01,-3.529661827340759395e+00,-4.318129976407031556e+00
1.179742125299824002e-01,-5.968035197367612454e+00,-4.044907745363818030e+00
-6.691438818685053747e-01,-9.766381432653622241e+00,-3.731269325551804794e+00
-1.644059228932581940e+00,-7.972746494708022880e+00,-3.380348551010788682e+00
-2.115652660665970686e+00,-2.080327233818600519e+00,-2.995651776189277804e+00
-2.213220010288876605e+00,-3.436007881682067167e-01,-2.581022840905866200e+00
-2.228816543153885998e+00,-5.084492394849560171e-02,-2.140604663220210035e+00
-2.230275714975915591e+00,1.000034669485149949e-02,-1.678797843915410759e+00
-2.227757143305834298e+00,3.888083078253429942e-02,-1.200216696285791418e+00
-2.222605370807754888e+00,6.406408541965649683e-02,-7.096431405142656912e-01
-2.214936210661459182e+00,8.941589107997349739e-02,-2.119789233696776076e-01
-2.204699075744177339e+00,1.154465087988851973e-01,2.878033594320901223e-01
-2.191821934760191048e+00,1.422186061701221083e-01,7.847099487359199266e-01
-2.176229854036786371e+00,1.697476042515616013e-01,1.273775818939736348e+00
-2.157846027709797720e+00,1.980586892376814123e-01,1.750114287884728448e+00
-2.136590155396740798e+00,2.271975697964485896e-01,2.208965843926705030e+00
-2.112376109451309603e+00,2.572360107518337768e-01,2.645745702379458830e+00
-2.085109024532562749e+00,2.882782282486022196e-01,3.056089616065816195e+00
-2.054681639365474322e+00,3.204696324531000062e-01,3.435897482311909279e+00
-2.020969599233287894e+00,3.540090925475242734e-01,3.781374310622938051e+00
-1.983825290060450719e+00,3.891663769212673762e-01,4.089068141752189689e+00
-1.943069567742471193e+00,4.263073415722524739e-01,4.355904539211917559e+00
-1.898480417915073604e+00,4.659310001489804787e-01,4.579217308643924511e+00
-1.849777045957684107e+00,5.087252990315441759e-01,4.756775138086023702e+00
-1.796596999041859766e+00,5.556532016058599588e-01,4.886803892943081706e+00
-1.738462367385705143e+00,6.080894841862489741e-01,4.968004342917369698e+00
-1.674728322928003665e+00,6.680454814617119430e-01,4.999565143740772655e+00
-1.604502045888408723e+00,7.385526691066598426e-01,4.981170944021940272e+00
-1.526509915797571892e+00,8.243465967449319365e-01,4.913005536197251999e+00
-1.438869925349089529e+00,9.331492560933758451e-01,4.795750020099834643e+00
-1.338680712260353678e+00,1.078216844350359915e+00,4.630575997499397189e+00
-1.221232762568135621e+00,1.283748083989727284e+00,4.419133865610752387e+00
-1.078383872400533905e+00,1.597242259589835678e+00,4.163536326538343602e+00
-8.949411565005045421e-01,2.119906072161948263e+00,3.866337277443017584e+00
-6.399903907940671655e-01,3.084618853427843810e+00,3.530506292321933692e+00
-2.460430545936583002e-01,5.022975402608474305e+00,3.159398950422758201e+00
4.196305572636466752e-01,8.493673284109114263e+00,2.756723307729099126e+00
1.373513517867934075e+00,9.233088759749131569e+00,2.326502846565359661e+00
2.005788391687573835e+00,3.299664723417809586e+00,1.873036273466011536e+00
2.166197175215773818e+00,5.630096210753361419e-01,1.400854567076916801e+00
2.188867707326129786e+00,3.658050320216479911e-02,9.146757052062142179e-01
2.186254104702647805e+00,-6.603382421405690206e-02,4.193575234030482157e-01
2.177579226752963670e+00,-1.041633080828375940e-01,-8.015082388134929514e-02
2.165685067182902657e+00,-1.333378370216362907e-01,-5.788583146241667032e-01
2.150927857102161056e+00,-1.618642145637056995e-01,-1.071781928851863297e+00
2.133290102206679695e+00,-1.910220565534024029e-01,-1.553996438332329921e+00
2.112693620565472941e+00,-2.210606134479055074e-01,-2.020683618793331249e+00
2.089044234493473873e+00,-2.520989280651080855e-01,-2.467180393015084405e+00
2.062235664538980995e+00,-2.842687113191940118e-01,-2.889025423669862924e+00
2.032146417276186501e+00,-3.177457294708128099e-01,-3.282003690428516585e+00
1.998634467630812317e+00,-3.527679629047726917e-01,-3.642188605877908714e+00
1.961530003112365028e+00,-3.896574406379568756e-01,-3.965981249489838323e+00
1.920625560335353699e+00,-4.288513783299925941e-01,-4.250146327549345848e+00
1.875662352298334445e+00,-4.709483847158437153e-01,-4.491844499789767298e+00
1.826310863530427930e+00,-5.167788351884624598e-01,-4.688660749710629183e+00
1.772142587192881091e+00,-5.675150545014142622e-01,-4.838628515099687277e+00
1.712587661850127896e+00,-6.248493256231746340e-01,-4.940249337675892249e+00
1.646869290655391671e+00,-6.912919827816370599e-01,-4.992507835480834544e+00
1.573898418216103767e+00,-7.706915674106928904e-01,-4.994881848444160610e+00
1.492097275541104606e+00,-8.691864776028029871e-01,-4.947347655739021910e+00
1.399088888207598025e+00,-9.970437507408316247e-01,-4.850380212797606561e+00
1.291118560961737272e+00,-1.172442390027621961e+00,-4.704948405618076812e+00
1.161901695596853301e+00,-1.429833160609611298e+00,-4.512505369782743081e+00
1.000147517841358802e+00,-1.839887611916674937e+00,-4.274973970915166177e+00
7.837915464633964380e-01,-2.560400777571617770e+00,-3.994727591667548872e+00
4.657948888300622037e-01,-3.963736158747857008e+00,-3.674566417178970035e+00
-5.639400569117449663e-02,-6.778665968215014104e+00,-3.317689456000220360e+00
-9.189914722562656513e-01,-1.006506215846889418e+01,-2.927662576013418061e+00
-1.801751074462111912e+00,-6.156577641275160495e+00,-2.508382874761317716e+00
-2.136614573169515641e+00,-1.350646278595956318e+00,-2.064039740137473711e+00
-2.197571342182741638e+00,-1.896559958384514966e-01,-1.599072990584631926e+00
-2.203730931811994420e+00,1.294960415559530051e-02,-1.118128513006563685e+00
-2.199485085468762868e+00,6.420290537288489419e-02,-6.260118416696882626e-01
-2.191524119153225758e+00,9.400156568299909698e-02,-1.276401419516351998e-01
-2.180754179234588364e+00,1.213595520045271936e-01,3.720069213584569212e-01
-2.167239585056624396e+00,1.490383548095270128e-01,8.679369402009328160e-01
-2.150921181741101584e+00,1.774612228279623949e-01,1.355194646742323927e+00
-2.131718793838119463e+00,2.067295760528733983e-01,1.828911425745356478e+00
-2.109544146289626276e+00,2.369200052684211077e-01,2.284353961161729618e+00
-2.084300267078835311e+00,2.681332765339791147e-01,2.716971530788736988e+00
-2.055878260796796031e+00,3.005090536463358997e-01,3.122441476494365986e+00
-2.024152807129064424e+00,3.342385075086459767e-01,3.496712395654822281e+00
-1.988976224042218410e+00,3.695809708353759993e-01,3.836044622225975864e+00
-1.950170535397692806e+00,4.068877267148013899e-01,4.137047593017408431e+00
-1.907516646899986457e+00,4.466368590117151816e-01,4.396713725742126044e+00
-1.860739235907560740e+00,4.894854555584784994e-01,4.612448470390431154e+00
-1.809485136620860413e+00,5.363497781215998961e-01,4.782096233626592863e+00
-1.753291585012316078e+00,5.885319442263289291e-01,4.903961917207080745e+00
-1.691538161964815767e+00,6.479267436023846694e-01,4.976827855172103909e+00
-1.623371589709677432e+00,7.173721261743787325e-01,4.999965980606669191e+00
-1.547583458296328596e+00,8.012691747465736647e-01,4.973145100389421813e+00
-1.462402453130401403e+00,9.067342196959380374e-01,4.896633205245500164e+00
-1.365122724004879107e+00,1.045865123054803059e+00,4.771194792016806296e+00
-1.251398202277483662e+00,1.240499827802977295e+00,4.598083224910153533e+00
-1.113806290770811502e+00,1.532968006660970994e+00,4.379028212043954760e+00
-9.386868957033538408e-01,2.012307766958234989e+00,4.116218522439455185e+00
-6.986243363962991726e-01,2.881754312138787633e+00,3.812280116115216000e+00
-3.340391206979929084e-01,4.615998907945692231e+00,3.470249905845867566e+00
2.790106634464383228e-01,7.916913321722811148e+00,3.093545412725362098e+00
1.219348070936918882e+00,9.849338411431434182e+00,2.685930618739680309e+00
1.952925835071190441e+00,4.208439624591877148e+00,2.251478357566557342e+00
2.164201083889544908e+00,7.780986969199708003e-01,1.794529619332226877e+00
2.197699949550989906e+00,8.607739594819019402e-02,1.319650176020811028e+00
2.198450703916788207e+00,-4.056327703974300231e-02,8.315849608701963991e-01
2.192141334959115895e+00,-8.125150205920909918e-02,3.352106576380042835e-01
2.182551731920938209e+00,-1.100112154528167935e-01,-1.645130266108348893e-01
2.170167908850013649e+00,-1.376984701936742883e-01,-6.625929182302747744e-01
2.154993042175409546e+00,-1.659183954583881015e-01,-1.154052268135071113e+00
2.136957021805683699e+00,-1.949410038782150023e-01,-1.633980478830553418e+00
2.115974567527718175e+00,-2.248604393219147957e-01,-2.097582170442740868e+00
2.091951500853478585e+00,-2.557704884843505777e-01,-2.540225095552564483e+00
2.064782779230482479e+00,-2.877974488639615247e-01,-2.957486423988207047e+00
2.034348503354686866e+00,-3.211144066544627806e-01,-3.345196935173097685e+00
2.000508507123095470e+00,-3.559565438398991088e-01,-3.699482676418411220e+00
1.963095152842468938e+00,-3.926422989692767151e-01,-4.016803670972429963e+00
1.921903568191352107e+00,-4.316040760728049874e-01,-4.293989288990528230e+00
1.876678121901186325e+00,-4.734338877394373979e-01,-4.528269928057262916e+00
1.827093237863630426e+00,-5.189528492160205841e-01,-4.717304686692703974e+00
1.772725464680080076e+00,-5.693199169289168138e-01,-4.859204754327183906e+00
1.713011635254849896e+00,-6.262074304063054431e-01,-4.952552284059597021e+00
1.647184141589925765e+00,-6.920948059977471978e-01,-4.996414559590768967e+00
1.574167076573641078e+00,-7.707804544360467025e-01,-4.990353314804275797e+00
1.492402419953633430e+00,-8.683171189289375924e-01,-4.934429112864803457e+00
1.399544598553456032e+00,-9.948162484747854473e-01,-4.829200741078594206e+00
1.291892315413753822e+00,-1.168153347131642095e+00,-4.675719627563582392e+00
1.163259251789320103e+00,-1.422136580690644747e+00,-4.475519335517443409e+00
1.002552876344497079e+00,-1.825948567133695688e+00,-4.230600240052410754e+00
7.881503170354308141e-01,-2.533637586343774117e+00,-3.943409540718274986e+00
4.740742844294917879e-01,-3.908199126736165763e+00,-3.616816809391434795e+00
-3.997989679373570304e-02,-6.668620954544404178e+00,-3.254085317896806551e+00
-8.917102735364637045e-01,-1.000789905282359449e+01,-2.858839431817101762e+00
-1.782523760260479762e+00,-6.332062915326412522e+00,-2.435028396320955579e+00
-2.130367547294249153e+00,-1.418079887263778316e+00,-1.986886875800547125e+00
-2.194434334371101691e+00,-1.986525456499829978e-01,-1.518892641673345700e+00
-2.200784411734232116e+00,1.502920487864899991e-02,-1.035721831072731636e+00
-2.196207468018467335e+00,6.823525353223369727e-02,-5.422022234932823981e-01
-2.187815408668861927e+00,9.850998078052619622e-02,-4.326500226796210075e-02
-2.176581850411929864e+00,1.261110927881060051e-01,4.561045171972247791e-01
-2.162581488760494608e+00,1.540013476743516962e-01,9.509167000243949897e-01
-2.145756070009437799e+00,1.826403275136848914e-01,1.436227447651214018e+00
-2.126024351579064664e+00,2.121401744383314136e-01,1.907187598599086931e+00
-2.103296137796642817e+00,2.425851247125671017e-01,2.359091380686422657e+00
-2.077471736555714266e+00,2.740845834030621875e-01,2.787423430470604480e+00
-2.048438563885338404e+00,3.067891110461821169e-01,3.187903910172971589e+00
-2.016066364931703880e+00,3.409041000775827057e-01,3.556531271260929827e+00
-1.980200877005792837e+00,3.767078724893958008e-01,3.889622237384046333e+00
-1.940655320197242961e+00,4.145776233290633939e-01,4.183848607209355919e+00
-1.897198726921409007e+00,4.550276019900599822e-01,4.436270509359755643e+00
-1.849539562532068970e+00,4.987666120994285746e-01,4.644365777229203296e+00
-1.797302158090494872e+00,5.467868627393929204e-01,4.806055150134180387e+00
-1.739991862842190873e+00,6.005053650202477611e-01,4.919723049025632733e+00
-1.676941923084247277e+00,6.619966496881179996e-01,4.984233719135405138e+00
-1.607229662817258431e+00,7.343908354402574057e-01,4.998942578291323713e+00
-1.529538896608321208e+00,8.225853506182297936e-01,4.963702657497338855e+00
-1.441923532785094553e+00,9.345840127706249723e-01,4.878866069430248587e+00
-1.341379239875400753e+00,1.084168949475614152e+00,4.745280490173977128e+00
-1.223017713276467688e+00,1.296602958970858754e+00,4.564280689351935649e+00
-1.078356563402727009e+00,1.621745000313254303e+00,4.337675193281290476e+00
-8.914845707512799589e-01,2.166561556242615705e+00,4.067728214423349087e+00
-6.298045647269777669e-01,3.178955947630064394e+00,3.757137027656650030e+00
-2.217497693155925098e-01,5.223924869826237050e+00,3.409005019467245656e+00
4.711147522819381095e-01,8.808433731444020864e+00,3.026810679315265595e+00
1.438207349705181048e+00,9.047260272408443882e+00,2.614372843019642900e+00
2.035984023916062480e+00,2.988897387727437849e+00,2.175812535465689201e+00
2.179481461164372025e+00,4.996303361660401898e-01,1.715511793841343113e+00
2.199979780811804009e+00,3.914319069354849773e-02,1.238069882909868635e+00
2.198400702276120278e+00,-5.115983413282480102e-02,7.482573397502078061e-01
2.191375812258238742e+00,-8.658752567858279958e-02,2.509683071927785725e-01
2.181298305546736316e+00,-1.146708511250480039e-01,-2.488283678418158062e-01
2.168450431662637623e+00,-1.423551027574926908e-01,-7.461387823931510122e-01
2.152805215923246251e+00,-1.706746367013892984e-01,-1.235993875890134097e+00
2.134287634960356783e+00,-1.998180148119018951e-01,-1.713499080358118931e+00
2.112810922376966438e+00,-2.298706981251074088e-01,-2.173883226284257564e+00
2.088279537261221286e+00,-2.609295243319533775e-01,-2.612546215544823802e+00
2.060586600344468167e+00,-2.931268162713360215e-01,-3.025104984966088040e+00
2.029609668184493287e+00,-3.266438169652085000e-01,-3.407437301325598966e+00
1.995205086586403276e+00,-3.617265791851476120e-01,-3.755722950153391970e+00
1.957200460997437164e+00,-3.987082868261178081e-01,-4.066481906835807791e+00
1.915384421407967164e+00,-4.380417915185713107e-01,-4.336609108551757963e+00
1.869492394672273017e+00,-4.803481428912534934e-01,-4.563405479657635766e+00
1.819186344844537562e+00,-5.264907663423284978e-01,-4.744604900499319378e+00
1.764025157791634824e+00,-5.776920460246036670e-01,-4.878396850176978994e+00
1.703420072351043979e+00,-6.357224866770838645e-01,-4.963444497042820203e+00
1.636565374944722429e+00,-7.032190353252830706e-01,-4.998898056140934187e+00
1.562326528366445144e+00,-7.842436321501048413e-01,-4.984403280148833382e+00
1.479051656442240903e+00,-8.853116039410353633e-01,-4.920104998971329913e+00
1.384237612098813797e+00,-1.017393140634511584e+00,-4.806645672618280685e+00
1.273902992459785777e+00,-1.200065131646105510e+00,-4.645158971828338146e+00
1.141328444992022906e+00,-1.470767589964948829e+00,-4.437258450579404823e+00
9.743233812232777735e-01,-1.907085370665803303e+00,-4.185021423665988394e+00
7.488049764367684658e-01,-2.683834563441741317e+00,-3.890968210451229758e+00
4.130020029824876815e-01,-4.212608007959664391e+00,-3.558036952151945709e+00
-1.443146070194928077e-01,-7.230387877505380700e+00,-3.189554254324933336e+00
-1.042566673886972328e+00,-1.008037231131232048e+01,-2.789201947853782837e+00
-1.869606614711962767e+00,-5.320376706041106019e+00,-2.360980300591409620e+00
-2.148764445634148146e+00,-1.081791642634259087e+00,-1.909168047185425543e+00
-2.196694618796000142e+00,-1.395535572245766021e-01,-1.438279636535843897e+00
-2.200170751497569022e+00,2.738045081451650001e-02,-9.530201240045840239e-01
-2.194803455671768599e+00,7.379097669107480273e-02,-4.582381591358720141e-01
-2.185914618641203067e+00,1.031952782506346949e-01,4.112246144184329710e-02
-2.174215155646099795e+00,1.307886439365772979e-01,5.400721917671974515e-01
-2.159741324457217893e+00,1.588004836057687885e-01,1.033625591440446856e+00
-2.142428755149971664e+00,1.875865682785795019e-01,1.516851139495751566e+00
-2.122194473065249110e+00,2.172475327203952089e-01,1.984920509495748719e+00
-2.098946778563380189e+00,2.478705646411318020e-01,2.433156813563699394e+00
-2.072583985447177479e+00,2.795713952059666885e-01,2.857081333217334596e+00
-2.042990773417709960e+00,3.125091207142572935e-01,3.252458270145626607e+00
-2.010033167968034995e+00,3.469004081503241910e-01,3.615337069737014186e+00
-1.973551877625293605e+00,3.830387216371373138e-01,3.942091894525561635e+00
-1.933353315832060826e+00,4.213220336538927024e-01,4.229457853069701123e+00
-1.889197239383593629e+00,4.622937668917820875e-01,4.474563622323918466e+00
-1.840779326228181967e+00,5.067047139289726498e-01,4.674960137524417192e+00
-1.787705993171787577e+00,5.556091834970541266e-01,4.828645062916825381e+00
-1.729456971331088333e+00,6.105188578369399321e-01,4.934082798843893336e+00
-1.665327930490281938e+00,6.736576324098217938e-01,4.990219825248592755e+00
-1.599308832042581230e+00,4.981914858643087807e-01,-2.660348123416451216e+00
-1.569234410903375787e+00,1.425216245021196926e-01,-3.069706482052713348e+00
-1.565635092857112109e+00,-5.329397381648869753e-02,-3.448392735302727274e+00
-1.577380126530142368e+00,-1.722915245539936024e-01,-3.792623099688849031e+00
-1.598627217619216001e+00,-2.467952148341600871e-01,-4.098958070465158698e+00
-1.625772048353683497e+00,-2.920765076969948915e-01,-4.364336788700919456e+00
-1.656364083386882458e+00,-3.168992072354731016e-01,-4.586107624973126740e+00
-1.688668199697621608e+00,-3.271404520887269962e-01,-4.762054674115112185e+00
-1.721449472899346800e+00,-3.270427945764626809e-01,-4.890419896240897124e+00
-1.753836249352340504e+00,-3.196799600459829804e-01,-4.969920682852744243e+00
-1.785216735621067752e+00,-3.072130121582895002e-01,-4.999762672494948212e+00
-1.815158741021760003e+00,-2.911079156340590779e-01,-4.979647687913852927e+00
-1.843350281558398418e+00,-2.723332695582713070e-01,-4.909776715402620617e+00
-1.869558300221505709e+00,-2.515223882958008139e-01,-4.790847896573431797e+00
-1.893601413385946008e+00,-2.290915632470575947e-01,-4.624049552616146030e+00
-1.915332435343832351e+00,-2.053187877254809002e-01,-4.411048310755006696e+00
-1.934627212327699075e+00,-1.803930171568502994e-01,-4.153972451518452402e+00
-1.951377334540281172e+00,-1.544439503011844905e-01,-3.855390643244271942e+00
-1.965485174951893121e+00,-1.275597872339407080e-01,-3.518286276277251989e+00
-1.976860311677449245e+00,-9.979775175454140557e-02,-3.146027653335922825e+00
-1.985416764330258044e+00,-7.119019482431049317e-02,-2.742334333854276274e+00
-1.991070688980158376e+00,-4.174785236551799977e-02,-2.311239968642662124e+00
-1.993738293794409699e+00,-1.146109875801610070e-02,-1.857051996173942454e+00
-1.993333798179919292e+00,1.970039455994960012e-02,-1.384308603217685896e+00
-1.989767284507096834e+00,5.178946236938310188e-02,-8.977333798892862537e-01
-1.982942294037095099e+00,8.488478720214269468e-02,-4.021881221300034892e-01
-1.972753001184810895e+00,1.190960547205894005e-01,9.737574670470010296e-02
-1.959080761447566488e+00,1.545714330695527050e-01,5.959666498279935221e-01
-1.941789762285390353e+00,1.915082061743141051e-01,1.088602732185508959e+00
-1.920721401120136784e+00,2.301678671494553907e-01,1.570361638526174719e+00
-1.895686849540746399e+00,2.708977258356544127e-01,2.036429696913459875e+00
-1.866457001494684853e+00,3.141623049050421002e-01,2.482150016309865759e+00
-1.832748582059487985e+00,3.605898574994738093e-01,2.903069017626356718e+00
-1.794204497700638168e+00,4.110429267921967833e-01,3.294980933286644209e+00
-1.750365325820044227e+00,4.667283396158851128e-01,3.653969830729286272e+00
-1.700626760801026816e+00,5.293741517183970791e-01,3.976448739877751937e+00
-1.644174032558292087e+00,6.015247573345500198e-01,4.259195493682272016e+00
-1.579877062039069413e+00,6.870539188070854397e-01,4.499384923581360773e+00
-1.506115587526346555e+00,7.921003494728164895e-01,4.694617088231721524e+00
-1.420472706428707266e+00,9.268710348277013900e-01,4.842941253397377466e+00
-1.319165770935073922e+00,1.109347223273586813e+00,4.942875383433587899e+00
-1.195915163030096151e+00,1.373481393363507053e+00,4.993420949593271096e+00
-1.039511634573158316e+00,1.788856233593714151e+00,4.994072907194159860e+00
-8.281178129770490060e-01,2.511545950763903079e+00,4.944824741961923564e+00
-5.149808983991398526e-01,3.916624890926965641e+00,4.846168535117658216e+00
4.271797013151300282e-03,6.790850157487322569e+00,4.699090046565849832e+00
8.834860661584986730e-01,1.045701097581866179e+01,4.505058865316230232e+00
1.816757996221916471e+00,6.579200646412083131e+00,4.266013725534708811e+00
2.173806001388536746e+00,1.447197412009707529e+00,3.984343134970256717e+00
2.242771191464306924e+00,2.712487095773181145e-01,3.662861509296980955e+00
2.257988096900022779e+00,8.551351507127960550e-02,3.304781050837665823e+00
2.264131045399140785e+00,4.424647643542829745e-02,2.913679652671930853e+00
2.267370287002978824e+00,2.128655393056290077e-02,2.493465148777352258e+00
2.268428501163773703e+00,-1.645846845018000034e-04,2.048336267476535522e+00
2.267315983828878778e+00,-2.221818269540500046e-02,1.582740678285867508e+00
2.263957605547580076e+00,-4.508357655451029899e-02,1.101330551400933944e+00
2.258272907830657594e+00,-6.873684000399180039e-02,6.089160737954468772e-01
2.250185283598790331e+00,-9.313491467596569928e-02,1.104173864793475957e-01
2.239622085161521614e+00,-1.182429985827612995e-01,-3.891845769103335906e-01
2.226513547558559125e+00,-1.440385246065820080e-01,-8.848978589509191028e-01
2.210791490995451802e+00,-1.705125849194729926e-01,-1.371769357401311007e+00
2.192387878986170602e+00,-1.976715360836427127e-01,-1.844934315978319139e+00
2.171233184962428897e+00,-2.255392705985218016e-01,-2.299664932346637158e+00
2.147254487531817801e+00,-2.541604182272160783e-01,-2.731417597709314471e+00
2.120373186031874191e+00,-2.836048028911474783e-01,-3.135878295936695981e+00
2.090502188820245522e+00,-3.139736251366715969e-01,-3.509005708674482804e+00
2.057542369225442425e+00,-3.454080672226561011e-01,-3.847071595651851972e+00
2.021377997963755835e+00,-3.781013727900893739e-01,-4.146698046774307755e+00
1.981870729595406111e+00,-4.123160186175985897e-01,-4.404891233761373037e+00
1.938851516551493681e+00,-4.484085185023877762e-01,-4.619071324077925311e+00
1.892109499803419137e+00,-4.868659434874270109e-01,-4.787098258297294961e+00
1.841376396175115060e+00,-5.283609016569020822e-01,-4.907293133285176800e+00
1.786304014852135635e+00,-5.738364449660876554e-01,-4.978454977582973839e+00
1.726430999498248298e+00,-6.246410603065370992e-01,-4.999872751355280087e+00
1.661132137674941500e+00,-6.827505153113464509e-01,-4.971332451010722409e+00
1.589538439368236578e+00,-7.511464915881150839e-01,-4.893119247494813528e+00
1.510406157200443911e+00,-8.344914093168820379e-01,-4.766014636900047563e+00
1.421892338009021817e+00,-9.403924534470772256e-01,-4.591288631857440627e+00
1.321149782613984858e+00,-1.081908371794239265e+00,-4.370687071743319052e+00
1.203550824460407620e+00,-1.282855209878313030e+00,-4.106414178471253784e+00
1.061093225020407260e+00,-1.589874210035425062e+00,-3.801110532201125825e+00
8.788669130989075207e-01,-2.101912077296016701e+00,-3.457826687003127120e+00
6.266523035712323608e-01,-3.044939557615592207e+00,-3.079992690133575017e+00
2.389679008110321967e-01,-4.928619556290742665e+00,-2.671383809432954060e+00
-4.117868436405252019e-01,-8.283044706724531636e+00,-2.236082811355933231e+00
-1.345345471856235653e+00,-9.122749672720379621e+00,-1.778439166500376478e+00
-1.980467157929050037e+00,-3.393128315944546003e+00,-1.303025590262021138e+00
-2.146653146741346330e+00,-5.811335647228390577e-01,-8.145923528781728873e-01
-2.168823520882668276e+00,-1.632660179016099875e-02,-3.180198153233180780e-01
-2.163565385603227309e+00,9.648928936987069549e-02,1.817303346018206978e-01
-2.151661150122142985e+00,1.378245716868312098e-01,6.796646588141285195e-01
-2.136308484553291809e+00,1.687586826814412022e-01,1.170807862709791092e+00
-2.117932262869791860e+00,1.988194620730062978e-01,1.650252507683928505e+00
-2.096520328303568270e+00,2.295692287197252934e-01,2.113208045596677742e+00
-2.071983320912345938e+00,2.613549807111495982e-01,2.555048685307736989e+00
-2.044207962105357712e+00,2.943672136876945844e-01,2.971359612979643572e+00
-2.013061376516716017e+00,3.288191013440976973e-01,3.357981104304917253e+00
-1.978386240284429665e+00,3.649915228152192936e-01,3.711050087949587795e+00
-1.939992506050645993e+00,4.032634968059393143e-01,4.027038744840957918e+00
-1.897645758657284798e+00,4.441510831469644982e-01,4.302789757680261395e+00
-1.851050833998666878e+00,4.883648906249424271e-01,4.535547858434218149e+00
-1.799828262517884081e+00,5.368986866353407938e-01,4.722987358627629639e+00
-1.743479469607568166e+00,5.911702679527761628e-01,4.863235387307817348e+00
-1.681333778237772636e+00,6.532531292918054566e-01,4.954890604528749520e+00
-1.612464864461069292e+00,7.262724361141105200e-01,4.997037203356524238e+00
-1.535553749634751108e+00,8.151124869562672570e-01,4.989254060491294496e+00
-1.448653610509650580e+00,9.277469102540841783e-01,4.931618944078476119e+00
-1.348763983729414306e+00,1.077891484102676323e+00,4.824707736657619428e+00
-1.231010482272901108e+00,1.290664207984962397e+00,4.669588681018438159e+00
-1.086946631014675146e+00,1.615606425530011769e+00,4.467811706464745569e+00
-9.007450496907718485e-01,2.159002661072728646e+00,4.221392942115254954e+00
-6.399870022771624312e-01,3.167576861954459311e+00,3.932794572010512191e+00
-2.333457221917170921e-01,5.207636022860111069e+00,3.604900233291040035e+00
4.586283744857200806e-01,8.819928942355067747e+00,3.240986203268994892e+00
1.432270110931092910e+00,9.162418270901671491e+00,2.844688663307623600e+00
2.039454478288830419e+00,3.041698273078288217e+00,2.419967366553162691e+00
2.185718286409728872e+00,5.142522844114932878e-01,1.971066072612597697e+00
2.207492199474146322e+00,5.160840704527740186e-02,1.502470144455630319e+00
2.207213250193683418e+00,-3.762630814593029976e-02,1.018861731272149518e+00
2.201585119103048438e+00,-7.222947776307189760e-02,5.250729850248065933e-01
2.192977304133374883e+00,-9.964801196990019649e-02,2.603777823593849891e-02
2.181663278810431539e+00,-1.267017354161429077e-01,-4.732575946296023739e-01
2.167615378216142474e+00,-1.543776144187541111e-01,-9.678242395479770277e-01
2.150761141225355555e+00,-1.828407356938805128e-01,-1.452720511339690157e+00
2.131018467177299591e+00,-2.121562725593632015e-01,-1.923101389923261628e+00
2.108298629241468714e+00,-2.423978074394869953e-01,-2.374266891126281642e+00
2.082504153996747043e+00,-2.736686827736449779e-01,-2.801709028315864547e+00
2.053525294152944269e+00,-3.061128287173215945e-01,-3.201156855595749917e+00
2.021235380315432373e+00,-3.399271404561217125e-01,-3.568619142561994195e+00
1.985484716795955284e+00,-3.753786335561145049e-01,-3.900424254138996183e+00
1.946092412233821678e+00,-4.128291237675844050e-01,-4.193256837083088051e+00
1.902835205711315147e+00,-4.527714802955232209e-01,-4.444190946547934118e+00
1.855431828322215537e+00,-4.958840663967322149e-01,-4.650719281758438406e+00
1.803520571319488397e+00,-5.431145806270858412e-01,-4.810778238620897262e+00
1.746626231738947377e+00,-5.958129644446574780e-01,-4.922768528987860215e+00
1.684109922021352901e+00,-6.559491744068569608e-01,-4.985571160536317770e+00
1.615090231563540035e+00,-7.264837720239187835e-01,-4.998558617590700415e+00
1.538314491841902498e+00,-8.120265717066326161e-01,-4.961601131180792379e+00
1.451938941949122874e+00,-9.200672946010499675e-01,-4.875067975673577969e+00
1.353133271366261159e+00,-1.063411429246873707e+00,-4.739823779031434370e+00
1.237324719798768902e+00,-1.265330866198238091e+00,-4.557219883568056851e+00
1.096647951478484817e+00,-1.571290082153876000e+00,-4.329080843505568765e+00
9.165061406115744269e-01,-2.077737646507453295e+00,-4.057686194272004165e+00
6.673400854823140493e-01,-3.006270875394930986e+00,-3.745747675680672018e+00
2.846101224236456950e-01,-4.869564972863778429e+00,-3.396382136577531075e+00
-3.622165953540912864e-01,-8.305827115337402589e+00,-3.013080391708498507e+00
-1.317493066707624783e+00,-9.548035880645510787e+00,-2.599672341936360542e+00
-1.991420360224415154e+00,-3.634231169077728918e+00,-2.160288706385002921e+00
-2.170062369828285931e+00,-6.405541949397290935e-01,-1.699319748827293752e+00
-2.196991443960209178e+00,-6.057392816361600180e-02,-1.221371410761021403e+00
-2.196324491050845484e+00,4.871276489933659692e-02,-7.312192894191695824e-01
-2.189356459944700628e+00,8.705003752286059882e-02,-2.337609206440046938e-01
-2.179201203167359324e+00,1.156372558462992056e-01,2.660331566541407899e-01
-2.166248419334313446e+00,1.434684798404186057e-01,7.631690654755790559e-01
-2.150486900035995852e+00,1.718853600797884129e-01,1.252679488878594372e+00
-2.131843497238025797e+00,2.011245822846582931e-01,1.729673302787277045e+00
-2.110231020410894498e+00,2.312810946486607011e-01,2.189384447444990389e+00
-2.085552914888937792e+00,2.624558313511344276e-01,2.627219549268061005e+00
-2.057700899675100725e+00,2.947850951807197140e-01,3.038803817217714975e+00
-2.026550687261467587e+00,3.284551036618603148e-01,3.420024755163418195e+00
-1.991956207289048431e+00,3.637184795910636814e-01,3.767073253389802812e+00
-1.953741882903298865e+00,4.009173055997892754e-01,4.076481648726471008e+00
-1.911692111832772767e+00,4.405167590784784259e-01,4.345158372986778872e+00
-1.865536616325318420e+00,4.831553705564460843e-01,4.570418843503129658e+00
-1.814929539261088021e+00,5.297220085301996839e-01,4.750012287140259915e+00
-1.759418817809986990e+00,5.814771749224251218e-01,4.882144229715660089e+00
-1.698399975743004386e+00,6.402503744052180368e-01,4.965494426153905572e+00
-1.631044060960653574e+00,7.087733364232656763e-01,4.999230052200073438e+00
-1.556180934705883701e+00,7.912669217156801382e-01,4.983014025895214694e+00
-1.472101836149549925e+00,8.945264499560835469e-01,4.917008375651716001e+00
-1.376208058015445657e+00,1.030044677773805928e+00,4.801872621287577303e+00
-1.264347785705848048e+00,1.218441307069372481e+00,4.638757184189016947e+00
-1.129475461213403698e+00,1.499402590129923052e+00,4.429291892456919122e+00
-9.587228227503523659e-01,1.955762560261844696e+00,4.175569695868873943e+00
-7.264746903883186890e-01,2.775397218663235410e+00,3.880125753404437106e+00
-3.773476104392752828e-01,4.399718862628945182e+00,3.545912102263951482e+00
2.061779760758329916e-01,7.560782069966647256e+00,3.176268161511710986e+00
1.127431991191215621e+00,1.002656453249809410e+01,2.774887365019528929e+00
1.912737142152495906e+00,4.778042211502773640e+00,2.345780257170720251e+00
