-1.508101929643379302e+00,-1.076737206091323173e+01,-1.084229357247979530e+00
-5.169783726786900679e-01,-1.108774409632757063e+01,-9.110300049146857759e-01
5.189121823719166082e-01,-1.131214983438630739e+01,-7.287277600102131103e-01
1.590389554942792216e+00,-1.143458402289609133e+01,-5.391441627114130775e-01
2.687488149846277707e+00,-1.144988740120019521e+01,-3.441735075053675152e-01
3.799516914856943206e+00,-1.135384009958416840e+01,-1.457639156599140062e-01
4.915113934033181309e+00,-1.114325105363863777e+01,5.410213015231860045e-02
6.022281213435080716e+00,-1.081604454273512772e+01,2.534275945612952108e-01
7.108371223311130471e+00,-1.037134706133412720e+01,4.502208436156069915e-01
8.159966973305476046e+00,-9.809581977082768134e+00,6.425155449282373699e-01
9.162532084005295729e+00,-9.132588315379825517e+00,8.283903150124058978e-01
1.009956086845303602e+01,-8.343799196367113424e+00,1.005987917497030759e+00
1.095062652510605616e+01,-7.448557885322180994e+00,1.173533820376717163e+00
1.168698190311605423e+01,-6.454744318134356007e+00,1.329353926922660412e+00
1.226179923745175060e+01,-5.374094223951948912e+00,1.471891303024965403e+00
1.258943407159044803e+01,-4.225022950292775192e+00,1.599721733877803143e+00
1.250670022835679163e+01,-3.038463464767599209e+00,1.711567954547339898e+00
1.172609371872562356e+01,-1.868425987179501258e+00,1.806312412235780096e+00
9.878387239884716564e+00,-8.044833518666416605e-01,1.883008432722648839e+00
6.875102376637706847e+00,3.402108530656289959e-02,1.940889679409697699e+00
3.428529822363072022e+00,5.543952365154171114e-01,1.979377810456410369e+00
6.472504527095945814e-01,7.629506960138666694e-01,1.998088257493537689e+00
-1.021326236131594900e+00,7.508230214489739485e-01,1.996834068184102362e+00
-1.820474976718152060e+00,6.169656314162383914e-01,1.975627774223528865e+00
-2.119773633685264169e+00,4.275334198215036130e-01,1.934681266125458432e+00
-2.165961918594776936e+00,2.182838609858049894e-01,1.874403676039470890e+00
-2.088122440022094572e+00,7.120337270353999624e-03,1.795397289756196946e+00
-1.948489532164500826e+00,-1.969858478364054921e-01,1.698451528746528494e+00
-1.777002180400204301e+00,-3.893355252190917049e-01,1.584535062365604707e+00
-1.588872989996275242e+00,-5.673194942978239119e-01,1.454786129032906716e+00
-1.392688102920179416e+00,-7.294349687805777860e-01,1.310501163112657519e+00
-1.194007420997843072e+00,-8.748444256605169000e-01,1.153121841097191957e+00
-9.969412377539067505e-01,-1.003173641075220557e+00,9.842206765732963714e-01
-8.048325328359244857e-01,-1.114413779491437495e+00,8.054853078700505709e-01
-6.205450036049271478e-01,-1.208867890197480310e+00,6.187016353975324234e-01
-4.465770780681611041e-01,-1.287115471347199058e+00,4.257359771636695100e-01
-2.850994936890192122e-01,-1.349983458178038997e+00,2.285164207689799887e-01
-1.379602285769213066e-01,-1.398518538009840384e+00,2.901355820762820115e-02
-6.676779533785700410e-03,-1.433958656424402456e+00,-1.707792040334825956e-01
1.075748803468548065e-01,-1.457702948271206500e+00,-3.688655628169058009e-01
2.039701956888956003e-01,-1.471279978172857605e+00,-5.632662651760990125e-01
2.820425792321005765e-01,-1.476314495683557437e+00,-7.520388847374713803e-01
3.416855251657888726e-01,-1.474493074261355119e+00,-9.332972301941091509e-01
3.831497560088776844e-01,-1.467529089737299008e+00,-1.105230191882438096e+00
4.070351875355180948e-01,-1.457127539447684583e+00,-1.266119838152931498e+00
4.142776912730181116e-01,-1.444950224594032218e+00,-1.414358580718300340e+00
4.061307706190820932e-01,-1.432581823804273569e+00,-1.548465237465246558e+00
3.841423721170320049e-01,-1.421497379308119369e+00,-1.667099832234284484e+00
3.501271400989623972e-01,-1.413031700804905144e+00,-1.769076983677808412e+00
3.061344959521843934e-01,-1.408351167390284875e+00,-1.853377749448306355e+00
2.544129849444773939e-01,-1.408428375914883901e+00,-1.919159807328012057e+00
1.973713849773907070e-01,-1.414020045787813595e+00,-1.965765871604558956e+00
1.375371138557260065e-01,-1.425648546391540039e+00,-1.992730260583789992e+00
7.751250569177560445e-02,-1.443587364693575070e+00,-1.999783549620292922e+00
1.992955398944349851e-02,-1.467850778008523038e+00,-1.986855263173193276e+00
-3.259626033300400128e-02,-1.498187940767775617e+00,-1.954074578988536093e+00
-7.751242269415579977e-02,-1.534081535121861517e+00,-1.901769037371026094e+00
-1.123754776643892950e-01,-1.574751073733144713e+00,-1.830461268448329681e+00
-1.348961146934923028e-01,-1.619160879771029515e+00,-1.740863770113540321e+00
-1.429826037036655006e-01,-1.666032704435423950e+00,-1.633871788842936601e+00
-1.347819479717431990e-01,-1.713862877065788437e+00,-1.510554374509593512e+00
-1.087181400853776958e-01,-1.760943817719405002e+00,-1.372143698576973936e+00
-6.352693348165819320e-02,-1.805389677904080781e+00,-1.220022742402939508e+00
1.713422759499799893e-03,-1.845165812774373526e+00,-1.055711478671037540e+00
8.755599477419470644e-02,-1.878121728435123705e+00,-8.808516840223890032e-01
1.941639781155136135e-01,-1.902027091908965684e+00,-6.971905346349676069e-01
3.212949146261707134e-01,-1.914610339640078873e+00,-5.065631486814063944e-01
4.682906467174638987e-01,-1.913599373906667678e+00,-3.108742500483799853e-01
6.340732737492793536e-01,-1.896763795857687063e+00,-1.120791365980402937e-01
8.171473010209919785e-01,-1.861958089734697674e+00,8.783585691556709818e-02
1.015608094443616993e+00,-1.807165145637013914e+00,2.868732060433816788e-01
1.227156674627651212e+00,-1.730539488376396706e+00,4.830441556441739115e-01
1.449120804078408931e+00,-1.630449567811623091e+00,6.743885912656157888e-01
1.678482241742661918e+00,-1.505518461718135637e+00,8.589946243513368884e-01
1.911909961562830107e+00,-1.354662345763954612e+00,1.035017695584252051e+00
2.145799057076157812e+00,-1.177126096468593897e+00,1.200699005469206604e+00
2.376314983469754782e+00,-9.725154118197300024e-01,1.354383088046523520e+00
2.599442721853143290e+00,-7.408248604887526234e-01,1.494534352078226158e+00
2.811040387833868337e+00,-4.824613037120452086e-01,1.619752424477985286e+00
3.006896745359947332e+00,-1.982621740845987024e-01,1.728786142655708735e+00
3.182792023869985165e+00,1.104918573491935063e-01,1.820546055970380994e+00
3.334561366036461028e+00,4.420702395188594869e-01,1.894115311378274491e+00
3.458160146961109849e+00,7.942922753052771290e-01,1.948758814508558812e+00
3.549730294935218744e+00,1.164533506175266853e+00,1.983930574630500487e+00
3.605666602360284578e+00,1.549738933368822291e+00,1.999279160119182386e+00
3.622681844199127976e+00,1.946443154867677494e+00,1.994651209918139934e+00
3.597869335972834204e+00,2.350797369949423121e+00,1.970092965900045900e+00
3.528761401800686759e+00,2.758603055662308456e+00,1.925849810824793007e+00
3.413382147986337767e+00,3.165351956140554979e+00,1.862363816507071057e+00
3.250293029771511577e+00,3.566271859290166990e+00,1.780269326692658582e+00
3.038630031735586989e+00,3.956377486499456975e+00,1.680386618778739294e+00
2.778131881908435297e+00,4.330525716308711637e+00,1.563713707709514456e+00
2.469159518871305803e+00,4.683474327805940973e+00,1.431416373938965370e+00
2.112707846576920900e+00,5.009943497135272317e+00,1.284816515115031921e+00
1.710411373537681357e+00,5.304679401293346253e+00,1.125378937836906790e+00
1.264545383292946301e+00,5.562519439028637436e+00,9.546967215085632175e-01
7.780237091755373147e-01,5.778458711542435289e+00,7.744753004955962083e-01
2.543931260815505135e-01,5.947717456161170091e+00,5.865154236482582606e-01
-3.021768015682622099e-01,6.065809061196093310e+00,3.926951614546411173e-01
-8.869104044254614294e-01,6.128608119126543130e+00,1.949511406061729957e-01
-1.494451275300758830e+00,6.132417749055683487e+00,-4.740806522804900253e-03
-2.118897938821914018e+00,6.074035208304722211e+00,-2.043853841371323921e-01
-2.753850488608295510e+00,5.950814675698583578e+00,-4.019877697407636119e-01
-3.392467868121597174e+00,5.760726050383185637e+00,-5.955735461638237416e-01
-4.027534757370462515e+00,5.502408658456512391e+00,-7.832084296660131173e-01
-4.651536697990415803e+00,5.175218861827421968e+00,-9.630175970502071747e-01
-5.256742066018069259e+00,4.779270684672810354e+00,-1.133204418650454182e+00
-5.835289628052807487e+00,4.315468689684516690e+00,-1.292068410020442037e+00
-6.379280554952094562e+00,3.785532441221823863e+00,-1.438022222951516493e+00
-6.880873848547490290e+00,3.192011988130762479e+00,-1.569607506048219525e+00
-7.332384152575491143e+00,2.538293891750695863e+00,-1.685509476386515049e+00
-7.726380891051418232e+00,1.828597420204073565e+00,-1.784570056644544822e+00
-8.055787632483500715e+00,1.067960631107674585e+00,-1.865799446472295120e+00
-8.313980534831665992e+00,2.622161731796855966e-01,-1.928386012438419117e+00
-8.494884694871819519e+00,-5.820432492714445738e-01,-1.971704397767505057e+00
-8.593067209439535503e+00,-1.457509686098117374e+00,-1.995321770823125895e+00
-8.603825756539942304e+00,-2.356214840672925082e+00,-1.999002149904900882e+00
-8.523271521127577799e+00,-3.269594750789983184e+00,-1.982708761146754872e+00
-8.348405323264184830e+00,-4.188563819636788033e+00,-1.946604405956578798e+00
-8.077185855097773981e+00,-5.103597643605845668e+00,-1.891049834324683987e+00
-7.708588997588798009e+00,-6.004823965077423331e+00,-1.816600140261506402e+00
-7.242657267953929612e+00,-6.882120965037569427e+00,-1.723999215364846016e+00
-6.680538545094034220e+00,-7.725222002796469312e+00,-1.614172315956081905e+00
-6.024513332891630490e+00,-8.523825812018035464e+00,-1.488216818039274081e+00
-5.278009952377406222e+00,-9.267711073581343939e+00,-1.347391252463760791e+00
-4.445607206162122793e+00,-9.946854210062452850e+00,-1.193102729848641186e+00
-3.533024238560893870e+00,-1.055154918594204716e+01,-1.026892880917636308e+00
-2.547097534332281477e+00,-1.107252805578854193e+01,-8.504224527266784905e-01
-1.495745280633227647e+00,-1.150108098501472398e+01,-6.654547146932651147e-01
-3.879197048002028247e-01,-1.182917448303477848e+01,-4.738378402528127809e-01
7.664514192339706433e-01,-1.204956665227188850e+01,-2.774864401314204865e-01
1.956531954671948403e+00,-1.215591839603393787e+01,-7.836243181939929470e-02
3.170649459267968151e+00,-1.214289979932783936e+01,1.215445636547950042e-01
4.396365125203573143e+00,-1.200629140823664009e+01,3.202371017574650036e-01
5.620528241563300220e+00,-1.174308111645562036e+01,5.157298726540131550e-01
6.829288400781154955e+00,-1.135155932111874222e+01,7.060695381649602087e-01
8.008009160326134079e+00,-1.083141905596730759e+01,8.893542492653691012e-01
9.140959466473725925e+00,-1.018387655183244078e+01,1.063752649114456883e+00
1.021050013402332191e+01,-9.411847333538075233e+00,1.227522171720947908e+00
1.119509865226786438e+01,-8.520258721794006007e+00,1.379026453453397805e+00
1.206457199866829377e+01,-7.516688724781246833e+00,1.516751683358565916e+00
1.276875471094597536e+01,-6.412782495843421415e+00,1.639321728965581260e+00
1.321121495543698465e+01,-5.227497514912656129e+00,1.745511886421474035e+00
1.319419609105108826e+01,-3.994397137488486127e+00,1.834261117571778454e+00
1.233825458787520724e+01,-2.776227834160593488e+00,1.904682651714896036e+00
1.011932858971316485e+01,-1.684401391045772689e+00,1.956072846098880103e+00
6.435913142869744696e+00,-8.720712015947197360e-01,1.987918216628116408e+00
2.407476760988595199e+00,-4.467551687807552740e-01,1.999900568527241074e+00
-5.022528532773711252e-01,-3.717890552534872106e-01,1.991900175705161091e+00
-1.994829428557884698e+00,-5.154279128418329803e-01,1.963996977039813574e+00
-2.552985211344041883e+00,-7.610328512048025740e-01,1.916469777640117167e+00
-2.635311882575284148e+00,-1.041085220182163651e+00,1.849793463061816023e+00
-2.494551239974285295e+00,-1.322459120813521682e+00,1.764634254313161676e+00
-2.248449979216470052e+00,-1.589356656953812896e+00,1.661843051061800747e+00
-1.950191672870252857e+00,-1.833868464358399564e+00,1.542446929556663626e+00
-1.624995618621883908e+00,-2.051690130778239141e+00,1.407638880213932575e+00
-1.286266048827504394e+00,-2.240298304319910727e+00,1.258765887423018093e+00
-9.423644636020476195e-01,-2.398183664502389956e+00,1.097315470640140900e+00
-5.994131638533993778e-01,-2.524523764145032434e+00,9.249008212981532084e-01
-2.624516441133450950e-01,-2.619037482301666664e+00,7.432446840065701776e-01
6.409296094972420643e-02,-2.681913850191473436e+00,5.541621431129156727e-01
3.762244043506124958e-01,-2.713770350411721655e+00,3.595424866174911083e-01
6.703188258674179778e-01,-2.715621642090998655e+00,1.613303286549584992e-01
9.431183742589528407e-01,-2.688850562055601134e+00,-3.849382083556990297e-02
1.191745916847589237e+00,-2.635177954569434267e+00,-2.379333451102340069e-01
1.413726800483419144e+00,-2.556629973070772888e+00,-4.349954705391266829e-01
1.607011061621592907e+00,-2.455502463124429546e+00,-6.277111781613257113e-01
1.769992824188053149e+00,-2.334322504852170077e+00,-8.141548778501096484e-01
1.901525177310957604e+00,-2.195807436235541310e+00,-9.924636485611080250e-01
2.000929582121986350e+00,-2.042821815270899233e+00,-1.160855852395545895e+00
2.067999256043873579e+00,-1.878332862200160047e+00,-1.317648936492936906e+00
2.102996223545634980e+00,-1.705364976744592642e+00,-1.461276244879040620e+00
2.106641898040882754e+00,-1.526953959547671547e+00,-1.590302672289511499e+00
2.080101214725938341e+00,-1.346101585561977121e+00,-1.703439003544762631e+00
2.024960487266790565e+00,-1.165731180439652626e+00,-1.799554795233366589e+00
1.943199315311431530e+00,-9.886448390227814409e-01,-1.877689670945007938e+00
1.837157017428936889e+00,-8.174828972629054613e-01,-1.937062917228358883e+00
1.709494191873891289e+00,-6.546862267167403715e-01,-1.977081284377697923e+00
1.563150101213576892e+00,-5.024618663393130014e-01,-1.997344914106323976e+00
1.401296626317726224e+00,-3.627524435088764765e-01,-1.997651334878219220e+00
1.227289539019629450e+00,-2.372097694913606059e-01,-1.977997484977137566e+00
1.044617809429112310e+00,-1.271729280710265919e-01,-1.938579743097976760e+00
8.568516098846025164e-01,-3.365111283260940195e-02,-1.879791966159785055e+00
6.675896221141427445e-01,4.268859031102410079e-02,-1.802221553934677534e+00
4.804062139163131073e-01,1.015283337745900988e-01,-1.706643579828706736e+00
2.987990348052917966e-01,1.429014639216175109e-01,-1.594013046449294757e+00
1.261375864904339117e-01,1.671892672603109975e-01,-1.465455343344178596e+00
-3.438665446055109987e-02,1.751125292899705921e-01,-1.322255002256346623e+00
-1.798079593753565963e-01,1.677179881159991115e-01,-1.165842862250990875e+00
-3.074312958117013106e-01,1.463598284386798121e-01,-9.977817729588431828e-01
-4.148738796611877166e-01,1.126764273209680950e-01,-8.197509787839037942e-01
-5.001027261932752266e-01,6.856262953203549892e-02,-6.335293401262541702e-01
-5.614676309417681033e-01,1.613789530454620008e-02,-4.409775592223533769e-01
-5.977290629718586823e-01,-4.228927470452570336e-02,-2.440195882646095105e-01
-6.080805172111184431e-01,-1.042601751768104934e-01,-4.462340551973850017e-02
-5.921649454039265015e-01,-1.672074790174092052e-01,1.552186484524946120e-01
-5.500849641415260782e-01,-2.284990088923551932e-01,3.535097780053799155e-01
-4.824066211212217903e-01,-2.854831013458746791e-01,5.482686841260107080e-01
-3.901565857953103733e-01,-3.355349375425499270e-01,7.375493613156958173e-01
-2.748127167507363744e-01,-3.761031928483006270e-01,9.194605418254278018e-01
-1.382880446048778966e-01,-4.047563439114394979e-01,1.092184592942616606e+00
1.709170503074260161e-02,-4.192279668043016883e-01,1.253995678559086890e+00
1.886168395557001054e-01,-4.174603631421516803e-01,1.403277003486208319e+00
3.732283874714644734e-01,-3.976458629808575229e-01,1.538536968264183846e+00
5.675583768332845835e-01,-3.582651735041044727e-01,1.658424073028624157e+00
7.679752595292331785e-01,-2.981221709162693023e-01,1.761740421520298305e+00
9.706339666449127490e-01,-2.163745692595354098e-01,1.847453690307769625e+00
1.171530015002826497e+00,-1.125599437506599049e-01,1.914707443628002048e+00
1.366557024943250154e+00,1.338336268338610052e-02,1.962829690781111580e+00
1.551566954230187090e+00,1.611008630423186039e-01,1.991339600570336099e+00
1.722432302062494758e+00,3.298124290270835202e-01,1.999952305709668865e+00
1.875109489238078408e+00,5.183089510973065694e-01,1.988581749176641544e+00
2.005702574937090699e+00,7.249553571533313701e-01,1.957341544083883278e+00
2.110526426321282845e+00,9.477001081625680001e-01,1.906543838471767005e+00
2.186168415244883700e+00,1.184091200048390968e+00,1.836696196366046419e+00
2.229547679920947711e+00,1.431298606343259117e+00,1.748496526264545547e+00
2.237970965204620910e+00,1.686142996239294423e+00,1.642826107726792495e+00
2.209184054150824750e+00,1.945130459403998424e+00,1.520740785741646839e+00
2.141417839904256049e+00,2.204492865192792195e+00,1.383460420871529983e+00
2.033428175253777059e+00,2.460233384369599374e+00,1.232356700552035278e+00
1.884528786623939522e+00,2.708176611606821549e+00,1.068939433379192616e+00
1.694616746725907896e+00,2.944022653825846270e+00,8.948414632975170147e-01
1.464190244291243559e+00,3.163404497550878602e+00,7.118023544370315481e-01
1.194358629981991049e+00,3.361947940538834612e+00,5.216510096161641741e-01
8.868449035695066263e-01,3.535333366430482460e+00,3.262873961841654125e-01
5.439808936847776444e-01,3.679358648586322555e+00,1.276635617960338032e-01
1.338804720994606068e-01,3.789391749914659879e+00,-1.061905633181173370e+00
-3.671903605042434182e-01,3.854434734781790883e+00,-1.225800059468276304e+00
-8.877440486812080422e-01,3.869146292036651058e+00,-1.377446452001566346e+00
-1.421317348382608703e+00,3.830863715635782984e+00,-1.515329579875280608e+00
-1.961082063419155697e+00,3.737542272471058524e+00,-1.638071732922713242e+00
-2.499915340515241002e+00,3.587801081840038542e+00,-1.744446487615876507e+00
-3.030478086787211645e+00,3.380962406767748174e+00,-1.833390961328869917e+00
-3.545300474634905274e+00,3.117083450289118485e+00,-1.904016432521965063e+00
-4.036873015679641519e+00,2.796979863161452862e+00,-1.955617220730903494e+00
-4.497741513167864191e+00,2.422240317775403717e+00,-1.987677737634139907e+00
-4.920604241576892690e+00,1.995231660070480029e+00,-1.999877638741893060e+00
-5.298409831059720965e+00,1.519094301866964480e+00,-1.992095024239855627e+00
-5.624454466062401181e+00,9.977276563931471998e-01,-1.964407656993494955e+00
-5.892477106687855404e+00,4.357655507138405993e-01,-1.917092185552440320e+00
-6.096751506068847526e+00,-1.614583254783467925e-01,-1.850621379914385578e+00
-6.232173841731492026e+00,-7.879547525379919648e-01,-1.765659407669150083e+00
-6.294344818288010401e+00,-1.437132791730555192e+00,-1.663055197723053213e+00
-6.279645143327411638e+00,-2.101862651630697520e+00,-1.543833957912394306e+00
-6.185303333730398201e+00,-2.774547070637014112e+00,-1.409186931258357145e+00
-6.009454878226582863e+00,-3.447200563209980029e+00,-1.260459493232716000e+00
-5.751191864388069064e+00,-4.111535770150554825e+00,-1.099137708927531154e+00
-5.410602274443991888e+00,-4.759056052105244738e+00,-9.268334844967743846e-01
-4.988798263736826222e+00,-5.381153373561162745e+00,-7.452684611987006047e-01
-4.487932858292620786e+00,-5.969210441841819481e+00,-5.562568129817363483e-01
-3.911204643858936958e+00,-6.514705994587794535e+00,-3.616871194958362068e-01
-3.262850168784130034e+00,-7.009322071071034443e+00,-1.635034956518106875e-01
-2.548123949416597256e+00,-7.445052059341228379e+00,3.631383372040550284e-02
-1.773266153722081073e+00,-7.814308284773310298e+00,2.357683200226821929e-01
-9.454582551671899537e-01,-8.110027898838906069e+00,4.328670401264902989e-01
-7.276720977397220513e-02,-8.325775844150674843e+00,6.256406094217054070e-01
8.359209554772616402e-01,-8.455843718796330677e+00,8.121628596353426266e-01
1.770976794281613698e+00,-8.495343450950899822e+00,9.905700848564685801e-01
2.722110299889776375e+00,-8.440294840809098531e+00,1.159079663441729080e+00
3.678457851549791879e+00,-8.287706263423826769e+00,1.316007869737490399e+00
4.628668299757799254e+00,-8.035648210615059739e+00,1.459786697646191955e+00
5.560980026583206559e+00,-7.683319989672863670e+00,1.588979527938044312e+00
6.463274986072489625e+00,-7.231110991503364893e+00,1.702295482764248469e+00
7.323084932583259210e+00,-6.680659870321728810e+00,1.798602323931563829e+00
8.127504850399587255e+00,-6.034918459062819984e+00,1.876937766090499116e+00
8.862930914423174045e+00,-5.298233628843393106e+00,1.936519091756035982e+00
9.514471437868371240e+00,-4.476472046801361238e+00,1.976750972120500993e+00
1.006475990716877256e+01,-3.577234096261440399e+00,1.997231415501093510e+00
1.049171681490068586e+01,-2.610240207410145175e+00,1.997755783988163891e+00
1.076461534130217146e+01,-1.588030556766186319e+00,1.978318838160421533e+00
1.083792639420503967e+01,-5.271864904613898783e-01,1.939114789436547692e+00
1.064394240497713540e+01,5.497176006601868226e-01,1.880535359538881623e+00
1.009057526817378836e+01,1.611545566500971916e+00,1.803165866465846978e+00
9.081832347699752006e+00,2.616697366141830905e+00,1.707779376064734844e+00
7.583776106766568326e+00,3.515395697099306993e+00,1.595328977662851200e+00
5.717328374213286324e+00,4.260565862266243897e+00,1.466938260922814763e+00
3.768083850206283891e+00,4.825308623477134518e+00,1.323890089081710908e+00
2.035014489160224649e+00,5.213428285439401400e+00,1.167613780749533703e+00
6.613443794582334334e-01,5.452039533398203019e+00,9.996708283447167664e-01
-3.782922104229604066e-01,5.574220058539672173e+00,8.217392958662620428e-01
-1.183685386710383369e+00,5.606551406576869567e+00,6.355970518944513703e-01
-1.851236236980122962e+00,5.565816628792767062e+00,4.431040053743534046e-01
-2.446625534182858885e+00,5.460880638128267073e+00,2.461835216287840966e-01
-3.006342692025047558e+00,5.295690137823588550e+00,4.680320435714210164e-02
-3.547001593158795707e+00,5.071666624236399912e+00,-1.530447644065396073e-01
-4.073639168019519197e+00,4.789222866127706979e+00,-3.513635299157292224e-01
-4.585171749399647112e+00,4.448613983854224685e+00,-5.461715170226616456e-01
-5.077504607653279045e+00,4.050379956033168583e+00,-7.355222298178546447e-01
-5.545154839454576212e+00,3.595564538744119076e+00,-9.175237007624665875e-01
-5.982054745916234317e+00,3.085820408292033523e+00,-1.090357394983361816e+00
-6.381946992056342971e+00,2.523458366687584942e+00,-1.252296380823159971e+00
-6.738593438179683481e+00,1.911468291611156500e+00,-1.401722585134171695e+00
-7.045905520095860908e+00,1.253523955872299256e+00,-1.537142960840759187e+00
-7.298043885251348506e+00,5.539765691535056824e-01,-1.657204405273529524e+00
-7.489506396823312429e+00,-1.821611969749563908e-01,-1.760707280194105495e+00
-7.615211211546668579e+00,-9.492401194187931601e-01,-1.846617398423385126e+00
-7.670576676796247995e+00,-1.741008064416411205e+00,-1.914076357304476339e+00
-7.651597953268341357e+00,-2.550652217883200734e+00,-1.962410115749690487e+00
-7.554919638801398385e+00,-3.370849714357828653e+00,-1.991135729171209512e+00
-7.377903477922952646e+00,-4.193826384845846356e+00,-1.999966174998471180e+00
-7.118690206560509992e+00,-5.011423243546629713e+00,-1.988813220573254936e+00
-6.776254604771994927e+00,-5.815170230102210347e+00,-1.957788304756408859e+00
-6.350452880924020604e+00,-6.596366623493386427e+00,-1.907201424446039573e+00
-5.842061579503758040e+00,-7.346167446378972343e+00,-1.837558037129080502e+00
-5.252807289484689335e+00,-8.055675087553696656e+00,-1.749554010416239258e+00
-4.585386531448311764e+00,-8.716035286498634349e+00,-1.644068669023912577e+00
-3.843475321694687974e+00,-9.318536549768241528e+00,-1.522156008676709638e+00
-3.031728054781634984e+00,-9.854712006479056541e+00,-1.385034164717502403e+00
-2.155765520757090936e+00,-1.031644266230831164e+01,-1.234073240668749127e+00
-1.222152094668281563e+00,-1.069606098268947925e+01,-1.070781618322474094e+00
-2.383624338496712902e-01,-1.098645373192236363e+01,-8.967908861965289136e-01
7.872615541405263428e-01,-1.118116302754292413e+01,-7.138395369133195834e-01
1.845562045623318381e+00,-1.127448465591967519e+01,-5.237555964090647720e-01
2.926622400326986728e+00,-1.126156287077663976e+01,-3.284383585379053172e-01
4.019825511822366693e+00,-1.113848122636318472e+01,-1.298394075763057987e-01
5.113905168754346420e+00,-1.090234961104033751e+01,7.005688175160069975e-02
6.196974839319616457e+00,-1.055138880971633419e+01,2.692531718901338134e-01
7.256503227756310181e+00,-1.008501619090200485e+01,4.657591195730476086e-01
8.279174034239643376e+00,-9.503940685870235328e+00,6.576112630946598925e-01
9.250497863117313813e+00,-8.810284753811975733e+00,8.428926409477138781e-01
1.015389002498379512e+01,-8.007771453489988644e+00,1.019751945855489117e+00
1.096858371260569243e+01,-7.102059460225599530e+00,1.186422022791802311e+00
1.166499413451057166e+01,-6.101407378887742539e+00,1.341237526162729399e+00
1.219462054021936481e+01,-5.018060962416529769e+00,1.482651559721811507e+00
1.246917132061162015e+01,-3.871175935823174541e+00,1.609251132954881092e+00
1.232343088365258765e+01,-2.692706705907200959e+00,1.719771279498196082e+00
1.147637729085408331e+01,-1.537593330358871802e+00,1.813107696509048017e+00
9.591609368356300180e+00,-4.945403243088529743e-01,1.888327778727279638e+00
6.637981094920841763e+00,3.228460141890401869e-01,1.944679936936642095e+00
3.329320730516152516e+00,8.316170676375362891e-01,1.981601107748031110e+00
6.816738524125974807e-01,1.042921877131055997e+00,1.998722379655173631e+00
-9.204774965650888152e-01,1.043859420218147260e+00,1.995872679150112461e+00
-1.708985601267376087e+00,9.269846958438111573e-01,1.973080480067308073e+00
-2.025653029254136595e+00,7.543496509777335435e-01,1.930573519076809630e+00
-2.100837993415292093e+00,5.598088057987612443e-01,1.868776520167960475e+00
-2.056769972654149292e+00,3.604483302006303846e-01,1.788306950867726508e+00
-1.953097691820582460e+00,1.648494199653998959e-01,1.689968852579242897e+00
-1.818700300183800023e+00,-2.251631474333630131e-02,1.574744806709502010e+00
-1.668210022537109261e+00,-1.991937222864764989e-01,1.443786116843589040e+00
-1.509765955290103490e+00,-3.637867530258024895e-01,1.298401305069950329e+00
-1.348511772392487762e+00,-5.155235770264977591e-01,1.140043037398952297e+00
-1.188146795657736732e+00,-6.540552921531199715e-01,9.702936089142415454e-01
-1.031605080557614240e+00,-7.793574783501745484e-01,7.908491336873680888e-01
-8.813460837119623248e-01,-8.916761861559548974e-01,6.035025974245129543e-01
-7.394726010558880791e-01,-9.914923309142430474e-01,4.101259422017355938e-01
-6.077724635967688416e-01,-1.079492917525912921e+00,2.126513622443320928e-01
-4.877275647245837842e-01,-1.156544012121469178e+00,1.305199770852620046e-02
-3.805101750076345102e-01,-1.223663329145659118e+00,-1.866777806800558881e-01
-2.869758465441996087e-01,-1.281991668643970961e+00,-3.845422991176408734e-01
-2.076573293497341877e-01,-1.332763085706455186e+00,-5.785645212337484633e-01
-1.427616385804326982e-01,-1.377273989208579685e+00,-7.668058023798387524e-01
-9.217130748414729957e-02,-1.416851524949984453e+00,-9.473852603128988248e-01
-5.545029983431810222e-02,-1.452821678743189127e+00,-1.118498568727648301e+00
-3.185474782981789765e-02,-1.486477574740153074e+00,-1.278435985836569699e+00
-2.034849433078770101e-02,-1.519048460559890845e+00,-1.425599437904725653e+00
-1.962329070682259854e-02,-1.551669871782026311e+00,-1.558518486980726481e+00
-2.812340516998489831e-02,-1.585355458276886731e+00,-1.675865023323482417e+00
-4.407431836621279742e-02,-1.620970935762792164e+00,-1.776466535700907290e+00
-6.551511723321909453e-02,-1.659210599298862832e+00,-1.859317826968682086e+00
-9.033414201106029773e-02,-1.700576802052824910e+00,-1.923591057868555110e+00
-1.163073934804946946e-01,-1.745362763398571770e+00,-1.968644018689858832e+00
-1.411391672627345939e-01,-1.793639025877392434e+00,-1.994026546145160950e+00
-1.625043488616781939e-01,-1.845243831424782988e+00,-1.999485021341429913e+00
-1.780917767830277054e-01,-1.899777634160805695e+00,-1.984964903909585576e+00
-1.856480613617131903e-01,-1.956601910488981577e+00,-1.950611276962523677e+00
-1.830212339836310986e-01,-2.014842367964206904e+00,-1.896767397444280023e+00
-1.682035953558631003e-01,-2.073396592896392221e+00,-1.823971266351577691e+00
-1.393731327164942080e-01,-2.130946113699069056e+00,-1.732950253098280102e+00
-9.493288470391049449e-02,-2.185972793260124725e+00,-1.624613827735414295e+00
-3.354764931294920011e-02,-2.236779399879584851e+00,-1.500044473645455678e+00
4.582254489223579891e-02,-2.281514143391802474e+00,-1.360486871507386342e+00
1.438927513568172001e-01,-2.318198901788674604e+00,-1.207335462620669375e+00
2.610277083845783941e-01,-2.344760804850315239e+00,-1.042120515815078363e+00
3.972211906385120783e-01,-2.359066785725666193e+00,-8.664928372147273627e-01
5.520805127871627471e-01,-2.358960659982511476e+00,-6.822072755969396107e-01
7.248165276526833400e-01,-2.342302245003393679e+00,-4.911051881729509017e-01
9.142393947984368552e-01,-2.307007991490849008e+00,-2.950960419876628160e-01
1.118760324733409250e+00,-2.251092563831298410e+00,-9.613833477485339563e-02
1.336399429926881988e+00,-2.172710777665760151e+00,1.037799740958385009e-01
1.564799737844323690e+00,-2.070199281622992604e+00,3.026613270523343946e-01
1.801247344518977611e+00,-1.942117356083305602e+00,4.985185276395014964e-01
2.042697611308729400e+00,-1.787286195133628297e+00,6.893945963477239314e-01
2.285807233504344449e+00,-1.604826038716329561e+00,8.733823244815250852e-01
2.526971939166212877e+00,-1.394190529998488470e+00,1.048643330742858870e+00
2.762369510404574235e+00,-1.155197688177627136e+00,1.213426430096421038e+00
2.988007757902432893e+00,-8.880569088256791144e-01,1.366085131381315598e+00
3.199777021728306359e+00,-5.933914322201916391e-01,1.505094088835231103e+00
3.393506714594746843e+00,-2.722557547858615035e-01,1.629064343149652316e+00
3.565025362154603528e+00,7.385249994052919820e-02,1.736757199771276294e+00
3.710223519817820836e+00,4.429866854225010253e-01,1.827096605768342430e+00
3.825118844943643293e+00,8.327515873582624906e-01,1.899179901622424893e+00
3.905922463191657812e+00,1.240310533949462224e+00,1.952286840476064489e+00
3.949105577779803866e+00,1.662399375371572008e+00,1.985886784747203260e+00
3.951465029803325812e+00,2.095347432886966565e+00,1.999644008190456290e+00
3.910186248716995383e+00,2.535105376152291701e+00,1.993421050429809549e+00
3.822901790050675874e+00,2.977279816015417691e+00,1.967280090444708307e+00
3.687743537025056195e+00,3.417174206115788593e+00,1.921482325285831072e+00
3.503386765758902843e+00,3.849835447740598937e+00,1.856485360226993064e+00
3.269084750856498189e+00,4.270105418969304623e+00,1.772938636438214699e+00
2.984693453820743692e+00,4.672676540415756641e+00,1.671676941847465514e+00
2.650686979496082341e+00,5.052150481593369769e+00,1.553712070053331118e+00
2.268165614954352094e+00,5.403099221910196981e+00,1.420222710614796879e+00
1.838858968492748103e+00,5.720127888308082831e+00,1.272542671739448350e+00
1.365126629072270559e+00,5.997939037143172669e+00,1.112147553046439308e+00
8.499577454026823187e-01,6.231398241538932403e+00,9.406400015682315763e-01
2.969692486150347088e-01,6.415600902960806984e+00,7.597336983112127351e-01
-2.895992764335144076e-01,6.545940087043166322e+00,5.712362353758894118e-01
-9.048971441027580109e-01,6.618174916094234916e+00,3.770310547470339113e-01
-1.543483644372063202e+00,6.628498720260886046e+00,1.790586291673333941e-01
-2.199360787588306998e+00,6.573605861456976562e+00,-2.070292679869149832e-02
-2.866018413187482405e+00,6.450755977055255386e+00,-2.202576218298727961e-01
-3.536491013356510837e+00,6.257834365469967963e+00,-4.176115315324278043e-01
-4.203424787550488873e+00,5.993407322645959212e+00,-6.107927214715253017e-01
-4.859153188788573274e+00,5.656771381516620067e+00,-7.978709504820585829e-01
-5.495779363569576859e+00,5.247995556111340498e+00,-9.769769573857252087e-01
-6.105264166537941684e+00,4.767955821410398087e+00,-1.146321138407041973e+00
-6.679518662802159668e+00,4.218361165261760526e+00,-1.304211428647915616e+00
-7.210500145809522365e+00,3.601770638085287857e+00,-1.449070208997104814e+00
-7.690310710071213585e+00,2.921600911723731375e+00,-1.579450069481385110e+00
-8.111297372136046846e+00,2.182123947671600117e+00,-1.694048271599730926e+00
-8.466152668764411970e+00,1.388454471915719912e+00,-1.791719765115906471e+00
-8.748014602957709940e+00,5.465270586692488886e-01,-1.871488629250555702e+00
-8.950564765965676628e+00,-3.369372623398312894e-01,-1.932557823953894083e+00
-9.068123439247983697e+00,-1.254474842349274644e+00,-1.974317153825563942e+00
-9.095740474288604105e+00,-2.197933539231006428e+00,-1.996349365107431106e+00
-9.029280759289044056e+00,-3.158536853519009924e+00,-1.998434314827279623e+00
-8.865503109422473216e+00,-4.126957671657571325e+00,-1.980551170440981279e+00
-8.602131461092627163e+00,-5.093401089143134719e+00,-1.942878617986586010e+00
-8.237917310375133084e+00,-6.047695665976966062e+00,-1.885793076677398483e+00
-7.772692411443286709e+00,-6.979392350020762414e+00,-1.809864937770466309e+00
-7.207410842602334888e+00,-7.877870193598931259e+00,-1.715852865291797702e+00
-6.544179656212302021e+00,-8.732447886190518815e+00,-1.604696215564709094e+00
-5.786277455762911082e+00,-9.532500033379930571e+00,-1.477505651284395594e+00
-4.938160391669181415e+00,-1.026757703156793688e+01,-1.335552043918939669e+00
-4.005455243012377764e+00,-1.092752732182863262e+01,-1.180253775338518940e+00
-2.994939466215883250e+00,-1.150262075875721557e+01,-1.013162565513926694e+00
-1.914508366651191951e+00,-1.198367180532015652e+01,-8.359479679437851196e-01
-7.731299259042168082e-01,-1.236216127274239085e+01,-6.503806876920583679e-01
4.192116180147966165e-01,-1.263035537842461942e+01,-4.583148887348129086e-01
1.651581418154934644e+00,-1.278142102332660457e+01,-2.616696673964540865e-01
2.912165236711199867e+00,-1.280953644609386366e+01,-6.240987699043579889e-02
4.188339451241560596e+00,-1.270999690323582954e+01,1.374735047378750075e-01
5.466726728453840778e+00,-1.247931598296227662e+01,3.359832692038250967e-01
6.733210702574444539e+00,-1.211532509136658042e+01,5.311359328158571369e-01
7.972852687786959436e+00,-1.161727771133981157e+01,7.209815557055926361e-01
9.169582716559240509e+00,-1.098597397427073830e+01,9.036232252573024315e-01
1.030536584881981277e+01,-1.022394164228419378e+01,1.077236009814111606e+00
1.135811719348265392e+01,-9.335758774091175383e+00,1.240085193156258647e+00
1.229655674039221402e+01,-8.328724596666774005e+00,1.390543607558509809e+00
1.306750426822687672e+01,-7.214387616392603064e+00,1.527107892237098197e+00
1.356508966749634837e+01,-6.012172439349297015e+00,1.648413514735965091e+00
1.356279526769053945e+01,-4.757881084986513187e+00,1.753248405147932898e+00
1.260809065855102062e+01,-3.521455612797283141e+00,1.840565066971800778e+00
1.006939953143622191e+01,-2.431382017637738091e+00,1.909491043551177603e+00
5.903602095670223981e+00,-1.663387910397877922e+00,1.959337635549545542e+00
1.599378600653476479e+00,-1.324912979177471639e+00,1.989606782343891656e+00
-1.232579816481034207e+00,-1.347629277463188169e+00,1.999996038581262070e+00
-2.509416818734018673e+00,-1.574152493061602209e+00,1.990401596173144050e+00
-2.863121898401051801e+00,-1.882530164630726865e+00,1.960919321532298421e+00
-2.774924614427625169e+00,-2.207740363405846118e+00,1.911843797687043933e+00
-2.484727459661335125e+00,-2.519143332521961209e+00,1.843665380850114444e+00
-2.098707556276745656e+00,-2.802132504656063894e+00,1.757065300838209776e+00
-1.664252814720279305e+00,-3.049144851703427417e+00,1.652908854316047504e+00
-1.204570644915909261e+00,-3.255853412120200741e+00,1.532236758864629289e+00
-7.329903191177086219e-01,-3.419617887916028831e+00,1.396254754267385101e+00
-2.587085785743238886e-01,-3.538853816106992678e+00,1.246321554916073993e+00
2.109072715671524989e-01,-3.612769879584346366e+00,1.083935273714417225e+00
6.693987839654724770e-01,-3.641252551337052168e+00,9.107184531300476227e-01
1.110859622543237668e+00,-3.624808861562906159e+00,7.284018529591529401e-01
1.529813510880573268e+00,-3.564530539122348074e+00,5.388071568145289536e-01
1.921191454750057703e+00,-3.462064052452900498e+00,3.438287700814715020e-01
2.280350829001707602e+00,-3.319579932762962038e+00,1.454148912802241955e-01
2.603111110125842842e+00,-3.139738574105845004e+00,-5.445195408188260172e-02
2.885794693923851018e+00,-2.925651412394668860e+00,-2.537747226458164085e-01
3.125267200803200307e+00,-2.680837190353961397e+00,-4.505618073966993764e-01
3.318974336535611247e+00,-2.409173423004530079e+00,-6.428469375404275432e-01
3.464973571389277307e+00,-2.114843408494186061e+00,-8.287088252240876196e-01
3.577383828936945953e+00,-1.802242046128476494e+00,1.933720789007656871e+00
3.928781349626418784e+00,-1.459360761658767380e+00,1.975036626241054361e+00
4.246380119153103649e+00,-1.075707873014371208e+00,1.996618156010222966e+00
4.524103222679501712e+00,-6.541819148389417249e-01,1.998249738494434435e+00
4.756196809099247247e+00,-1.983382447233273949e-01,1.979915071135058380e+00
4.937317019032852805e+00,2.876346625561709835e-01,1.941797351528593119e+00
5.062620086355718030e+00,7.989483519325263350e-01,1.884277446940261225e+00
5.127854150986597581e+00,1.330257394829664097e+00,1.807930088728143092e+00
5.129450776199703910e+00,1.875712544961708916e+00,1.713518129702674031e+00
5.064612841191208581e+00,2.429024064975456199e+00,1.601984921799029182e+00
4.931393533471136514e+00,2.983534815645023652e+00,1.474444890236470629e+00
4.728759125241391637e+00,3.532302052961828753e+00,1.332172398315257134e+00
4.456627113276149466e+00,4.068186048826246015e+00,1.176589014153149648e+00
4.115872492824243167e+00,4.583942797810780512e+00,1.009249306560968007e+00
3.708299480132607240e+00,5.072317485412318305e+00,8.318253119945031582e-01
3.236583663762089280e+00,5.526135420649311847e+00,6.460898277850992688e-01
2.704198077901784902e+00,5.938388008703231691e+00,4.538986985807523800e-01
2.115342094193312761e+00,6.302312969502513518e+00,2.571722729892927939e-01
1.474890598695221655e+00,6.611469896155123038e+00,5.787621570280659933e-02
7.883718272968210927e-01,6.859813632157854002e+00,-1.419981331521723011e-01
6.196896051260269989e-02,7.041768184584868528e+00,-3.404536552463005017e-01
-6.974705292335773299e-01,7.152302845553995425e+00,-5.355074089779155999e-01
-1.482437355873325924e+00,7.187010355869505318e+00,-7.252104427695891253e-01
-2.284789368975918666e+00,7.142185150469084753e+00,-9.076672687371963866e-01
-3.095811937092435073e+00,7.014898677424715068e+00,-1.081054802156762307e+00
-3.906305808114900024e+00,6.803068695901234975e+00,-1.243640577488405397e+00
-4.706693965274116209e+00,6.505520066399316015e+00,-1.393800058945256826e+00
-5.487139086260024889e+00,6.122035380498125789e+00,-1.530032872644756958e+00
-6.237665813638595402e+00,5.653394471053472259e+00,-1.650977798138472785e+00
-6.948284838982038636e+00,5.101402263062371212e+00,-1.755426369563509947e+00
-7.609117565823344087e+00,4.468904618406120299e+00,-1.842334950465073007e+00
-8.210520762929929717e+00,3.759791904785633854e+00,-1.910835161677933103e+00
-8.743210591951614319e+00,2.978990071143520879e+00,-1.960242558057389006e+00
-9.198385136141423501e+00,2.132439081998912300e+00,-1.990063467365565941e+00
-9.567844312093148673e+00,1.227058661286054342e+00,-1.999999922979804889e+00
-9.844105888843362351e+00,2.707014169283835092e-01,-1.989952641136153222e+00
-1.002051626307117793e+01,-7.279064479521630826e-01,-1.960022012959018456e+00
-1.009135462149891360e+01,-1.759236489233056755e+00,-1.910507101368725591e+00
-1.005192914280583949e+01,-2.813040949325318785e+00,-1.841902652880699209e+00
-9.898663940079165613e+00,-3.878446621510645009e+00,-1.754894154164851283e+00
-9.629175515914612404e+00,-4.944058874531708447e+00,-1.650350982752132989e+00
-9.242337592708320670e+00,-5.998074925180251427e+00,-1.529317720328035035e+00
-8.738333289536141635e+00,-7.028405318762981580e+00,-1.393003715409106613e+00
-8.118693743751610015e+00,-8.022802458626303590e+00,-1.242770999690866907e+00
-7.386322420442261283e+00,-8.968994918556520091e+00,-1.080120678805372325e+00
-6.545504517652999787e+00,-9.854826177977290769e+00,-9.066779334669760049e-01
-5.601901063524920232e+00,-1.066839634172586848e+01,-7.241757808921295281e-01
-4.562527520069033393e+00,-1.139820534738153945e+01,-5.344377586992734575e-01
-3.435716973383195150e+00,-1.203329612645752356e+01,-3.393597043720573136e-01
-2.231068329326595379e+00,-1.256339617967179123e+01,-1.408908122962805876e-01
-9.593804081670938011e-01,-1.297905605976285770e+01,5.898584233528809950e-02
3.674264383856327143e-01,-1.327178334905211088e+01,2.582731181506793816e-01
1.736398322931477001e+00,-1.343417091088038617e+01,4.549797627739132766e-01
3.133640256858474249e+00,-1.346001856228193816e+01,6.471403091581130473e-01
4.544403215766350534e+00,-1.334444802575738720e+01,8.328347142782918100e-01
5.953146117910333324e+00,-1.308401243968611638e+01,1.010207543936586294e+00
7.343530593341810686e+00,-1.267680469564866996e+01,1.177486512038160793e+00
8.698253141668349286e+00,-1.212257550068273559e+01,1.333000189028263893e+00
9.998486527256238432e+00,-1.142288757353628448e+01,1.475194702601015706e+00
1.122235741228861272e+01,-1.058137054487356465e+01,1.602649263788105571e+00
1.234096195103765403e+01,-9.604239246937119390e+00,1.714090363296204345e+00
1.330790858928372877e+01,-8.501498475136292754e+00,1.808404496245135995e+00
1.403181188909098331e+01,-7.289951461168199920e+00,1.884649288162900893e+00
1.430705839364689957e+01,-6.000862907581783645e+00,1.942062911068920705e+00
1.367164140926629123e+01,-4.698322985334713486e+00,1.980071695555686961e+00
1.131442879078191410e+01,-3.512726535529285599e+00,1.998295862824653657e+00
6.792193240430759005e+00,-2.653012527965648459e+00,1.996553319381762392e+00
1.677872712104326425e+00,-2.284725115410906948e+00,1.974861476493019241e+00
-1.724067132404113245e+00,-2.351478680667399068e+00,1.933437076213404326e+00
-3.163494243222972457e+00,-2.658695658439089282e+00,1.872694025728626421e+00
-3.482220197397476014e+00,-3.054180255286425449e+00,1.793239261648698957e+00
-3.298816428998322170e+00,-3.461026605437837134e+00,1.695866685576769894e+00
-2.899396924912750695e+00,-3.845211250830722349e+00,1.581549231545991363e+00
-2.401739911142952266e+00,-4.191259574909155461e+00,1.451429144598608501e+00
-1.855519293368744327e+00,-4.491315938763251303e+00,1.306806567610538927e+00
-1.284320917255382000e+00,-4.740861894935965992e+00,1.149126550441937900e+00
-7.016889706798058457e-01,-4.937086248964950741e+00,9.799646111862060360e-01
-1.171638648069783933e-01,-5.078257950252775821e+00,8.010109937994112084e-01
4.614279007547795186e-01,-5.163477077281171113e+00,6.140537794039113706e-01
1.027102452168346503e+00,-5.192569396212856070e+00,4.209610200158147020e-01
1.573397749874732021e+00,-5.166034832027975199e+00,2.236620732137364898e-01
2.094272447339032173e+00,-5.085014593456839371e+00,2.412832424676270016e-02
2.584094222851075262e+00,-4.951262682144530025e+00,-1.756465117744032134e-01
3.037664438085855956e+00,-4.767115898756142833e+00,-3.736663108396355848e-01
3.450256551271250860e+00,-4.535459939426909060e+00,-5.679524850347469345e-01
3.817658322302268203e+00,-4.259690682043963506e+00,-7.565637523365715822e-01
4.136213280736526166e+00,-3.943670439560865493e+00,-9.376155336488546377e-01
4.402859381431118102e+00,-3.591679271180383992e+00,-1.109298783269915267e+00
4.615163906221512846e+00,-3.208361589182517903e+00,-1.269898064640519797e+00
4.771354131664699239e+00,-2.798668371555384837e+00,-1.417808690761453105e+00
4.870343304363206727e+00,-2.367795340963246176e+00,-1.551552758018281075e+00
4.911751118752182066e+00,-1.921117538746154096e+00,-1.669793913191372603e+00
4.895917227721127141e+00,-1.464120843584160836e+00,-1.771350706136948228e+00
4.823905460148266044e+00,-1.002331186653145689e+00,-1.855208394672284822e+00
4.697495640863603938e+00,-5.412425063536344672e-01,-1.920529083749357602e+00
4.519159625148963855e+00,-8.624484096241109843e-02,-1.966660097592488832e+00
4.292018837169442769e+00,3.574456963403516152e-01,-1.993140501149274435e+00
4.019782533064307550e+00,7.848530929871222472e-01,-1.999705705693296753e+00
3.706669046089178465e+00,1.191301823310680907e+00,-1.986290112560046506e+00
3.357315664200119176e+00,1.572469867113736486e+00,-1.953027768599410408e+00
2.976685328357622673e+00,1.924433461299998482e+00,-1.900251026799868459e+00
2.569978836453087556e+00,2.243703540249486039e+00,-1.828487225457305243e+00
2.142559177213951394e+00,2.527254613919514004e+00,-1.738453419081839924e+00
1.699890562820952855e+00,2.772547324544021752e+00,-1.631049213682587595e+00
1.247490168972642310e+00,2.977545974339833812e+00,-1.507347778022161577e+00
7.908872429983132557e-01,3.140731956794029944e+00,-1.368585120654861820e+00
3.355832026683229219e-01,3.261113430134424007e+00,-1.216147739890976354e+00
-1.129923733892695958e-01,3.338230981968385525e+00,-1.051558770087138051e+00
-5.495323005392432902e-01,3.372158641665224721e+00,-8.764627626839208707e-01
-9.689085406380671950e-01,3.363499481907868294e+00,-6.926092540759998251e-01
-1.366232852385503405e+00,3.313375178316714909e+00,-5.018352844543910729e-01
-1.736918252901978432e+00,3.223409164755469014e+00,-3.060470423538610985e-01
-2.076738375564438854e+00,3.095703324044305482e+00,-1.072008182634861945e-01
-2.381882484826529645e+00,2.932808415274431812e+00,9.271654237186230385e-02
-2.649004672436544805e+00,2.737688630151093427e+00,2.917074914511534889e-01
-2.875266370337921540e+00,2.513680795230099907e+00,4.877837374563693262e-01
-3.058371708146600643e+00,2.264448813163383978e+00,6.789861122011136008e-01
-3.196595456390905809e+00,1.993933983780340702e+00,8.634041465859835229e-01
-3.288803401869526688e+00,1.706301879040477365e+00,1.039195159742489993e+00
-3.334465059415488764e+00,1.405886471802908488e+00,1.204602670879224569e+00
-3.333658671910996851e+00,1.097132239955511901e+00,1.357973949794480939e+00
-3.287068504427527849e+00,7.845349840760421634e-01,1.497776530743531787e+00
-3.195974502594269406e+00,4.725821080730190915e-01,1.622613524635772242e+00
-3.062234458302708351e+00,1.656931166635202957e-01,1.731237576567679071e+00
-2.888258904192868126e+00,-1.318389195885500131e-01,1.822563329229745621e+00
-2.676979038790018528e+00,-4.159041921949604981e-01,1.895678267654658855e+00
-2.431808063980343881e+00,-6.826305557374681143e-01,1.949851836948228501e+00
-2.156596393676522894e+00,-9.284348099354540196e-01,1.984542741894679496e+00
-1.855581265205229036e+00,-1.150070206960729369e+00,1.999404355513510367e+00
-1.533331352173167517e+00,-1.344669571878575054e+00,1.994288182506622764e+00
-1.194687037617926384e+00,-1.509783475464002489e+00,1.969245343005064486e+00
-8.446970586994568819e-01,-1.643412956465400088e+00,1.924526061783371267e+00
-4.885522778478791905e-01,-1.744036354378121656e+00,1.860577168046370744e+00
-1.315173696820559068e-01,-1.810629882982467631e+00,1.778037630770251010e+00
2.211387622518800888e-01,-1.842681648484945978e+00,1.677732174208182769e+00
5.642130098039576103e-01,-1.840198893182582340e+00,1.560663037351252891e+00
8.926376905283917029e-01,-1.803708325265274359e+00,1.427999959696448551e+00
1.201548951116513386e+00,-1.734249476852514293e+00,1.281068493349941217e+00
1.486353119026826430e+00,-1.633361114959381633e+00,1.121336758292154290e+00
1.742790189067697559e+00,-1.503060813334330614e+00,9.504007731130945658e-01
1.966993642987046487e+00,-1.345817876853143913e+00,7.699685078034980146e-01
2.155545808252271822e+00,-1.164519894578908810e+00,5.818428179422326929e-01
2.305527964860920154e+00,-9.624332831758052320e-01,3.879034307993231012e-01
2.414564407265228585e+00,-7.431582696521658038e-01,1.900881633470986043e-01
2.480859668590713163e+00,-5.105788516197896643e-01,-9.626440156997900788e-03
2.503228129623086495e+00,-2.688083636741516180e-01,-2.092448575273929967e-01
2.481115286056722713e+00,-2.213136747835859827e-02,-4.067725276686526836e-01
2.414610058494981448e+00,2.250573338188572026e-01,-6.002357799543848182e-01
2.304447721307623098e+00,4.683156869174401882e-01,-7.877015548894333863e-01
2.152003303850652749e+00,7.032184683399943514e-01,-9.672967189873428184e-01
1.959275659834974315e+00,9.254215194941119993e-01,-1.137226780874987186e+00
1.728862755771563231e+00,1.130725222244266304e+00,-1.295793821615496944e+00
1.463929022904851163e+00,1.315136353213450793e+00,-1.441413460092040744e+00
1.168165774973324300e+00,1.474927532260561946e+00,-1.572630683938819551e+00
8.457456745574947199e-01,1.606693566499780346e+00,-1.688134387824919092e+00
5.012720479817536212e-01,1.707404068385379503e+00,-1.786770473861480912e+00
1.397235765927704043e-01,1.774451781158129293e+00,-1.867553383186935978e+00
-2.336053631914845885e-01,1.805696073459635675e+00,-1.929675943544677530e+00
-6.131685799655949287e-01,1.799501073132941498e+00,-1.972517434442601525e+00
-9.932360164693927462e-01,1.754767912403508934e+00,-1.995649789311018996e+00
-1.367965451286277112e+00,1.670960568550555525e+00,-1.998841872687791898e+00
-1.731477389875059059e+00,1.548124817794510388e+00,-1.982061789693619236e+00
-2.077932331539901867e+00,1.386899880132400620e+00,-1.945477204720653219e+00
-2.401609404899800904e+00,1.188522416905412493e+00,-1.889453666154853106e+00
-2.696985252319836324e+00,9.548226440945190019e-01,-1.814550953860371241e+00
-2.958812007897015484e+00,6.882124351092920866e-01,-1.721517485934717095e+00
-3.182193232833391505e+00,3.916654002707652960e-01,-1.611282840612600298e+00
-3.362656721498308077e+00,6.868904243475799920e-02,-1.484948468041878966e+00
-3.496223154183732973e+00,-2.767108031410953073e-01,-1.343776684737844729e+00
-3.579469639351308796e+00,-6.400729322895910567e-01,-1.189178060681824078e+00
-3.609587256800173893e+00,-1.016530726830276565e+00,-1.022697325090547116e+00
-3.584431784767515783e+00,-1.400868594416714297e+00,-8.459979316807049177e-01
-3.502566870595170911e+00,-1.787584297884912798e+00,-6.608454376701463628e-01
-3.363298987935327222e+00,-2.170956496123139345e+00,-4.690898625419800960e-01
-3.166703614494889241e+00,-2.545116742690259226e+00,-2.726472029047153911e-01
-2.913642163150443221e+00,-2.904125121169274237e+00,-7.348028810180140535e-02
-2.605769305619899612e+00,-3.242048637613370143e+00,1.264208321222650977e-01
-2.245530441089885088e+00,-3.553041441920221200e+00,3.250587719385168994e-01
-1.836149181494044935e+00,-3.831425912160326241e+00,5.204487670512881747e-01
-1.381604849706989491e+00,-4.071773609640409575e+00,7.106385062032792854e-01
-8.866001160020087202e-01,-4.268985098527131150e+00,8.937276384173630239e-01
-3.565190311785357835e-01,-4.418367622832698238e+00,1.067886761041654475e+00
2.026241489779206095e-01,-4.515709646225071872e+00,1.231375698921328921e+00
7.842448132680523987e-01,-4.557351286790284561e+00,1.382560891987550500e+00
1.381255841628305392e+00,-4.540249720594788485e+00,1.519931717579266151e+00
1.986142625867755696e+00,-4.462038684811896694e+00,1.642115584387118910e+00
2.591044294550089777e+00,-4.321081284155865454e+00,1.747891647206154087e+00
3.187840026131447679e+00,-4.116515393637238951e+00,1.836203005461318094e+00
3.768239198307041793e+00,-3.848291056075311189e+00,1.906167263619669594e+00
4.323874013331871602e+00,-3.517199392910590916e+00,1.957085347971800893e+00
4.846393195864873604e+00,-3.124892677523028794e+00,1.988448491681491515e+00
5.327555451501099881e+00,-2.673895351739532966e+00,1.999943318322901176e+00
5.759321719953060636e+00,-2.167605879918709455e+00,1.991454973092743552e+00
6.133946046972794441e+00,-1.610289395189752337e+00,1.963068270425550876e+00
6.444066391030936813e+00,-1.007061041430287407e+00,1.915066846538943546e+00
6.682799149929887328e+00,-3.638596645290674836e-01,1.847930325377669547e+00
6.843844750855263115e+00,3.125890533662877835e-01,1.762329526273924474e+00
6.921615855435799602e+00,1.014821893750540882e+00,1.659119761208383004e+00
6.911402966116068747e+00,1.734703100058167191e+00,1.539332288642516922e+00
6.809591016996294321e+00,2.463509894821798163e+00,1.404164009328023210e+00
6.613929648334960554e+00,3.192044363576470811e+00,1.254965507018109383e+00
6.323834429726129081e+00,3.910776796672685851e+00,1.093227553619821046e+00
5.940657215696445448e+00,4.610021501357935314e+00,9.205662135942369595e-01
5.467824949640268883e+00,5.280137812230010219e+00,7.387066964518944623e-01
4.910736557271308200e+00,5.911737832113799662e+00,5.494661186851665935e-01
4.276358241726689435e+00,6.495872873205279951e+00,3.547353473781056921e-01
3.572572374748324009e+00,7.024169331515049741e+00,1.564601069100280961e-01
2.807466173695885470e+00,7.488896506917861018e+00,-4.337846247145209916e-02
1.988808535901800401e+00,7.882971392449876546e+00,-2.427835999299358949e-01
1.123897085218747094e+00,8.199928436759231332e+00,-4.397628754349588998e-01
2.197877606141455942e-01,8.433893209093330512e+00,-6.323480978475569669e-01
-7.162517344086662963e-01,8.579591829044229456e+00,-8.186149808321441235e-01
-1.676293821918108495e+00,8.632407986127542898e+00,-9.967023700737156489e-01
-2.651482300721973218e+00,8.588478330814373507e+00,-1.164830839688162811e+00
-3.631994850403084119e+00,8.444805213110818443e+00,-1.321320472012806446e+00
-4.607184234515800725e+00,8.199365773029764881e+00,-1.464607643123801983e+00
-5.565806105002531368e+00,7.851203848709816135e+00,-1.593260646363930944e+00
-6.496258826450387325e+00,7.400499657196360381e+00,-1.705993997759052361e+00
-7.386799391707064899e+00,6.848617713747150226e+00,-1.801681280419751063e+00
-8.225729950432427273e+00,6.198135424233350399e+00,-1.879366399541833044e+00
-9.001562779655904123e+00,5.452854582392843596e+00,-1.938273135582945228e+00
-9.703172648400512301e+00,4.617797133760023875e+00,-1.977812900146648012e+00
-1.031994210221681563e+01,3.699185850730532188e+00,-1.997590617080632791e+00
-1.084190177329078608e+01,2.704410199562373940e+00,-1.997408670025926813e+00
-1.125986572247802364e+01,1.641977590080852867e+00,-1.977268876973685918e+00
-1.156556082690829967e+01,5.214502591417066180e-01,-1.937372472099163634e+00
-1.175174884700060574e+01,-6.466318337079666190e-01,-1.878118095059423620e+00
-1.181233970337300931e+01,-1.850841568088783973e+00,-1.800097807833716423e+00
-1.174249450541580053e+01,-3.078967991981510277e+00,-1.704091178920217109e+00
-1.153871693678183519e+01,-4.318131570439355471e+00,-1.591057493989080474e+00
-1.119893169616986839e+01,-5.554910352043589405e+00,-1.462126170825580163e+00
-1.072254880778218222e+01,-6.775475905421063594e+00,-1.318585474335427499e+00
-1.011051275203376854e+01,-7.965737741869904021e+00,-1.161869644370445709e+00
-9.365335522870994467e+00,-9.111494815877987818e+00,-9.935445649916949673e-01
-8.491112894015317991e+00,-1.019859258530634349e+01,-8.152921183575644326e-01
-7.493523375136539322e+00,-1.121308401950112632e+01,-6.288933795905042867e-01
-6.379809565421570738e+00,-1.214139287016043234e+01,-4.362108204880826845e-01
-5.158741879484651349e+00,-1.297047746854049954e+01,-2.391696999613500962e-01
-3.840564951366694846e+00,-1.368799329163078049e+01,-3.973882709663290047e-02
-2.436927468418139231e+00,-1.428245255605626163e+01,1.600891109271669888e-01
-9.607968512839674124e-01,-1.474337917028777944e+01,3.583174595080488856e-01
5.736386955261809639e-01,-1.506145753560113931e+01,5.529655469323611072e-01
2.151076183682118614e+00,-1.522867400275672445e+01,7.420884749873213337e-01
3.755203142638244618e+00,-1.523845041374569043e+01,9.237965521326252372e-01
5.368784335115205586e+00,-1.508577042803683987e+01,1.096274175037923682e+00
6.973690592126367882e+00,-1.476730207468938083e+01,1.257797969873477806e+00
8.550777141360866196e+00,-1.428152627902574778e+01,1.406754012022537026e+00
1.007937789253867678e+01,-1.362889659461658809e+01,1.541653952208248191e+00
1.153578834531482222e+01,-1.281209586960052071e+01,1.661149887884825427e+00
1.288895260005466881e+01,-1.183656803913318356e+01,1.764047831303365399e+00
1.408804680913215002e+01,-1.071183183843023379e+01,1.849319639681157534e+00
1.502596318595329983e+01,-9.455071577588700649e+00,1.916113288269799986e+00
1.519693799165628434e+01,-8.110057437677928860e+00,-1.310104580349357173e+00
1.412297567956049171e+01,-6.779147726537852137e+00,-1.152692905768256226e+00
1.082332486774208036e+01,-5.632637552060566044e+00,-9.837636745443903985e-01
5.139125057584013057e+00,-4.926551613719932554e+00,-8.050048054456320212e-01
-2.660440142312016087e-01,-4.795690598419440676e+00,-6.182024336949347720e-01
-3.166162866878857063e+00,-5.086977034688880295e+00,-4.252230641409665002e-01
-4.085179100736376689e+00,-5.567466937886662137e+00,-2.279949213859613077e-01
-4.054935198503192950e+00,-6.096047578279110368e+00,-2.848868321787170060e-02
-3.617375030842826966e+00,-6.608965083824382525e+00,1.713022101477779946e-01
-2.987442967151817008e+00,-7.077310472332576374e+00,3.693814742471003831e-01
-2.247611210478690502e+00,-7.485535870646672585e+00,5.637699270027081155e-01
-1.433054543015098492e+00,-7.823316558877335680e+00,7.525252644374458288e-01
-5.626063121329275551e-01,-8.082704766741874991e+00,9.337614679251473593e-01
3.503942098931511762e-01,-8.257167102507008138e+00,1.105667649041893519e+00
1.294275348764462041e+00,-8.341283543977153769e+00,1.266526143726124598e+00
2.257672587769415706e+00,-8.330681664498685635e+00,1.414729674953122851e+00
3.229060790221726318e+00,-8.222054646160014357e+00,1.548797412436675680e+00
4.196620718002320061e+00,-8.013207392494011927e+00,1.667389768893482005e+00
5.148230528041983334e+00,-7.703109702567605410e+00,1.769321785015625093e+00
6.071493753382449121e+00,-7.291949031644135992e+00,1.853574969441815989e+00
6.953753359731282835e+00,-6.781181817700677961e+00,1.919307475380852779e+00
7.782043951589244557e+00,-6.173587081273456789e+00,1.965862512236874693e+00
8.542912903844509742e+00,-5.473331795564547519e+00,1.992774908175031223e+00
9.221992455385544574e+00,-4.686066887703964845e+00,1.999775758057571906e+00
9.803116322188969889e+00,-3.819089084450877802e+00,1.986795110308784862e+00
1.026663478377952998e+01,-2.881631975209916874e+00,1.953962665861987968e+00
1.058641780499210583e+01,-1.885394341832658860e+00,1.901606482203650472e+00
1.072503480733236358e+01,-8.454706783299801298e-01,1.830249695470083537e+00
1.062743645694868633e+01,2.181261215873080972e-01,1.740605293333930215e+00
1.021680475595129955e+01,1.278326003183263060e+00,1.633568990928113251e+00
9.404141397197795627e+00,2.298950225108070011e+00,1.510210280976689967e+00
8.131311299727446595e+00,3.235106164640356052e+00,1.371761747563533529e+00
6.449970296323857433e+00,4.039942161744709992e+00,1.219606750313496635e+00
4.570083007084861038e+00,4.678880476819713863e+00,1.055265602044102247e+00
2.779073947228186015e+00,5.143029804038865116e+00,8.803803779988583766e-01
1.276858464085104172e+00,5.449196423808833956e+00,6.966985084429410113e-01
1.006972464710784027e-01,5.626505196868950343e+00,5.060553185821954347e-01
-8.192265743866604666e-01,5.702284395429706443e+00,3.103556902138681073e-01
-1.576362025434308922e+00,5.695602698601832437e+00,1.115550284102214962e-01
-2.243666331990366025e+00,5.617319855325288103e+00,-8.836027663627860074e-02
-2.865294325870961334e+00,5.472615345514154406e+00,-2.873926973637759841e-01
-3.462931647699280635e+00,5.263517435056380478e+00,-4.835535278749718002e-01
-4.044171390914995889e+00,4.990678271495667673e+00,-6.748827548261570053e-01
-4.608810214391257709e+00,4.654430629949120934e+00,-8.594686416240038263e-01
-5.152707027358437664e+00,4.255356632833844799e+00,-1.035466830250497905e+00
-5.669888952259899639e+00,3.794573058314516967e+00,-1.201118769834232491e+00
-6.153619507171224967e+00,3.273867116966321156e+00,-1.354769287879735273e+00
-6.596924966913825017e+00,2.695757547724612735e+00,-1.494883128521438342e+00
-6.992865155493199758e+00,2.063518352064833916e+00,-1.620060292602627516e+00
-7.334693976439393914e+00,1.381182016647251709e+00,-1.729050026283775798e+00
-7.615975788117543388e+00,6.535291553285866861e-01,-1.820763318411199538e+00
-7.830684647641620977e+00,-1.139328185596343024e-01,-1.894283781773972830e+00
-7.973296135485120395e+00,-9.150010593105484258e-01,-1.948876809524993092e+00
-8.038874500087986874e+00,-1.742818320808659172e+00,-1.983996915276909689e+00
-8.023155287503236366e+00,-2.589923396077269846e+00,-1.999293183528511930e+00
-7.922622752572125115e+00,-3.448310666993990470e+00,-1.994612775970318719e+00
-7.734581093679457453e+00,-4.309498373500276536e+00,-1.970002458622050368e+00
-7.457218510801845390e+00,-5.164605104395883828e+00,-1.925708134553498763e+00
-7.089663119753745413e+00,-6.004433901684298469e+00,-1.862172386853237604e+00
-6.632029821417721571e+00,-6.819563263692058896e+00,-1.780030056396330940e+00
-6.085457310804515352e+00,-7.600444230881894470e+00,-1.680101898597401666e+00
-5.452134514203084592e+00,-8.337502644517076789e+00,-1.563386382529952323e+00
-4.735315864042924261e+00,-9.021245584024699227e+00,-1.431049714351530611e+00
-3.939324963366055865e+00,-9.642370916069074482e+00,-1.284414184734331776e+00
-3.069546360349125980e+00,-1.019187883001755601e+01,-1.124944956695445697e+00
-2.132405360365762448e+00,-1.066118419310569365e+01,-9.542354258891043717e-01
-1.135336067999744625e+00,-1.104222854086726358e+01,-7.739912996035921422e-01
-8.673821591564440103e-02,-1.132759053090526713e+01,-5.860135535572726928e-01
1.004076121879200034e+00,-1.151059374598731999e+01,-3.921804367849353046e-01
2.126943963999963216e+00,-1.158541086087433136e+01,-1.944287044192762881e-01
3.270917521860314814e+00,-1.154716343493867647e+01,5.265734112892699742e-03
4.424328680945253112e+00,-1.139201705536870080e+01,2.049075581226368903e-01
5.574840089235710394e+00,-1.111727242953339356e+01,4.025019726275670950e-01
6.709459833292195086e+00,-1.072145472334054439e+01,5.960746401039832554e-01
7.814472717055738649e+00,-1.020440686599378921e+01,7.836914077944650003e-01
8.875188335459782252e+00,-9.567399707966272260e+00,9.634776335127072100e-01
9.875286430966124129e+00,-8.813287460863291400e+00,1.133636916822881702e+00
1.079526371740527679e+01,-7.946771569155519188e+00,1.292469048437665524e+00
1.160884756977308818e+01,-6.974915255380225609e+00,1.438386998486909540e+00
1.227481415040924162e+01,-5.908231144383816691e+00,1.569932773912376955e+00
1.271882943638701136e+01,-4.763058170933236468e+00,1.685791986545509769e+00
1.279654674077517207e+01,-3.566685490578856754e+00,1.784806986293846043e+00
1.223700969326684351e+01,-2.367421252924865716e+00,1.865988428241857955e+00
1.063502031022077610e+01,-1.249324732426840390e+00,1.928525158047136978e+00
7.738959606020877402e+00,-3.358546329464529023e-01,1.971792316890667918e+00
4.097596357060803385e+00,2.570096843071861814e-01,1.995357584984362775e+00
9.535980389947700253e-01,5.090573040020769380e-01,1.998985501253799590e+00
-9.974263397275422438e-01,5.072891696485780644e-01,1.982639816034458713e+00
-1.937717978484269521e+00,3.627955955398678989e-01,1.946483853273625497e+00
-2.286689679236834749e+00,1.533549411577191934e-01,1.890878878617702874e+00
-2.338843738050879306e+00,-7.882658200369649371e-02,1.816380489697545508e+00
-2.248216839995154981e+00,-3.129090156627368779e-01,1.723733064663592440e+00
-2.087835209836011785e+00,-5.386492644137422792e-01,1.613862324460506814e+00
-1.892024668434491241e+00,-7.507719657321140216e-01,1.487866083143826845e+00
-1.677786016259314561e+00,-9.463723095237900340e-01,1.347003278665610981e+00
-1.454479926327949091e+00,-1.123767533659697504e+00,1.192681393731199524e+00
-1.228049643701013105e+00,-1.281991956069909122e+00,1.026442392416241134e+00
-1.002837467309920294e+00,-1.420570520418892091e+00,8.499473130634727092e-01
-7.823593376367604657e-01,-1.539411525363981070e+00,6.649596714015740817e-01
-5.696286966645499605e-01,-1.638749602467317823e+00,4.733278397404130922e-01
-3.672846580525485072e-01,-1.719109047308907012e+00,2.769665782566799184e-01
-1.776353466045416107e-01,-1.781274491640075119e+00,7.783790297412750137e-02
-2.665282946943800003e-03,-1.826263286105381578e+00,-1.220685184470297058e-01
1.559712263802635057e-01,-1.855297246016397894e+00,-3.207552472089569839e-01
2.969605963787582126e-01,-1.869772906253174716e+00,-5.162370315232293061e-01
4.193396017715464996e-01,-1.871230130701015515e+00,-7.065606429868594995e-01
5.225018354434955992e-01,-1.861319260823509625e+00,-8.898243929848499434e-01
6.061998501265364325e-01,-1.841767159016903577e+00,-1.064197134117009114e+00
6.705424383798279653e-01,-1.814342591425997631e+00,-1.227936556770603094e+00
7.159868304773824299e-01,-1.780821441098611402e+00,-1.379406598068977585e+00
7.433257888900861587e-01,-1.742952263818855707e+00,-1.517093789184827068e+00
7.536697165922872088e-01,-1.702422704124094022e+00,-1.639622377725884483e+00
7.484240034940007336e-01,-1.660827282047903530e+00,-1.745768074072757248e+00
7.292619237506893226e-01,-1.619637044205898713e+00,-1.834470284320561584e+00
6.980934715370258337e-01,-1.580171547352035910e+00,-1.904842707594402107e+00
6.570305858317306846e-01,-1.543573609574701910e+00,-1.956182191851710384e+00
6.083492664199144917e-01,-1.510787224889948988e+00,-1.987975759685819632e+00
5.544491241849565100e-01,-1.482538992116657184e+00,-1.999905733927117124e+00
4.978109396519628249e-01,-1.459323359505743101e+00,-1.991852911835210405e+00
4.409528259557636276e-01,-1.441391933546552595e+00,-1.963897756154438401e+00
3.863856071891931809e-01,-1.428747044352318474e+00,-1.916319591141417700e+00
3.365680317556822843e-01,-1.421139701730715910e+00,-1.849593811593629678e+00
2.938624436119529060e-01,-1.418072015956016951e+00,-1.764387132766827238e+00
2.604915324123299736e-01,-1.418804095889550476e+00,-1.661550928643464209e+00
2.384967762849649064e-01,-1.422365374942541782e+00,-1.542112725115294181e+00
2.296991776821291908e-01,-1.427570252999191824e+00,-1.407265933076565112e+00
2.356628727387466982e-01,-1.433037880455348745e+00,-1.258357924028636221e+00
2.576621672293595844e-01,-1.437215849702629500e+00,-1.096876567305584471e+00
2.966525171843311104e-01,-1.438407500475064493e+00,-9.244353634880944082e-01
3.532459294585267862e-01,-1.434802489308321993e+00,-7.427573225145254199e-01
4.276912073565538042e-01,-1.424510220751460610e+00,-5.536577475911244051e-01
5.198594093663007065e-01,-1.405595689721864883e+00,-3.590260969199886021e-01
6.292348259367601671e-01,-1.376117241244518397e+00,-1.608071044800138960e-01
7.549117109947522941e-01,-1.334165716437273774e+00,3.901865150048339920e-02
8.955969325644468348e-01,-1.277904422575791843e+00,2.384545382258055901e-01
1.049618631493201892e+00,-1.205609340892998871e+00,4.355078184119626217e-01
1.214940900092257303e+00,-1.115708968785382726e+00,6.282095614785399018e-01
1.389184414336234630e+00,-1.006823183685503942e+00,8.146343168308280980e-01
1.569652875483554588e+00,-8.778005140692480834e-01,9.929193527137871733e-01
1.753365040172364386e+00,-7.277532091114076174e-01,1.161283268383937806e+00
1.937092043140954845e+00,-5.560895123089627523e-01,1.318043793632428073e+00
2.117399644035040662e+00,-3.625425659403905265e-01,1.461634597808775027e+00
2.290694959278732679e+00,-1.471954024411553930e-01,1.590620940391713090e+00
2.453277171071548413e+00,8.949848439453819693e-02,1.703714006730599584e+00
2.601391636881695835e+00,3.466994509312806838e-01,1.799783785704794914e+00
2.731286752453003785e+00,6.231713081494648643e-01,1.877870360659209092e+00
2.839272846725935828e+00,9.172765683348463872e-01,1.937193500757358411e+00
2.921782306576807819e+00,1.226977613619746110e+00,1.977160456947965494e+00
2.975430042255482910e+00,1.549843986200651225e+00,1.997371884635900097e+00
2.997073314531767174e+00,1.883065909788560033e+00,1.997625833881102819e+00
2.983869861202117058e+00,2.223474050860816398e+00,1.977919767255953643e+00
2.933333201145364111e+00,2.567565417861469523e+00,1.938450585198917997e+00
2.843383983682963745e+00,2.911535180075193630e+00,1.879612658609892017e+00
2.712396318597087408e+00,3.251314071709142883e+00,1.801993888352416695e+00
2.539238191422297675e+00,3.582610940158629464e+00,1.706369831018776928e+00
2.323305344446356280e+00,3.900959910907141559e+00,1.593695949673974877e+00
2.064548357810346069e+00,4.201771585877335013e+00,1.465098066992944092e+00
1.763493029808723911e+00,4.480387671954344064e+00,1.321861116187736496e+00
1.421254433952348961e+00,4.732138449448207496e+00,1.165416302123047920e+00
1.039545126897089222e+00,4.952402523178082383e+00,9.973268009045356264e-01
6.206778447475534977e-01,5.136668330594595488e+00,8.192721408277670037e-01
1.675626850948586932e-01,5.280596889055837906e+00,6.330314207478685562e-01
-3.163016561821609951e-01,5.380085232148977603e+00,4.404655335702956087e-01
-8.268433785807270953e-01,5.431329911219770601e+00,2.434985724321777900e-01
-1.359440724717422055e+00,5.430889837081914528e+00,4.409860542893689894e-02
-1.908953572997486470e+00,5.375747633482818699e+00,-1.557419890678481134e-01
-2.469763910824011699e+00,5.263368593692017150e+00,-3.540264299943547965e-01
-3.035825170178794608e+00,5.091756291845967120e+00,-5.487734851695557081e-01
-3.600719987216597584e+00,4.859503905251026268e+00,-7.380372675078553657e-01
-4.157725646031514621e+00,4.565840345405977274e+00,-9.199266780681594202e-01
-4.699886301277305556e+00,4.210670361388595850e+00,-1.092624301670022335e+00
-5.220091011139502690e+00,3.794607857673244933e+00,-1.254404566255884479e+00
-5.711156600539275985e+00,3.319001751638369413e+00,-1.403650984600048224e+00
-6.165914372380935760e+00,2.785953781690123421e+00,-1.538872306024726244e+00
-6.577299672781087736e+00,2.198327764483674507e+00,-1.658717416784856624e+00
-6.938443290202166658e+00,1.559749891350266093e+00,-1.761988840219803620e+00
-7.242763635108201647e+00,8.745997503948643725e-01,-1.847654701783415954e+00
-7.484058613802908155e+00,1.479918624946650885e-01,-1.914859039399435137e+00
-7.656596083973417066e+00,-6.142523737273658524e-01,-1.962930356122526865e+00
-7.755201764133213160e+00,-1.405642321771455983e+00,-1.991388329648206446e+00
-7.775343466751383659e+00,-2.219065211410573557e+00,-1.999948611628727946e+00
-7.713210536433932951e+00,-3.046842470731699670e+00,-1.988525668847664019e+00
-7.565787400398486184e+00,-3.880794932584465062e+00,-1.957233637854175257e+00
-7.330920179063653563e+00,-4.712316446863953345e+00,-1.906385184526252496e+00
-7.007375359714441032e+00,-5.532455316656260003e+00,-1.836488379954183126e+00
-6.594889606178547581e+00,-6.332002867309133087e+00,-1.748241623860720795e+00
-6.094209862399491584e+00,-7.101588354025066607e+00,-1.642526666282461800e+00
-5.507123008263604902e+00,-7.831779317389131911e+00,-1.520399797238892292e+00
-4.836474443138727430e+00,-8.513186409100550023e+00,-1.383081292418137931e+00
-4.086175108699351632e+00,-9.136571633932003778e+00,-1.231943220352252455e+00
-3.261196621690095832e+00,-9.692958891361579177e+00,-1.068495732873056436e+00
-2.367554378698208062e+00,-1.017374565337796355e+01,-8.943719758824105748e-01
-1.412278732906008472e+00,-1.057081458944291796e+01,-7.113117711697569678e-01
-4.033746583575926747e-01,-1.087664395046305543e+01,-5.211442323405176547e-01
6.502292337673666323e-01,-1.108441556280192586e+01,-3.257694885523549910e-01
1.738740769073156001e+00,-1.118811937960916403e+01,-1.271396986733293877e-01
2.851570658567275540e+00,-1.118265372579253558e+01,7.276045443399939416e-02
3.977400534903748675e+00,-1.106392072348112166e+01,2.719335946075722155e-01
5.104243861154260209e+00,-1.082891703394595773e+01,4.683896098925636742e-01
6.219483184363626016e+00,-1.047582128204935259e+01,6.601655375012762672e-01
7.309851025965381943e+00,-1.000408194035414411e+01,8.453451774658788942e-01
8.361287033536187963e+00,-9.414514350801750808e+00,1.022078239061317007e+00
9.358527615271576394e+00,-8.709425878778905172e+00,1.188598828668059770e+00
1.028411248951176482e+01,-7.892810580619116223e+00,1.343243094350015099e+00
1.111610375596321276e+01,-6.970704412679923578e+00,1.484465850845299251e+00
1.182295006898320366e+01,-5.951902856605116199e+00,1.610856018855130856e+00
1.235215978333860321e+01,-4.849484677308885772e+00,1.721150724365346107e+00
1.260668043097432722e+01,-3.684066682825242189e+00,1.814247917110539898e+00
1.240308184636451649e+01,-2.490411522288614954e+00,1.889217382128102418e+00
1.143139037282186088e+01,-1.328753070494239186e+00,1.945310034336051652e+00
9.342343841127268789e+00,-2.957604604333076148e-01,1.981965403295283590e+00
6.179852726720923783e+00,4.893603859274736068e-01,1.998817233356841916e+00
2.799972626293101730e+00,9.500996232010957554e-01,1.995697143240425575e+00
2.316612812357561890e-01,1.113495403352199764e+00,1.972636308478099121e+00
-1.253858409617612857e+00,1.076391404503142413e+00,1.929865149912462385e+00
-1.959333817165407998e+00,9.310505146428703638e-01,1.867811031360445684e+00
-2.233187417564369781e+00,7.356546040119205099e-01,1.787093989454842990e+00
-2.292800584302089106e+00,5.207307578685744787e-01,1.688520538312668906e+00
-2.248852987814908388e+00,3.012812697611098045e-01,1.573075610955824599e+00
-2.153915111225762402e+00,8.469786748143849631e-02,1.441912717988304227e+00
-2.032899323886189880e+00,-1.252169468964084986e-01,1.296342421869218109e+00
-1.898173789235703124e+00,-3.263850968873335257e-01,1.137819241944234339e+00
-1.756468883058176944e+00,-5.176146830826700018e-01,9.679271210786574153e-01
-1.611934046239254847e+00,-6.982232629299151005e-01,7.883635991076300975e-01
-1.467472835504838313e+00,-8.678639085421083754e-01,6.009228512368179898e-01
-1.325320376406470491e+00,-1.026439266478558876e+00,4.074777608923397798e-01
-1.187288997628509257e+00,-1.174053222805376384e+00,2.099612060942682989e-01
-1.054868974213810207e+00,-1.310978105884662792e+00,1.034674640594140070e-02
-9.292667442751327833e-01,-1.437627810955433683e+00,-1.893710966182264865e-01
-8.114172080764321393e-01,-1.554532738660123092e+00,-3.871967684310612112e-01
-7.019865710564475725e-01,-1.662314903583112846e+00,-5.811536208124723490e-01
-6.013732257136402692e-01,-1.761662687130594929e+00,-7.693036622797532198e-01
-5.097101153858664135e-01,-1.853305225073547113e+00,-9.497669222448191784e-01
-4.268701514644256956e-01,-1.937986661632037588e+00,-1.120740235437275301e+00
-3.524753620146969246e-01,-2.016440615072653042e+00,-1.280515258883546226e+00
-2.859100004212223878e-01,-2.089365250207567470e+00,-1.427495541464914863e+00
-2.263375985437857951e-01,-2.157399370776969416e+00,-1.560212475435528878e+00
-1.727218016744040130e-01,-2.221099943565875368e+00,-1.677339970561977367e+00
-1.238507233035189975e-01,-2.280921452679870676e+00,-1.777707704243338016e+00
-7.836448373655960364e-02,-2.337197460119401882e+00,-1.860312815221424332e+00
-3.478553777589400015e-02,-2.390124719391423014e+00,-1.924329924039218431e+00
8.448651615003599860e-03,-2.439750153516821563e+00,-1.969119380124372709e+00
5.295107653228450090e-02,-2.485960968258472903e+00,-1.994233653094285241e+00
1.003492992076334966e-01,-2.528478126407914583e+00,-1.999421804419641679e+00
1.522487586803021875e-01,-2.566853360224613301e+00,-1.984631994772092289e+00
2.101958262696753954e-01,-2.600469847211596797e+00,-1.950012001993854494e+00
2.756411773111648866e-01,-2.628546620110256082e+00,-1.895907744521484917e+00
3.499040495389105776e-01,-2.650146725884626520e+00,-1.822859825014144342e+00
4.341379541175343082e-01,-2.664189091315384950e+00,-1.731598128722579899e+00
5.292983936067019446e-01,-2.669463995324488081e+00,-1.623034530571235035e+00
6.361131221347285924e-01,-2.664651991042440216e+00,-1.498253783823352947e+00
8.667343430083543909e-01,-2.646077579197135599e+00,1.358502681365197917e+00
1.253310810693718302e+00,-2.592351399894003094e+00,1.205177597927034494e+00
1.616409760997193690e+00,-2.499630887018466918e+00,1.039810537671580493e+00
1.951040424438061915e+00,-2.369754014222547500e+00,8.640538266206321261e-01
2.252607567772654917e+00,-2.205080549853683625e+00,6.796636028268701057e-01
2.516967105620753653e+00,-2.008459842685485608e+00,4.884822692722938231e-01
2.740479792954028770e+00,-1.783192413345396021e+00,2.924200848187695212e-01
2.920060831701494219e+00,-1.532985537681477162e+00,9.343607715150929749e-02
3.053223917898561623e+00,-1.261903191255523193e+00,-1.064815315691493014e-01
3.138118544653551112e+00,-9.743108636348324358e-01,-3.053351907669344945e-01
3.173559478096530384e+00,-6.748158750352934998e-01,-5.011379806991270724e-01
3.159047363591852342e+00,-3.682039477914089143e-01,-6.919334655202534767e-01
3.094779492120683706e+00,-5.937290281888180088e-02,-8.758152417184899008e-01
2.981649943046290385e+00,2.467355415111087136e-01,-1.050945986653662789e+00
2.821238676849104898e+00,5.452048080550515596e-01,-1.215575816844589152e+00
2.615789688645810518e+00,8.312122383341608023e-01,-1.368059772575785704e+00
2.368178985148680749e+00,1.100096531250454701e+00,-1.506874254119641154e+00
2.081873772161249025e+00,1.347422853290650036e+00,-1.630632245345479125e+00
1.760884653456929128e+00,1.569044773896834055e+00,-1.738097172604992746e+00
1.409712692826795788e+00,1.761162350470996563e+00,-1.828195260406781708e+00
