1.852430710376490042e-01,-1.097785163719829926e+00,7.984190555865980365e-02
7.497818707715479813e-02,-1.104310828852576920e+00,7.309164733525019830e-02
-3.544869916658530129e-02,-1.100550704153704817e+00,6.553627770193179436e-02
-1.449775303465090093e-01,-1.086738935763796876e+00,5.725901976990879771e-02
-2.525918614703838161e-01,-1.063136811814836324e+00,4.835104831834170086e-02
-3.573188599027428136e-01,-1.030032762429973214e+00,3.891048549539179863e-02
-4.582293053611000144e-01,-9.877423597248139453e-01,2.904131999380669960e-02
-5.544375899216777981e-01,-9.366083178056108238e-01,1.885226160514279908e-02
-6.451017180155598219e-01,-8.770004927703827224e-01,8.455543771449599774e-03
-7.294233064296595792e-01,-8.093158827086582852e-01,-2.034312676791499939e-03
-8.066566333240066111e-01,-7.340657514914236126e-01,-1.250176097853950008e-02
-8.761409800641661860e-01,-6.524355323595293354e-01,-2.283150120033499916e-02
-9.372031485431210340e-01,-5.652337196063199620e-01,-3.290975027651869833e-02
-9.892603612883181796e-01,-4.732009504153444901e-01,-4.262549534010109942e-02
-1.031839595862808379e+00,-3.771428885137405040e-01,-5.187171654016219796e-02
-1.064577584863783510e+00,-2.779302241757665159e-01,-6.054656587531859896e-02
-1.087220815924904826e+00,-1.764986742175491119e-01,-6.855448905957389760e-02
-1.099625531714663706e+00,-7.384898200054940132e-02,-7.580727806149330228e-02
-1.101757729936811092e+00,2.895308256929339866e-02,-8.222504272409729420e-02
-1.093693163330241358e+00,1.307767230424811966e-01,-8.773709076258580375e-02
-1.075616429355874981e+00,2.305363398423987131e-01,-9.228270644617689311e-02
-1.047769992872668920e+00,3.275871319759811051e-01,-9.581181938819820221e-02
-1.010430973457618897e+00,4.210545823379844843e-01,-9.828555607573459529e-02
-9.639582817228281586e-01,5.100863774040420573e-01,-9.967666806516149725e-02
-9.087951380257903722e-01,5.939001290039935821e-01,-9.996983212629040327e-02
-8.454690724668437740e-01,6.717833743267556112e-01,-9.916181902927069525e-02
-7.745919248907853216e-01,7.430935759170319566e-01,-9.726152911480549779e-02
-6.968598448864880002e-01,8.072581216761463008e-01,-9.428989425607230135e-02
-6.130532917861133413e-01,8.637743248625193715e-01,-9.027964729212170636e-02
-5.240370346682184932e-01,9.122094240896821971e-01,-8.527496147270549609e-02
-4.307158472519969084e-01,9.522190173407883984e-01,-7.933096388554419787e-02
-3.338355243144335849e-01,9.835478894855124166e-01,-7.251312822637029365e-02
-2.342908854421142939e-01,1.005867077266082488e+00,-6.489655359987660244e-02
-1.330030142260339998e-01,1.018937445712757350e+00,-5.656513729624380177e-02
-3.089042901688819967e-02,1.022629120602366770e+00,-4.761065065415660130e-02
7.113091707131920238e-02,1.016921488457412703e+00,-3.813172819108390232e-02
1.721476361621719908e-01,1.001903196546314101e+00,-2.823278113467490164e-02
2.712489056177292968e-01,9.777721528831467834e-01,-1.802284732311969923e-02
3.675264680349384916e-01,9.448355262286060041e-01,-7.614390143402699831e-03
4.600746312510545777e-01,9.035097460886843956e-01,2.877940264075100167e-03
5.480556391088992063e-01,8.542016603293278720e-01,1.333856988728730070e-02
6.307744624803108824e-01,7.972711973289677845e-01,2.365227390143320035e-02
7.074626128740739706e-01,7.334311942213822544e-01,3.370544588092849736e-02
7.774261869235210565e-01,6.633898935069124647e-01,4.338734918546600233e-02
8.400542298850127709e-01,5.878334707745569432e-01,5.259133673422530103e-02
8.948187356387148350e-01,5.074260347014873940e-01,6.121602573364769845e-02
9.412746466889819752e-01,4.228096270522619937e-01,6.916641441856340167e-02
9.790598541627432150e-01,3.346042226819426757e-01,7.635492850535299802e-02
1.007895197812041621e+00,2.434077295314691081e-01,8.270238583137970445e-02
1.027580850455005024e+00,1.499026409632104040e-01,8.813886855371949602e-02
1.037948642607261496e+00,5.532242355252119798e-02,9.260449330092170028e-02
1.038883952766219920e+00,-3.937152942814770018e-02,9.605007079386479463e-02
1.030367940614578703e+00,-1.333107288580192007e-01,9.843764767055070142e-02
1.012478474830426300e+00,-2.256606366887813908e-01,9.974092454581480471e-02
9.853901330873772180e-01,-3.156206659454448005e-01,9.994554570158439843e-02
9.493742020542039750e-01,-4.024241807271157767e-01,9.904925721645869985e-02
9.047986773962307661e-01,-4.853384962038649886e-01,9.706193179290699413e-02
8.521282637733627041e-01,-5.636648786214759621e-01,9.400546000847030681e-02
7.919243748413183903e-01,-6.367385452982492478e-01,8.991350918900040123e-02
7.248174270193092905e-01,-7.039578506429426952e-01,8.483115255982949521e-02
6.513391130890856529e-01,-7.648743264272634956e-01,7.881437276011360460e-02
5.721321520812489014e-01,-8.189203761563793593e-01,7.192944518850190316e-02
4.878977794977036875e-01,-8.655854623637267986e-01,6.425220797351889612e-02
3.993740084956345915e-01,-9.044482987888203818e-01,5.586722660936439822e-02
3.073356298866550818e-01,-9.351768503774937624e-01,4.686686245891440172e-02
2.125942121401903084e-01,-9.575283332808568471e-01,3.735025538488830066e-02
1.159981013784420062e-01,-9.713492148569752294e-01,2.742223171441440094e-02
1.843242137971450034e-02,-9.765752136696755903e-01,1.719214956742719930e-02
-7.918099694122179844e-02,-9.732312715884533505e-01,6.772694266464000280e-03
-1.760240908381293934e-01,-9.613455859303473572e-01,-3.721362902460299826e-03
-2.712773419473408776e-01,-9.409177234350724062e-01,-1.417442890696819953e-02
-3.640423077953747200e-01,-9.120582616009980104e-01,-2.447136223614640102e-02
-4.534677266536579765e-01,-8.749694089864741287e-01,-3.449874119527040345e-02
-5.387495175392817970e-01,-8.299450052093856334e-01,-4.414611325658390067e-02
-6.191307802119347947e-01,-7.773705209488643852e-01,-5.330721170401050285e-02
-6.939017951785676486e-01,-7.177230579428270918e-01,-6.188112617158530310e-02
-7.624000236902445105e-01,-6.515713489895441635e-01,-6.977341418034430087e-02
-8.240101077434657251e-01,-5.795757579465867781e-01,-7.689714143130839397e-02
-8.781638241708530357e-01,-5.024805988351966901e-01,-8.317383939477099308e-02
-9.241113176192388146e-01,-4.136855332737968127e-01,8.453192179306759368e-02
-9.606287768211072553e-01,-3.127044746917346796e-01,7.846685824247649765e-02
-9.867882906636915585e-01,-2.063256037335483017e-01,7.153747482538889979e-02
-1.002095629041824365e+00,-9.905732936904319830e-02,6.382009935543410395e-02
-1.006490242857480233e+00,6.871711102807900179e-03,5.539973945360199964e-02
-1.000345264020612968e+00,1.115126520597494036e-01,4.636914618095099722e-02
-9.840204746772509559e-01,2.146836883912242866e-01,3.682779237637440195e-02
-9.575234535476455644e-01,3.146573557824887124e-01,2.688077695480759963e-02
-9.211837553488447794e-01,4.110132133595107984e-01,1.663766723230099970e-02
-8.754359967827362032e-01,5.028308860805330571e-01,6.211292031107099737e-03
-8.208192471135875579e-01,5.886862120578557622e-01,-4.283501139225200267e-03
-7.579841057767533474e-01,6.668483801539175637e-01,-1.473111113946489956e-02
-6.877343919271670103e-01,7.372677522682493656e-01,-2.501645655691819847e-02
-6.108857744189882810e-01,7.995101528639142474e-01,-3.502624333863219724e-02
-5.282793992994545551e-01,8.529344990771474677e-01,-4.465021273661200218e-02
-4.407961328726209826e-01,8.970142192553565152e-01,-5.378235581716749730e-02
-3.493565616985143119e-01,9.313372529573875624e-01,-6.232208116066789705e-02
-2.549209925964968093e-01,9.556060509523666147e-01,-7.017532288442110411e-02
-1.584894526402629011e-01,9.696375752215757871e-01,-7.725557678779579329e-02
-6.110168916114099708e-02,9.733632989571128213e-01,-8.348485320448879865e-02
3.616283025360370051e-02,9.668292065621419962e-01,-8.879453606534179477e-02
1.321849414521716892e-01,9.501957932661594386e-01,-9.312613871127220500e-02
2.260146591859283904e-01,9.237225152350572177e-01,-9.643194812950889316e-02
3.167560377865947796e-01,8.877294633135399682e-01,-9.867555051646230424e-02
4.034155031110212009e-01,8.426274655190747476e-01,-9.983223237966970531e-02
4.850818082829275735e-01,7.889256244927126405e-01,-9.988925275893570377e-02
5.609260336899772881e-01,7.272313175011220210e-01,-9.884598356941619313e-02
6.302015869882451327e-01,6.582501964336502365e-01,-9.671391651989240390e-02
6.922442030991909911e-01,5.827861878042044363e-01,-9.351653653068449368e-02
7.464719442108835867e-01,5.017414927500427613e-01,-8.928906304465800137e-02
7.923851997760980037e-01,4.161165870347741103e-01,-8.407806208247800561e-02
8.295695698552353337e-01,3.270090760391364815e-01,-7.794093331246659817e-02
8.577809922761098216e-01,2.354753620432988026e-01,-7.094527778881699887e-02
8.767947016701785889e-01,1.423827123725573129e-01,-6.316815331867979555e-02
8.864420430302245579e-01,4.860020410188779783e-02,-5.469522566393499735e-02
8.866650792128178971e-01,-4.497892616037590247e-02,-4.561982492441329917e-02
8.775165909388434882e-01,-1.374372822776722958e-01,-3.604191749749290075e-02
8.591600767930634985e-01,-2.278333085817967896e-01,-2.606700493989369885e-02
8.318697532239601733e-01,-3.152012898745312763e-01,-1.580496185673399903e-02
7.960305545448110864e-01,-3.985513514244908850e-01,-5.368825623549299680e-03
7.521381329321944476e-01,-4.768694589719060239e-01,5.126448731596100136e-03
7.007741803336760000e-01,-5.492136758509376104e-01,1.556525476917489971e-02
6.425175560565447030e-01,-6.150486013683152953e-01,2.583260805279900124e-02
5.780524397278165027e-01,-6.737361136575386045e-01,3.581541271509770114e-02
5.081123320236174967e-01,-7.247063739116984538e-01,4.540370721814770277e-02
4.334719017169462729e-01,-7.674884898423536272e-01,5.449187559077830340e-02
3.549469856799700729e-01,-8.017105156773247643e-01,6.297981079892529810e-02
2.733945888827130077e-01,-8.270994521614511985e-01,7.077401743313729843e-02
1.897128843960513012e-01,-8.434812465557477434e-01,7.778864156988060663e-02
1.048412133872523022e-01,-8.507807926387936925e-01,8.394641646093770060e-02
1.974506074798260125e-02,-8.490164436564843209e-01,8.917951363313809943e-02
-6.475904712460389678e-02,-8.382656780857856704e-01,9.343029002625240220e-02
-1.477670437761954003e-01,-8.187821228468644685e-01,9.665192293608160234e-02
-2.283802906501825047e-01,-7.909048037476731352e-01,9.880892577132459331e-02
-3.057608224119505724e-01,-7.550306901107953772e-01,9.987753894177030245e-02
-3.791313469458372776e-01,-7.116146947740796813e-01,9.984599157221719923e-02
-4.477752453564962098e-01,-6.611696740900115943e-01,9.871463115992419601e-02
-5.110365719664412554e-01,-6.042664279276142025e-01,9.649591974685220452e-02
-5.683200543198029253e-01,-5.415336996696880068e-01,9.321429664917539604e-02
-6.190910931797792838e-01,-4.736581762145870012e-01,8.890590925564770264e-02
-6.628835132925916529e-01,-4.013598107970899886e-01,8.361821486113610313e-02
-6.993186519547702762e-01,-3.253226161284499818e-01,7.740945791943699972e-02
-7.280285696575289345e-01,-2.464693775133875997e-01,7.034802847570420514e-02
-7.487380012290660858e-01,-1.657464971518962937e-01,6.251170884342430178e-02
-7.612777674261914651e-01,-8.408405071439159495e-02,5.398681682440319846e-02
-7.655847749346934572e-01,-2.395787340295399848e-03,4.486725491082729778e-02
-7.617020163692583834e-01,7.842087035899170111e-02,3.525347594006900120e-02
-7.497785702737044256e-01,1.574848263045590946e-01,2.525137659663660022e-02
-7.300696011207501446e-01,2.339313109470058938e-01,1.497113095135380045e-02
-7.029363593120911968e-01,3.069118812671848828e-01,4.525976882174399633e-03
-6.687850020727293954e-01,3.756205202474331983e-01,-5.969031250526299869e-03
-6.280239196561357984e-01,4.394609577197752248e-01,-1.639828993914370023e-02
-5.811480180903553228e-01,4.979397575060426906e-01,-2.664691991296019857e-02
-5.287007166947473857e-01,5.505928883089962200e-01,-3.660203154292750172e-02
-4.712738152871390751e-01,5.969856714794774533e-01,-4.615396833301760315e-02
-4.095074941859607187e-01,6.367127810147782396e-01,-5.519751479568470176e-02
-3.440903142071040088e-01,6.693982435611778303e-01,-6.363305541096909990e-02
-2.757592166659719179e-01,6.946954384121932780e-01,-7.136767190127070448e-02
-2.052995233769775996e-01,7.122870975090309642e-01,-7.831616673397770456e-02
-1.335000629290915009e-01,7.220008195385112515e-01,-8.440200158141020204e-02
-6.109090766322249760e-02,7.239911432870317354e-01,-8.955814039686729733e-02
1.111653172537330030e-02,7.182828295843628474e-01,-9.372778782345479731e-02
8.234020123584349926e-02,7.049755801450292569e-01,-9.686501480045829615e-02
1.518340230120757972e-01,6.842594651123014016e-01,-9.893526447585859751e-02
2.188878953401854899e-01,6.564149230590179407e-01,-9.991573285362530255e-02
2.828276926523167201e-01,6.218127609864512184e-01,-9.979561998185719485e-02
3.430152655240911175e-01,5.809141543249961570e-01,-9.857624891520380683e-02
3.988484406752488276e-01,5.342706469340148256e-01,-9.627105114127669505e-02
4.497610209700877992e-01,4.825241511013452778e-01,-9.290541863164210323e-02
4.952547060455532724e-01,4.262630528474696812e-01,-8.851642414687239946e-02
5.349619223274176827e-01,3.659763619758065745e-01,-8.315241287627089806e-02
5.685150999102552838e-01,3.026730082217872209e-01,-7.687246991161029996e-02
5.956243067999797969e-01,2.372835011399823946e-01,-6.974576941852110579e-02
6.160841004335354532e-01,1.706201981120692990e-01,-6.185081267723219894e-02
6.297735276803787530e-01,1.033773043432524019e-01,-5.327456338327780233e-02
6.366561248414313035e-01,3.613087286463210340e-02,-4.411148973365980330e-02
6.367799176493552649e-01,-3.066119546738079946e-02,-3.446252385178309730e-02
6.302774212684658650e-01,-9.665915197166240203e-02,-2.443395000930919866e-02
6.173400697972059037e-01,-1.614194476452600890e-01,-1.413623389599439999e-02
5.980965750777051948e-01,-2.234576063868047024e-01,-3.682805829187900132e-03
5.728164084783731180e-01,-2.821576924121618757e-01,6.811188692405900115e-03
5.418403627258798760e-01,-3.370755743658914172e-01,1.723015732620429910e-02
5.055612529157621493e-01,-3.877626313284486814e-01,2.745933414688090171e-02
4.644239165107276746e-01,-4.337657528191871115e-01,3.738604380441450104e-02
4.189252133417333823e-01,-4.746273387943211741e-01,4.690094265250589756e-02
3.696140256077301012e-01,-5.098852996474438903e-01,5.589922318054899725e-02
3.170912578751711730e-01,-5.390730562097630907e-01,6.428176847710780073e-02
2.619826890569780242e-01,-5.618527811852561671e-01,7.195624401261299652e-02
2.049096454789987032e-01,-5.782303379299901236e-01,7.883811471328970588e-02
1.465307570118576097e-01,-5.881667449054613916e-01,8.485157612209920375e-02
8.749258938364390392e-02,-5.916750661163658886e-01,8.993038939294900613e-02
2.842828304272319861e-02,-5.888255320873607701e-01,9.401861091708549334e-02
-3.004244684549309957e-02,-5.797455398632540557e-01,9.707120854762470163e-02
-8.731331039639950164e-02,-5.646196530088198884e-01,9.905455763299149397e-02
-1.427914430067303009e-01,-5.436896016088590411e-01,9.994681139531490233e-02
-1.958974053550311956e-01,-5.172542822679346841e-01,9.973814157502529365e-02
-2.461110006623571933e-01,-4.857464889733250080e-01,9.843084668990870201e-02
-2.929642600850757006e-01,-4.496242791164379859e-01,9.603932671684739519e-02
-3.359750838168777953e-01,-4.092414939426605169e-01,9.258992447450320462e-02
-3.747234140657232926e-01,-3.650207144422356054e-01,8.812063545492640482e-02
-4.088520907113212810e-01,-3.174550046941504999e-01,8.268068929946900680e-02
-4.380668513072492054e-01,-2.671079118637166849e-01,7.633000752977800452e-02
-4.621363310795004731e-01,-2.146134662041487007e-01,6.913854350611070565e-02
-4.808920629268568225e-01,-1.606761810561785908e-01,6.118551188525730294e-02
-4.942284774209845799e-01,-1.060710528475586056e-01,5.255851606261500303e-02
-5.021219390477481559e-01,-5.143823430153270093e-02,4.335258321342849719e-02
-5.045979490587184646e-01,2.764144864983999854e-03,3.366911755909769710e-02
-5.017080722241032964e-01,5.595202543814360024e-02,2.361478338954040024e-02
-4.935618520456160896e-01,1.075703773615389047e-01,1.330033014695329932e-02
-4.803268738798142090e-01,1.570936498278122928e-01,2.839372509748199977e-03
-4.622287649376518037e-01,2.040257712814798063e-01,-7.652861084440999717e-03
-4.395511942847298847e-01,2.479001494170323117e-01,-1.806079768963399917e-02
-4.126358728412459209e-01,2.882796711794143873e-01,-2.826979289987850003e-02
-3.818825533816982976e-01,3.247567027643357140e-01,-3.816739366696590002e-02
-3.477380813663684123e-01,3.569940467163176256e-01,-4.764457698195900121e-02
-3.105673034743524075e-01,3.850822374587543062e-01,-5.659695077441530275e-02
-2.708113049865280009e-01,4.087538796865894941e-01,-6.492590379979640280e-02
-2.289492449381921868e-01,4.276866101962341071e-01,-7.253969185288469679e-02
-1.854653989132754033e-01,4.416502745924557050e-01,-7.935444833784960350e-02
-1.408491590420505868e-01,4.505069272894143273e-01,-8.529510806722799543e-02
-9.559503400264189599e-02,4.542108315099275817e-01,-9.029623411231109398e-02
-5.020264902065269680e-02,4.528084592856647106e-01,-9.430273859642719636e-02
-5.176745868759500060e-03,4.464384914570672103e-01,-9.727048949380100173e-02
3.897281713165239719e-02,4.353318176736261091e-01,-9.916679674746599338e-02
8.178259405066179433e-02,4.197697137410346113e-01,-9.997077235362529513e-02
1.228433948554849969e-01,3.999925571684024850e-01,-9.967356044494750378e-02
1.617203532239228914e-01,3.762838442940311112e-01,-9.827843483869989905e-02
1.980236367153236088e-01,3.489669623891615835e-01,-9.580076297546860631e-02
2.314092271125146871e-01,3.184048506474936868e-01,-9.226783664513270311e-02
2.615789204203655127e-01,2.850000001860166776e-01,-8.771857136556200640e-02
2.882803268663771123e-01,2.491944540444749889e-01,-8.220307772402080104e-02
3.113068708997429046e-01,2.114698071866946971e-01,-7.578210940481479307e-02
3.304977911928078105e-01,1.723472064986220076e-01,-6.852639398154569683e-02
3.457408244247889839e-01,1.323913583894069101e-01,-6.051585384575140086e-02
3.570015816024356137e-01,9.215877003160090342e-02,-5.183872585511090092e-02
3.642469403744196810e-01,5.196163330938170094e-02,-4.259058939501020324e-02
3.674721302884028096e-01,1.209449707927300055e-02,-3.287331356358969697e-02
3.667172768323935794e-01,-2.711357998867339886e-02,-2.279393507357849874e-02
3.620674014344469893e-01,-6.529902940941320622e-02,-1.246347923221950010e-02
3.536524214626552975e-01,-1.020637728836013003e-01,-1.995736988053799926e-03
3.416471502254894155e-01,-1.369752222962669908e-01,8.493988487653800212e-03
3.262712969713367217e-01,-1.695662797188260129e-01,1.889015187680770022e-02
3.077894668887747875e-01,-1.993353374077252993e-01,2.907823845582779843e-02
2.864954662668174890e-01,-2.260065896681560105e-01,3.894602548759049793e-02
2.627030992332987092e-01,-2.495031671988501010e-01,4.838481836425480298e-02
2.367546502305105105e-01,-2.695178151157304747e-01,5.729064788921130191e-02
2.089995377991449022e-01,-2.858352929401586917e-01,6.556541550804589891e-02
1.797941658779010909e-01,-2.983349076218871909e-01,7.311797387234840462e-02
1.495019238030005915e-01,-3.069905135393499185e-01,7.986513083751410613e-02
1.184931863092996973e-01,-3.118705124993820799e-01,8.573256583114309548e-02
8.714531352863169600e-02,-3.131378537376927063e-01,9.065564850163569666e-02
5.584265099090209711e-02,-3.110500339185137131e-01,9.458015062781589821e-02
2.495423878175090024e-02,-3.058727602549197178e-01,9.746284344736549921e-02
-5.257570348963599809e-03,-2.974407196523694008e-01,9.927197382626999633e-02
-3.446268484742009974e-02,-2.858450236829132018e-01,9.998761402220020245e-02
-6.234514595527949898e-02,-2.712793402076387750e-01,9.960188119071350377e-02
-8.862071537476920446e-02,-2.539819397632103182e-01,9.811902421542630093e-02
-1.130368752691740947e-01,-2.342356955616174963e-01,9.555537690619890501e-02
-1.353728282619653112e-01,-2.123680834909167925e-01,9.193917808073910625e-02
-1.554394974381352879e-01,-1.887511821141490964e-01,8.731026051108180253e-02
-1.730795263432902964e-01,-1.638016726700393111e-01,8.171961216231800329e-02
-1.881852283885457056e-01,-1.380059627436613090e-01,7.522881455469940248e-02
-2.006950009975856097e-01,-1.116989635682460041e-01,6.790936443800180133e-02
-2.105452909737154932e-01,-8.504365256834589548e-02,5.984188624783749744e-02
-2.177057256825511988e-01,-5.825254209467879696e-02,5.111524401938730144e-02
-2.221799869933608895e-01,-3.159099270894510231e-02,4.182556254264979678e-02
-2.240058112791961098e-01,-5.377213183356099879e-03,3.207516853758769770e-02
-2.232549894168492921e-01,2.001773949841630096e-02,2.197146351672479847e-02
-2.200333667869525944e-01,4.416996014267510207e-02,1.162574074687250034e-02
-2.144809649007644037e-01,6.660779454909100672e-02,1.151959342703299909e-03
-2.067771387048318033e-01,8.718757082923320190e-02,-9.334511002421700190e-03
-1.971168800059188986e-01,1.058540499764691056e-01,-1.971816082597810035e-02
-1.857005282655994072e-01,1.224408644431952964e-01,-2.988461324266879909e-02
-1.727376725304103910e-01,1.368133835551439970e-01,-3.972188381719519989e-02
-1.584471514321882935e-01,1.488687135106848136e-01,-4.912161408389890266e-02
-1.430570531878453955e-01,1.585356973810800874e-01,-5.798026512448990061e-02
-1.268047155999398878e-01,1.657749151101552965e-01,-6.620025805957810427e-02
-1.099367260558335030e-01,1.705786835148271063e-01,-7.369104888964429778e-02
-9.270892152824269927e-02,1.729710562847293076e-01,-8.037012584479889810e-02
-7.538138925645769539e-02,1.730209441660988945e-01,-8.616391826076119642e-02
-5.816064349404199973e-02,1.709244584636046005e-01,-9.100860696584510412e-02
-4.125819145585289671e-02,1.667584740850135139e-01,-9.485082725559160211e-02
-2.487969394217789953e-02,1.606046331944070982e-01,-9.764825671016230668e-02
-9.213240009075900766e-03,1.525927740326205873e-01,-9.937008137937830554e-02
5.570653031910699840e-03,1.429009309171389019e-01,-9.999733520168059553e-02
1.931903961322600088e-02,1.317553342424639951e-01,-9.952310891683820160e-02
3.189654591210930312e-02,1.194304104795842064e-01,-9.795262617227769308e-02
4.318722416917809837e-02,1.062308459977543001e-01,-9.530318598394620089e-02
5.311232075248070034e-02,9.232926284176090626e-02,-9.160397218624979909e-02
6.161642522653069942e-02,7.789143362280180616e-02,-8.689573196890329476e-02
6.866132511556780060e-02,6.310832178080469368e-02,-8.123032704363160328e-02
7.422700644665519709e-02,4.818459929490900157e-02,-7.467016238137319517e-02
7.831165374935629420e-02,3.333864668398910103e-02,-6.728749881670889610e-02
8.093165005583649596e-02,1.880255300639410015e-02,-5.916365708695910108e-02
8.212157690078089600e-02,4.822115860474899748e-03,-5.038812207742549704e-02
8.194745056601179800e-02,-8.187134982479200851e-03,-4.105755713658280209e-02
8.055230974189120374e-02,-1.961564545813049981e-02,-3.127473931961700232e-02
7.805977486733499393e-02,-2.976423639027429846e-02,-2.114742729058599960e-02
7.459251322178860055e-02,-3.884364953868269660e-02,-1.078717434919800044e-02
7.027743065672099887e-02,-4.687431586535489858e-02,-3.080996618707000038e-04
6.524567159543440131e-02,-5.368635553501230340e-02,1.017436877219780010e-02
5.963261903318250318e-02,-5.891957791475980338e-02,2.054476557191189934e-02
5.357986410119430082e-02,-6.209160881714940322e-02,3.068885983528570061e-02
4.727367770441349981e-02,-6.384448466952540036e-02,4.049491340419519858e-02
4.088453245843810119e-02,-6.391324062975529963e-02,4.985491167125100098e-02
3.457937552930869657e-02,-6.195724151761290016e-02,5.866575336975100169e-02
2.853884739413840160e-02,-5.820557465074249759e-02,6.683038624517249893e-02
2.294635914097179971e-02,-5.337326742572719857e-02,7.425887609384849986e-02
1.789508007359870076e-02,-4.759534798428900065e-02,8.086939739724230414e-02
1.347383583880959988e-02,-4.072990980715870263e-02,8.658913463806089394e-02
9.780012013884299346e-03,-3.286079466211729722e-02,9.135508436930489529e-02
6.911331034530799819e-03,-2.427355408480789956e-02,9.511474920398370336e-02
4.931724834427900217e-03,-1.524534226704880001e-02,9.782671607818239912e-02
3.875586475125899870e-03,-5.849327935588500421e-03,9.946111242020669319e-02
3.771007327521999804e-03,3.772201173285699791e-03,9.999993519978929435e-02
4.628920892798599716e-03,1.339667932414619934e-02,9.943724923302149632e-02
6.441873174268099821e-03,2.280392400851739831e-02,9.777925255903839596e-02
9.168742718973499350e-03,3.165587414104450298e-02,9.504420816805329852e-02
1.274640974848910077e-02,3.976176744073779690e-02,9.126224283284639638e-02
1.701227600233570086e-02,4.390536824691949891e-02,2.544893575518000122e-04
2.130238421009419958e-02,4.132001498263360162e-02,1.073387511160549951e-02
2.534209040093559837e-02,4.004432292562710299e-02,2.109502621577529977e-02
2.935126253513109865e-02,4.026357246261760142e-02,3.122381361056110124e-02
3.341580764140209686e-02,4.107877604096109997e-02,4.100866774461280062e-02
3.756084624523500087e-02,4.180067536294870129e-02,5.034180752398390024e-02
4.179919891802059972e-02,4.297168173538690183e-02,5.912042753115050175e-02
4.618729373883179862e-02,4.498459765218539713e-02,6.724783043611300137e-02
5.080365851600560090e-02,4.752179380584300311e-02,7.463449212708860026e-02
5.569193945219019781e-02,5.031528086794379712e-02,8.119904782676340416e-02
6.084564882480059805e-02,5.274005006975610033e-02,8.686918833313500565e-02
6.624059983926719464e-02,5.503799153373129666e-02,9.158245651202469306e-02
7.187119039847969515e-02,5.754692289331220234e-02,9.528693526861399532e-02
7.774389004928189406e-02,5.984745898221070087e-02,9.794181941895040155e-02
8.382892540862439679e-02,6.177892241350060182e-02,9.951786516296229346e-02
9.008049822987880539e-02,6.307907082301479618e-02,9.999771220768290114e-02
9.643547018121119418e-02,6.371144831911229600e-02,9.937607499251220611e-02
1.028202936129563039e-01,6.368589443634349589e-02,9.765980091019180187e-02
1.091577859005816997e-01,6.294177983395750353e-02,9.486779488210030087e-02
1.153672386341391964e-01,6.134829513986359700e-02,9.103081111872700359e-02
1.213644176180400935e-01,5.870445095069649899e-02,8.619111435927540033e-02
1.270500199780066064e-01,5.491370941471249850e-02,8.040201432136390158e-02
1.322963987228537863e-01,4.989624753863090151e-02,7.372727848956639463e-02
1.369749262598899120e-01,4.331239925884430159e-02,6.624042971050909945e-02
1.409258749991957882e-01,3.537515607328930306e-02,5.802393633168480280e-02
1.440105180060775036e-01,2.611453313543420085e-02,4.916830380509470272e-02
1.461106752529139075e-01,1.574354414081419878e-02,3.977107776070540335e-02
1.471499879505344943e-01,4.896879610974800082e-03,2.993576953238569899e-02
1.470369730562365029e-01,-7.373611859109100233e-03,1.977071597061460032e-02
1.456243392816279070e-01,-2.105190067938529988e-02,9.387886102178199729e-03
1.428195075635056988e-01,-3.510555769347600136e-02,-1.098352219779799967e-03
1.385743826989093985e-01,-4.996712537133039811e-02,-1.157249208813159944e-02
1.328101437039005961e-01,-6.551293264463739496e-02,-2.191915986135959879e-02
1.254535344445293910e-01,-8.166562822101240682e-02,-3.202438601521970241e-02
1.164731691064716940e-01,-9.790391537585869941e-02,-4.177686052748440237e-02
1.058929134051496967e-01,-1.136352205617232047e-01,-5.106915896889299700e-02
9.372831670857910413e-02,-1.295126203529939901e-01,-5.979892579304980221e-02
7.999128811218619850e-02,-1.451968727453527008e-01,-6.787000179260610500e-02
6.472213894907559439e-02,-1.602345978879984867e-01,-7.519348330175269768e-02
4.799313996847699715e-02,-1.742079520165706885e-01,-8.168870147892830225e-02
2.993159787985279902e-02,-1.868749086167391937e-01,-8.728411088145510144e-02
1.067903509182660006e-02,-1.979933461432843989e-01,-9.191807754543120101e-02
-9.607774504217200459e-03,-2.073977379944932919e-01,-9.553955788970050489e-02
-3.075296695012360096e-02,-2.150263367234958034e-01,-9.810866096561139671e-02
-5.256762024456500260e-02,-2.209071704188536878e-01,-9.959708785977799961e-02
-7.487171672593440075e-02,-2.248506958612458972e-01,-9.998844340915390150e-02
-9.744678989848989947e-02,-2.264760417115332936e-01,-9.927841679532900532e-02
-1.200570187609690948e-01,-2.255348167105468982e-01,-9.747482902863649490e-02
-1.424535149643769982e-01,-2.219252615121999894e-01,-9.459754679894680218e-02
-1.643743228111649024e-01,-2.156922486834048913e-01,-9.067826364221459601e-02
-1.855445693898565007e-01,-2.070264977693609953e-01,-8.576015083318069832e-02
-2.057310385596740065e-01,-1.959067967958458001e-01,-7.989738184964180479e-02
-2.246868164569822968e-01,-1.822185024751213078e-01,-7.315453564667860620e-02
-2.421383161586808941e-01,-1.660507613188846043e-01,-6.560588531305219795e-02
-2.578332710271709072e-01,-1.475073672029195981e-01,-5.733457994629970189e-02
-2.715407347106590930e-01,-1.267067613668088899e-01,-4.843172875743260303e-02
-2.830510811426764084e-01,-1.037820324147112061e-01,-3.899539749467179767e-02
-2.921760045428291042e-01,-7.888091631422440575e-02,-2.912952823949140069e-02
-2.987348907261596076e-01,-5.200346901269310013e-02,-1.894279447506139885e-02
-3.025063367837810269e-01,-2.300312073325730053e-02,-8.547404037294200480e-03
-3.033234184470238737e-01,7.390804163207600162e-03,1.942136864360800071e-03
-3.010663078984581187e-01,3.854225655673249734e-02,1.241028494472629952e-02
-2.956583230790865158e-01,6.999485985039979874e-02,2.274173256239630028e-02
-2.870659276883921751e-01,1.014719099705986977e-01,3.282267784449380277e-02
-2.752987311842166052e-01,1.328763753673105896e-01,4.254207822514809861e-02
-2.604092705928300888e-01,1.642886839280771893e-01,5.179287358953010151e-02
-2.424272293434540926e-01,1.952269345857599869e-01,6.047316555164949925e-02
-2.214113165613486034e-01,2.249689396337181124e-01,6.848733987437680137e-02
-1.974949781137756988e-01,2.531820166382046100e-01,7.574711966945489594e-02
-1.708440935463894084e-01,2.795457850210814055e-01,8.217253777553069904e-02
-1.416569760819272050e-01,3.037521660613639041e-01,8.769281760437909468e-02
-1.101643726210557034e-01,3.255053828941760763e-01,9.224715275145969895e-02
-7.662946374216629553e-02,3.445219605110158012e-01,9.578537678428129809e-02
-4.134662816021340143e-02,3.605219490573114971e-01,9.826851583041840144e-02
-4.628271127079699836e-03,3.731069710487591728e-01,9.966921787832680457e-02
3.316424844667569677e-02,3.820254094211157914e-01,9.997205406246670312e-02
7.165089404097629844e-02,3.871143409100923916e-01,9.917368861362090005e-02
1.104435809742374958e-01,3.882409709199240999e-01,9.728291560271400129e-02
1.491461764019522962e-01,3.853026335233656896e-01,9.432056207336329823e-02
1.873544993188137053e-01,3.782267914617536975e-01,9.031925862992550014e-02
2.246563205573021138e-01,3.669710361449289859e-01,8.532308000835869821e-02
2.606313627880368911e-01,3.515230876512646097e-01,7.938705958882449898e-02
2.948513005200787962e-01,3.319007947274686954e-01,7.257658319773679922e-02
3.269060349809672084e-01,3.081671368040982961e-01,6.496666887694130255e-02
3.564231522405763020e-01,2.804965314339095128e-01,5.664114055253419849e-02
3.829848604735751061e-01,2.491138132681934014e-01,4.769170470661469874e-02
4.062109413479911835e-01,2.142785971893214070e-01,3.821694022156989917e-02
4.257632311066394948e-01,1.762861677271224115e-01,2.832121252469170167e-02
4.413456205683949918e-01,1.354674790569787013e-01,1.811352399263019969e-02
4.527040551273128766e-01,9.218915500106450445e-02,7.706313280226699709e-03
4.596265347528560863e-01,4.685348902804400278e-02,-2.785783201985699876e-03
4.619431139898946270e-01,-1.015557473607999953e-04,-1.324719401877979923e-02
4.595263206784258037e-01,-4.820261393802619670e-02,-2.356268574016410003e-02
4.523073827454446860e-01,-9.694496063934669727e-02,-3.361863224905949771e-02
4.402353823971206226e-01,-1.457681762335578113e-01,-4.330426634336480285e-02
4.233019769105378916e-01,-1.941083138680247955e-01,-5.251289984733489846e-02
4.015607104361524904e-01,-2.414160068997504016e-01,-6.114309879161539812e-02
3.751270139968674866e-01,-2.871564688980207114e-01,-6.909980071848889627e-02
3.441782054886047826e-01,-3.308094936426361765e-01,-7.629536180351639829e-02
3.089534896801732211e-01,-3.718694551243539870e-01,-8.265052226063679397e-02
2.697539582128952174e-01,-4.098453075452184735e-01,-8.809527939625129422e-02
2.269425896020696998e-01,-4.442605853172061914e-01,-9.256965869533599622e-02
1.809391744277153991e-01,-4.746529232951373078e-01,-9.602437444668039668e-02
1.321305599306888956e-01,-5.005854470465014305e-01,-9.842137262946269727e-02
8.097082224595540667e-02,-5.216969662674106889e-01,-9.973425008194700125e-02
2.796287247558210121e-02,-5.376779278858876410e-01,-9.994854533477169622e-02
-2.637006374215790025e-02,-5.482630716704405271e-01,-9.906189790547030583e-02
-8.148444623094179551e-02,-5.532314302292478114e-01,-9.708407429935460298e-02
-1.368164202768512028e-01,-5.524063290103726764e-01,-9.403686043055059507e-02
-1.917818166288695059e-01,-5.456553863016738726e-01,-8.995382164805400260e-02
-2.457761514968838934e-01,-5.328905132311063664e-01,-8.487993301038540550e-02
-2.981894129283134132e-01,-5.141827138619854409e-01,-7.887108388085439792e-02
-3.484860285930932999e-01,-4.901354028256892925e-01,-7.199346230106770661e-02
-3.960698377516631008e-01,-4.605439015976738881e-01,-6.432282592328909809e-02
-4.403622311488294971e-01,-4.252597676401048132e-01,-5.594366753300480249e-02
-4.808218021483631754e-01,-3.843700529575634905e-01,-4.694828435250009840e-02
-5.169443467312373475e-01,-3.381973040980701950e-01,-3.743576137848329821e-02
-5.482628634960720060e-01,-2.872995621528408039e-01,-2.751087995141029974e-02
-5.743475536593485309e-01,-2.324703627557724028e-01,-1.728296357901770025e-02
-5.948058210545059676e-01,-1.747387360854777971e-01,-6.864673727898500111e-03
-6.093294842004034484e-01,-1.149366800976903968e-01,3.629231153740500055e-03
-6.177759358848516902e-01,-5.272547594312299718e-02,1.408315971089110080e-02
-6.199262490214519916e-01,1.115937767724929988e-02,2.438196093162900077e-02
-6.156285664018004145e-01,7.591559798272100312e-02,3.441219254604960254e-02
-6.048123909535392251e-01,1.407930922638800098e-01,4.406337060413680062e-02
-5.874885857402194489e-01,2.050939578802906116e-01,5.322918646656669972e-02
-5.637493739613493871e-01,2.681724822610684900e-01,6.180867780451650140e-02
-5.337683389520941901e-01,3.294351429054265812e-01,6.970734070933279347e-02
-4.978004241844243838e-01,3.883406073804642200e-01,7.683817066175829824e-02
-4.561418519025349783e-01,4.443273982210710904e-01,8.312262089535270293e-02
-4.090832922592899101e-01,4.966356137613364141e-01,8.849146759627589398e-02
-3.570226032803500149e-01,5.445676599932843809e-01,9.288557241025069411e-02
-3.004149958966552125e-01,5.874979782622052893e-01,9.625653385698719477e-02
-2.397709969595387958e-01,6.248707379151969832e-01,9.856722047729460368e-02
-1.756564492425793933e-01,6.561998362993743950e-01,9.979217983945619375e-02
-1.086925114411502052e-01,6.810688987623263468e-01,9.991791890021499423e-02
-3.955565817178229721e-02,6.991312786522474454e-01,9.894305263190840416e-02
3.102232002529919930e-02,7.101100573173442232e-01,9.687831927872239679e-02
1.023028670870659018e-01,7.138026736215589141e-01,9.374646207386509722e-02
1.736147283888120063e-01,7.100660155693109266e-01,8.958197872072590218e-02
2.441655135841739044e-01,6.988022929680614004e-01,8.443074139735640138e-02
3.131787152020774068e-01,6.799988015333179314e-01,7.834949147027650551e-02
3.799040569606358941e-01,6.537297674030259076e-01,7.140521448268670468e-02
4.436174937645689931e-01,6.201563471379089032e-01,6.367440230254320377e-02
5.036212117058480597e-01,5.795266277214008444e-01,5.524221055735509950e-02
5.592436280641810420e-01,5.321756265591860435e-01,4.620152063681139815e-02
6.098393913050266235e-01,4.785252914809834945e-01,3.665191659580469691e-02
6.547893810826403982e-01,4.190845007379583875e-01,2.669858822617569849e-02
6.935299679422679553e-01,3.544263521766424785e-01,1.645117238151390035e-02
7.256393164275574126e-01,2.851180809641546965e-01,6.022545316585600425e-03
7.506362866675092560e-01,2.118703832668420994e-01,-4.472420654565999881e-03
7.681159260049018611e-01,1.354318904993219996e-01,-1.491812248911079941e-02
7.777700610687463545e-01,5.657327550790759718e-02,-2.519949979316410058e-02
7.793872977746103548e-01,-2.391274743000069980e-02,-3.520330222308989954e-02
7.728530213245209390e-01,-1.052114226066573066e-01,-4.481933694883109831e-02
7.581493962072767268e-01,-1.864859528810036138e-01,-5.394168243802770213e-02
7.353553661980923861e-01,-2.668774996831170809e-01,-6.246985519221549821e-02
7.046466543587607267e-01,-3.455051830112519928e-01,-7.030991658173070535e-02
6.662742884110917085e-01,-4.215314236282861060e-01,-7.737550758874539580e-02
6.204981925184749336e-01,-4.942214085151971914e-01,-8.358880005978079619e-02
5.676778525574417422e-01,-5.626810573598883813e-01,-8.888135399054750141e-02
5.082548471188408357e-01,-6.260748980808645836e-01,-9.319487139881560411e-02
4.427497163444514827e-01,-6.836408934811037952e-01,-9.648183848226869752e-02
3.717619619263157205e-01,-7.346904412484895897e-01,-9.870604898754549439e-02
2.959700471093714147e-01,-7.786083739540126114e-01,-9.984300302547889638e-02
2.161313966875695880e-01,-8.148529590545654511e-01,-9.988017693980749678e-02
1.330823970064141104e-01,-8.429558988910179629e-01,-9.881716125634819325e-02
4.770894710279219991e-02,-8.625518792070072660e-01,-9.666566519339389596e-02
-3.921126670318510199e-02,-8.734727232405761210e-01,-9.344938768364950687e-02
-1.267653490697037977e-01,-8.754385801585432558e-01,-8.920375632813490330e-02
-2.140230430750089119e-01,-8.682468065405531954e-01,-8.397553715787360595e-02
-3.000675799430407853e-01,-8.518093947435718682e-01,-7.782231950162220302e-02
-3.839956790441862999e-01,-8.261529729016110490e-01,-7.081188163390270129e-02
-4.649175478922434879e-01,-7.914188049267472103e-01,-6.302144419114590057e-02
-5.419568821490141630e-01,-7.478627905077187554e-01,-5.453681957871230057e-02
-6.142508656212209983e-01,-6.958554651107770050e-01,-4.545146673936450304e-02
-6.809501702618606656e-01,-6.358819999789145916e-01,-3.586546169402930057e-02
-7.412602779596815239e-01,-5.685181645759337377e-01,-2.588439519529560015e-02
-7.945648514031832255e-01,-4.943553701369989839e-01,-1.561820963478799916e-02
-8.401616154657791657e-01,-4.141448702032159979e-01,-5.179988017650000338e-03
-8.774328106087641022e-01,-3.286961767459261052e-01,5.315291657535899626e-03
-9.058704422945568213e-01,-2.388623816079246953e-01,1.575202289237040074e-02
-9.250762809857455693e-01,-1.455401565067702130e-01,2.601524410479260155e-02
-9.347618621466463606e-01,-4.966975302986979812e-02,3.599190494232430010e-02
-9.347484862421824303e-01,4.776499736228270038e-02,4.557211154203479747e-02
-9.249672187380492128e-01,1.457366833377962967e-01,5.465033702200439852e-02
-9.054588901011632052e-01,2.431743136898112112e-01,6.312658386960209866e-02
-8.763581487479467080e-01,3.390542531585926112e-01,7.090748542401839605e-02
-8.378433933038227366e-01,4.324093119881560199e-01,7.790733431854800217e-02
-7.901837814696681672e-01,5.221817163619859592e-01,8.404902655542270673e-02
-7.337512952391674892e-01,6.073716270148196150e-01,8.926491081368209679e-02
-6.690206342717429644e-01,6.870392845983162022e-01,9.349753363470189593e-02
-5.965692158894677632e-01,7.603050096857193463e-01,9.670027227774609380e-02
-5.170771750790441601e-01,8.263492027687048269e-01,9.883784827367819714e-02
-4.313273644905232795e-01,8.844123442586681039e-01,9.988671602068989464e-02
-3.402053544404847196e-01,9.337949944846836159e-01,9.983532214130540205e-02
-2.446928521678143897e-01,9.738618720725615852e-01,9.868423274398190059e-02
-1.456732850690982961e-01,1.004145988615096963e+00,9.644612718732560597e-02
-4.413937735628439829e-02,1.024195091223838006e+00,9.314565841573760330e-02
5.883449810413699660e-02,1.033627650005513710e+00,8.881918140502270687e-02
1.621753551748225108e-01,1.032191331411643986e+00,8.351435270872030470e-02
2.648115944438935165e-01,1.019762998237715212e+00,7.728960551676410107e-02
3.656730032258487806e-01,9.963487096234070473e-01,7.021350600834250222e-02
4.636907555624413813e-01,9.620837210522336092e-01,6.236399808887810314e-02
5.577974122191361461e-01,9.172324843528896210e-01,5.382754483081349933e-02
6.469269206904729730e-01,8.621886476973765756e-01,4.469817607428099721e-02
7.300225592668139196e-01,7.974639990745358009e-01,3.507645267978429932e-02
8.062260762971495964e-01,7.234977699584781430e-01,2.506835884065310160e-02
8.746480627498394167e-01,6.411111294989100262e-01,1.478413465747780049e-02
9.344358827541912049e-01,5.512849798330696771e-01,4.337061832451700148e-03
9.848584876406843991e-01,4.550168636649584153e-01,-6.157784138950400145e-03
1.025306415941693583e+00,3.533209642647088811e-01,-1.658480153552769829e-02
1.055291793391714306e+00,2.472281054676029877e-01,-2.682913577433470101e-02
1.074448332926367655e+00,1.377857516779739111e-01,-3.677794454442630256e-02
1.082531334684039503e+00,2.605800786340169845e-02,-4.632164077611920089e-02
1.079417686004692456e+00,-8.687438044145530391e-02,-5.535509975257509735e-02
1.065098039540113062e+00,-1.999079816204578919e-01,-6.377881706866139755e-02
1.039608454733730758e+00,-3.118382787607080764e-01,-7.150000468110090379e-02
1.003066063418236897e+00,-4.214285203732534013e-01,-7.843361297798369380e-02
9.557130051585251973e-01,-5.274957091169522050e-01,-8.450326760799130310e-02
8.979169342797281850e-01,-6.289122510898346174e-01,-8.964211075117689553e-02
8.301710198665588347e-01,-7.246059558299442482e-01,-9.379353756420839849e-02
7.530939457658664127e-01,-8.135600363119077638e-01,-9.691181968793820267e-02
6.674299105829315515e-01,-8.948131089521705883e-01,-9.896260894981989686e-02
5.740486276838456803e-01,-9.674591936054521835e-01,-9.992331571212680064e-02
4.739453251940021761e-01,-1.030647713566173795e+00,-9.978335769898169505e-02
3.681230266357828906e-01,-1.083657753039130478e+00,-9.854427656114220224e-02
2.575316535226486181e-01,-1.125879197107772178e+00,-9.621972089456390376e-02
1.433180122115428057e-01,-1.156681182537861119e+00,-9.283529589981999453e-02
2.665106075293110013e-02,-1.175571931861398634e+00,-8.842828133839880644e-02
-9.128199538998810203e-02,-1.182201694215317955e+00,-8.304722089255299478e-02
-2.092757033369792019e-01,-1.176362745341358318e+00,-7.675138745224199810e-02
-3.261063627972207168e-01,-1.157989387586426888e+00,-6.961013021836269521e-02
-4.405320260650151809e-01,-1.127157949902245049e+00,-6.170211081491840110e-02
-5.512924980218437687e-01,-1.084086787845017108e+00,-5.311443682367000124e-02
-6.571093362916526903e-01,-1.029136277218527074e+00,-4.394170228618510254e-02
-7.567466829676220419e-01,-9.617446469526882424e-01,-3.428494574107519843e-02
-8.491028172776753369e-01,-8.828920887640314685e-01,-2.425053727522639979e-02
-9.331987323024280023e-01,-7.950517470544812282e-01,-1.394900684715840063e-02
-1.008204033744287242e+00,-7.003120822792952005e-01,-3.493826788892700087e-03
-1.073436939924806044e+00,-6.003768709505739043e-01,-8.989003248938219615e-02
-1.128364281788784895e+00,-4.965652056320671859e-01,-9.398716402892939858e-02
-1.172601502901452486e+00,-3.898114949425787179e-01,-9.704901806538890341e-02
-1.205912659449443369e+00,-2.806654635541306897e-01,-9.904186798690620130e-02
-1.228210420239687295e+00,-1.692921521959528941e-01,-9.994376236303509353e-02
-1.239478332680395978e+00,-5.580605315579959674e-02,-9.974476674192400694e-02
-1.239464749040835923e+00,5.835644989604459737e-02,-9.844707307916479577e-02
-1.228083925638944196e+00,1.720350452235180905e-01,-9.606497559321640345e-02
-1.205382142763137709e+00,2.841829805420673094e-01,-9.262471331320150381e-02
-1.171521398312367124e+00,3.937975639196955036e-01,-8.816418105364759450e-02
-1.126779407794874510e+00,4.999201637830970046e-01,-8.273251199934049394e-02
-1.071549604328917216e+00,6.016362089135509628e-01,-7.638953649875650231e-02
-1.006341138641977162e+00,6.980751884488024528e-01,-6.920512302702259977e-02
-9.317788790732247639e-01,7.884106518795992447e-01,-6.125840857830929659e-02
-8.486034115699520042e-01,8.718602090549667505e-01,-5.263692696398000054e-02
-7.575609774972440480e-01,9.477559553149219607e-01,-4.343564461962010070e-02
-6.593598536079674499e-01,1.015426451231087990e+00,-3.375591454070620001e-02
-5.548596404967371942e-01,1.074142718828668075e+00,-2.370435986968410028e-02
-4.449688989036483799e-01,1.123283295447212504e+00,-1.339169943231960022e-02
-3.306442758412556082e-01,1.162335129020697355e+00,-2.931528158835699886e-03
-2.128905045983265909e-01,1.190893578075298498e+00,7.560934174644099587e-03
-9.276040473781950457e-02,1.208662411730079711e+00,1.797011210300539924e-02
2.864511789872320122e-02,1.215453809696445564e+00,2.818134754646529905e-02
1.501770711977463979e-01,1.211188362279111974e+00,3.808216278070829935e-02
2.706619071190843884e-01,1.195887243452047111e+00,4.756349938929930327e-02
3.891139655966265876e-01,1.169559827329879287e+00,5.652091955254769789e-02
5.043961227024197358e-01,1.132299195909466372e+00,6.485575644004089313e-02
6.153711897428997268e-01,1.084329945954904062e+00,7.247620103483229381e-02
7.209693174924508563e-01,1.025996057149157092e+00,7.929831341888120277e-02
8.201879961891685999e-01,9.577608920953185612e-01,8.524694737889669527e-02
9.120920555367260096e-01,8.802071963155710943e-01,9.025657814909959775e-02
9.958136647010944476e-01,7.940370982540986278e-01,9.427202417255199640e-02
1.070552332315571675e+00,7.000721092728425798e-01,9.724905493148650049e-02
1.135574906477361701e+00,5.992531236542455453e-01,9.915487815046239439e-02
1.190230076013227611e+00,4.926178843590898748e-01,9.996850100642939996e-02
1.234075104146473034e+00,3.810405862635709018e-01,9.968096136665180462e-02
1.266618140755624067e+00,2.655561973403898768e-01,9.829542650746860011e-02
1.287447196509063030e+00,1.472647446571010987e-01,9.582715822642930148e-02
1.296283735014617688e+00,2.726175077572449978e-02,9.230334473215079383e-02
1.292982672819923629e+00,-9.336176624934450219e-02,8.776280116358660399e-02
1.277532379412655184e+00,-2.135192928669402135e-01,8.225554203776430651e-02
1.250054677220346244e+00,-3.321288200357226938e-01,7.584223033491380161e-02
1.210804841610398919e+00,-4.481128432197846179e-01,6.859350929014970677e-02
1.160171600890107957e+00,-5.603983623897467181e-01,6.058922425151860164e-02
1.098670786059272153e+00,-6.679080264122926325e-01,5.191754317585919876e-02
1.026814037011460012e+00,-7.694934709763840974e-01,4.267398545072229737e-02
9.451762443397450086e-01,-8.642273830013865732e-01,3.296036973883059717e-02
8.544364217381932303e-01,-9.513003315785582004e-01,2.288369243617149884e-02
7.553584951482479326e-01,-1.029966852840290770e+00,1.255494909641039977e-02
6.487913027624101492e-01,-1.099545449957325172e+00,2.087911804726200193e-03
5.356685950188218026e-01,-1.159418593143050957e+00,-8.402124033006099987e-03
4.170090346048014873e-01,-1.209032719650563248e+00,-1.879960967966300134e-02
2.939161964559814932e-01,-1.247898233773415022e+00,-2.899001584723069971e-02
1.675774531444259863e-01,-1.275589158945490187e+00,-3.886109424783140004e-02
3.906811709236190228e-02,-1.291686123106875694e+00,-4.830411401889470047e-02
-9.047587238750740002e-02,-1.295871049127026220e+00,-5.721505940440720084e-02
-2.198059699834943037e-01,-1.287980928822474613e+00,-6.549577549796049836e-02
-3.476984557660101061e-01,-1.267967966092546472e+00,-7.305504942847959593e-02
-4.729544351829245152e-01,-1.235899576920199028e+00,-7.980961507837169844e-02
-5.943998390665611309e-01,-1.191958389370927796e+00,-8.568507026808110105e-02
-7.108854236290175210e-01,-1.136442243593385637e+00,-9.061669630286750543e-02
-8.212867704633393107e-01,-1.069764191819253973e+00,-9.455017085541950195e-02
-9.245042865444196289e-01,-9.924524983624948282e-01,-9.744216633144919815e-02
-1.019493393463235975e+00,-9.051587347283431839e-01,-9.926082712715149359e-02
-1.105398566880016809e+00,-8.087378800645164123e-01,-9.998612052184380206e-02
-1.181280996199456368e+00,-7.041517826539274161e-01,-9.961005734016969981e-02
-1.246299787229592893e+00,-5.924057002392570936e-01,-9.813677995363409567e-02
-1.299750359381000475e+00,-4.745508924869445977e-01,-9.558251665204889336e-02
-1.341064445670349103e+00,-3.516846209810753909e-01,-9.197540288730990388e-02
-1.369810092717928862e+00,-2.249501492273925096e-01,-8.735517135877339523e-02
-1.385691660748294307e+00,-9.553674265231060225e-02,-8.177271435380620290e-02
-1.388549823590230492e+00,3.532033139827629731e-02,-7.528952316436579584e-02
-1.378361568676767401e+00,1.663398036542194924e-01,-6.797701075483460198e-02
-1.355234228788495976e+00,2.962683338838463798e-01,-5.991572514112439990e-02
-1.319321132646477102e+00,4.240524793608327903e-01,-5.119446214687849855e-02
-1.270836131217003562e+00,5.484511552211637220e-01,-4.190928730893889870e-02
-1.210117265606278858e+00,6.682665794547468785e-01,-3.216247770669580092e-02
-1.137628438523565766e+00,7.823711733650136058e-01,-2.206139536990089911e-02
-1.053959414282837681e+00,8.897075615643499358e-01,-1.171730467606959918e-02
-9.598258188023940374e-01,9.892885719752435580e-01,-1.244146762758900106e-03
-8.560691396038779821e-01,1.080197235831071634e+00,9.242715544931900257e-03
-7.436567258161373983e-01,1.161586787672867604e+00,1.962776846643140075e-02
-6.236817881695524424e-01,1.232680665354297656e+00,2.979661966146050084e-02
-4.972855570011496251e-01,1.292802620156959126e+00,3.963725827211930092e-02
-3.654569382712635206e-01,1.341342754680421301e+00,4.904128873325330068e-02
-2.294148846030384103e-01,1.377611685429712018e+00,5.790512475953679683e-02
-9.042122465537380527e-02,1.401056481486050442e+00,6.613113035869319645e-02
5.024205960108409780e-02,1.411275373610520356e+00,7.362869530085680569e-02
1.912728328851197035e-01,1.408017754244566433e+00,8.031523319891030466e-02
3.313488066062119097e-01,1.391184177509778852e+00,8.611709120544369656e-02
4.691275388594456919e-01,1.360826359208630487e+00,9.097036130545099741e-02
6.032464344331739392e-01,1.317147176823556309e+00,9.482158426976319832e-02
7.323227448038992504e-01,1.260500669517445216e+00,9.762833851309760114e-02
8.550721238840689464e-01,1.191344164272476691e+00,9.935970737195150282e-02
9.703836581331788391e-01,1.110194019400996490e+00,9.999661965452509571e-02
1.077000558142759079e+00,1.017764298750639673e+00,9.953205971179250600e-02
1.173781820077684390e+00,9.148779240685408487e-01,9.797114471547109515e-02
1.259712428254977645e+00,8.024628407815950215e-01,9.533106829188239817e-02
1.333903355140781954e+00,6.815520180006390261e-01,9.164091113263270194e-02
1.395591561355062460e+00,5.532834485143016678e-01,8.694132066790659363e-02
1.444139995668370480e+00,4.189001487930161804e-01,8.128406333126039773e-02
1.479037595002677064e+00,2.797501589880421191e-01,7.473145434744139781e-02
1.499906237361674499e+00,1.372711637959654063e-01,6.735567132422440317e-02
1.506556019459545093e+00,-7.241035559650699747e-03,5.923795920949650323e-02
1.498795020033595993e+00,-1.523799254436299100e-01,5.046773537008739791e-02
1.476545727866064306e+00,-2.967150865949558791e-01,4.114160465126279892e-02
1.439889718441427213e+00,-4.388639924536678061e-01,3.136229526506829901e-02
1.389067653947864578e+00,-5.774920091557064206e-01,2.123752722969780155e-02
1.324479283275259434e+00,-7.113123955406908117e-01,1.087882582279410017e-02
1.246683442016399024e+00,-8.390863031467095112e-01,4.002931203012000160e-04
1.156398052466708348e+00,-9.596227762116296134e-01,-1.008264884878000076e-02
1.054500123623272501e+00,-1.071778751674071106e+00,-2.045452948704919865e-02
9.420182856392448345e-01,-1.174469360236282789e+00,-3.060110154790270098e-02
8.198605060548159740e-01,-1.266907776602659075e+00,-4.041059958030170096e-02
6.890503021035938591e-01,-1.348047587426803640e+00,-4.977497103542789791e-02
5.507759626939352504e-01,-1.416822734815094353e+00,-5.859106647589500116e-02
4.062922547482477054e-01,-1.472342667494875634e+00,-6.676177577625949655e-02
2.569204231954271833e-01,-1.513892340818224325e+00,-7.419709780069690119e-02
1.040481909758334961e-01,-1.540932216759324014e+00,-8.081513177371670020e-02
-5.087024095993530198e-02,-1.553098263915147603e+00,-8.654297942503150209e-02
-2.063141936524540976e-01,-1.550201957505363826e+00,-9.131754797093720455e-02
-3.606965101278091779e-01,-1.532230279372579496e+00,-9.508624508713760248e-02
-5.124516937776208980e-01,-1.499303063839097616e+00,-9.780755821841960462e-02
-6.602559999876267405e-01,-1.451490031054972318e+00,-9.945151184320230597e-02
-8.025395607533460929e-01,-1.389065923202728037e+00,-9.999999765678860286e-02
-9.377981521961884503e-01,-1.312482762958994353e+00,-9.944697403604489672e-02
-1.064631955105022065e+00,-1.222356777587593202e+00,-9.779853258847980013e-02
-1.181745554930931030e+00,-1.119468398941680931e+00,-9.507283105258310107e-02
-1.287947941788537776e+00,-1.004762263463246708e+00,-9.129989328862760101e-02
-1.382152510456800432e+00,-8.793472121819266851e-01,-8.652127856296250308e-02
-1.463377060375695926e+00,-7.444962907196658319e-01,-8.078962376893700226e-02
-1.530743795651372308e+00,-6.016467492838588615e-01,-7.416806362629220495e-02
-1.583544387214711691e+00,-4.522942539141980856e-01,-6.672953524640759526e-02
-1.621283639709702573e+00,-2.977887292462809143e-01,-5.855597472300849704e-02
-1.643423825539139127e+00,-1.397078533506830866e-01,-4.973741459863120079e-02
-1.649598012626472876e+00,2.037668778981269885e-02,-4.037099214722519869e-02
-1.639623450305337515e+00,1.809171783253424870e-01,-3.055987939816880161e-02
-1.613501569319963691e+00,3.403898725403450842e-01,-2.041214668653670156e-02
-1.571417981824722920e+00,4.972949948549738042e-01,-1.003957224804619998e-02
-1.513742481385806027e+00,6.501567398194085801e-01,4.435890284241999896e-04
-1.441029042978921648e+00,7.975232721224376764e-01,1.092186412978250060e-02
-1.354015822990684903e+00,9.379667265857132286e-01,2.127983386452859949e-02
-1.253537560739087287e+00,1.070200743209792860e+00,3.140340421624299855e-02
-1.140346140007636899e+00,1.193131300166675679e+00,4.118106309962329958e-02
-1.015413129402900072e+00,1.305456608921544248e+00,5.050510867717870195e-02
-8.798270995295627284e-01,1.405981603699379967e+00,5.927283570480539748e-02
-7.347853858737384281e-01,1.493633206072173092e+00,6.738766683985569772e-02
-5.815940888015419530e-01,1.567460324959528695e+00,7.476021644976360570e-02
-4.216680735647396761e-01,1.626633856626105823e+00,8.130927520299549571e-02
-2.565309702923717072e-01,1.670446684685657157e+00,8.696270459790229890e-02
-8.781517399626269371e-02,1.698313680098209710e+00,9.165823157487719419e-02
8.277919289721409613e-02,1.709779496205044325e+00,9.534413446009340487e-02
2.537570220607198723e-01,1.704536058113629515e+00,9.797981268451490255e-02
4.233594204060500132e-01,1.682334539767014192e+00,9.953623400319759618e-02
5.898151197508831878e-01,1.643117286303793279e+00,9.999625428807669414e-02
7.514195294171819306e-01,1.587040087016509116e+00,9.935480637219580580e-02
9.065347362325701930e-01,1.514472175350918492e+00,9.761895586501040389e-02
1.053589504524746312e+00,1.425996228908782637e+00,9.480782332410080115e-02
1.191079276129970221e+00,1.322408369443902387e+00,9.095237364033169347e-02
1.317566170387342472e+00,1.204718162864610420e+00,8.609507495670039312e-02
1.431678984141227184e+00,1.074148619231945601e+00,8.028943087765980091e-02
1.532122506582424881e+00,9.321390539262549568e-01,7.359939112206249912e-02
1.617949282486101925e+00,7.802979317499777467e-01,6.609864711065670251e-02
1.688217645284879387e+00,6.200221310821713017e-01,5.786982024830820276e-02
1.742054040376529223e+00,4.527315757655565043e-01,4.900355184136370029e-02
1.778784175770925291e+00,2.799574678935380923e-01,3.959750467500269822e-02
1.797933022088860078e+00,1.033422878165437958e-01,2.975528724875000156e-02
1.799224812564057085e+00,-7.536020586742800398e-02,1.958531251856299865e-02
1.782583043041672033e+00,-2.542849763065535007e-01,9.199603718187799803e-03
1.748130471978312395e+00,-4.314557083983314723e-01,-1.287439587528699985e-03
1.696189120443454712e+00,-6.047848087831484420e-01,-1.176030162430460012e-02
1.627283230158306448e+00,-7.722206229030151858e-01,-2.210362282614889914e-02
1.542084995663701497e+00,-9.328328424919239970e-01,-3.220347053153130301e-02
1.441297645014624429e+00,-1.085197120649603608e+00,-4.194859396251839762e-02
1.325758249015542622e+00,-1.227788378952034076e+00,-5.123164966269440346e-02
1.196452157529233506e+00,-1.359193416523885700e+00,-5.995038389517200195e-02
1.054512999470466061e+00,-1.478110910046317450e+00,-6.800875897765920608e-02
9.012226828100792231e-01,-1.583351413751688863e+00,-7.531801114628970673e-02
7.380113945724725566e-01,-1.673837359425652593e+00,-8.179762829706570260e-02
5.664576008416373210e-01,-1.748603056403997824e+00,-8.737623683386690210e-02
3.882880467522273893e-01,-1.806794691577600309e+00,-9.199238785603640334e-02
2.053394217919154996e-01,-1.847683298092670956e+00,-9.559523402337100073e-02
1.916472251086619866e-02,-1.870729549533353575e+00,-9.814508964450359418e-02
-1.683863709462525005e-01,-1.875348723139898421e+00,-9.961386781855559314e-02
-3.553823369213912065e-01,-1.861140359157916091e+00,-9.998538981496619960e-02
-5.399291056232645714e-01,-1.827946072054380311e+00,-9.925556328381579529e-02
-7.201700591205215662e-01,-1.775849550517288877e+00,-9.743242733338769446e-02
-8.942860313449960685e-01,-1.705176557455061692e+00,-9.453606397861720467e-02
-1.060495308085427801e+00,-1.616494929999285235e+00,-9.059837693590690189e-02
-1.217053626996988047e+00,-1.510614579500847432e+00,-8.566274020052219718e-02
-1.362254177594868221e+00,-1.388587491532343510e+00,-7.978352027802119995e-02
-1.494441453554455013e+00,-1.251691694317637271e+00,-7.302547733203200442e-02
-1.612338366152418212e+00,-1.101127368953842334e+00,-6.546305184485569362e-02
-1.714650555944853938e+00,-9.385813045913885544e-01,-5.717954464877989668e-02
-1.800166973220417077e+00,-7.659392341368258528e-01,-4.826619935913779857e-02
-1.867901567014647490e+00,-5.850926885125987686e-01,-3.882119731750890285e-02
-1.917093285111467260e+00,-3.979389966540136103e-01,-2.894857611480449941e-02
-1.947206074041563539e+00,-2.063812855161057946e-01,-1.875708360770590027e-02
-1.957928879085078400e+00,-1.232848006340150036e-02,-8.358980050223799307e-03
-1.949175644269643293e+00,1.823046967233097060e-01,2.131198463281900202e-03
-1.921085312370913512e+00,3.755977238486523095e-01,1.259790162410050034e-02
-1.873996904397527974e+00,5.656854553337096192e-01,2.292583770684010133e-02
-1.808271540100543140e+00,7.509148054698389085e-01,3.300124351833440273e-02
-1.724401865552220192e+00,9.294900720049830145e-01,4.271313751051319940e-02
-1.623062861275436752e+00,1.099689627271188463e+00,5.195454225229480250e-02
-1.505107638808766302e+00,1.259894177318177100e+00,6.062366279627189741e-02
-1.371567440710919961e+00,1.408586761907607121e+00,6.862500795939230347e-02
-1.223651640554298092e+00,1.544352754521838289e+00,7.587044216782409811e-02
-1.062747742929138095e+00,1.665879862357992458e+00,8.228015627833400181e-02
-8.904213834425178664e-01,1.771958126329460592e+00,8.778354668362720048e-02
-7.084163287166596046e-01,1.861479921066638399e+00,9.231999301779650335e-02
-5.184730579843294107e-01,1.933508504527238880e+00,9.583952589523869747e-02
-3.222144410211961740e-01,1.987144541094141292e+00,9.830337732839990184e-02
-1.216079920461325958e-01,2.021433674329511820e+00,9.968440776066030129e-02
8.135723899968019812e-02,2.035662897182623610e+00,9.996740501115890243e-02
2.846812446830496723e-01,2.029366996098839415e+00,9.914925183840460343e-02
4.863530600898735012e-01,2.002328551020392311e+00,9.723896027700100475e-02
6.843507628177574187e-01,1.954577935385679144e+00,9.425757236921289417e-02
8.766414729778524428e-01,1.886393316129485687e+00,9.023792838488789436e-02
1.061181353196493093e+00,1.798300653682090910e+00,8.522430508272929583e-02
1.235915608608549432e+00,1.691073701972661381e+00,7.927192799779249344e-02
1.398994419060752392e+00,1.565677570048556566e+00,7.244636312673159717e-02
1.548800761346525112e+00,1.423345073951622908e+00,6.482279471230870116e-02
1.683575667049817426e+00,1.265611377201847576e+00,5.648519708173330156e-02
1.801780593970757627e+00,1.094139063393650080e+00,4.752540966179800291e-02
1.902103340584633706e+00,9.107159867512532037e-01,3.804212535847190102e-02
1.983458046036834732e+00,7.172552721342999593e-01,2.813980344548730125e-02
2.044985190144148479e+00,5.157953150364849026e-01,1.792751893548820072e-02
2.086051593395040982e+00,3.084997815836484913e-01,7.517761108357300104e-03
2.106250416948349802e+00,9.765760854137779667e-02,-2.974805568482699787e-03
2.105396641674913027e+00,-1.143415261901118002e-01,-1.343460448056549988e-02
2.083456536638248924e+00,-3.253556741732582802e-01,-2.374641995336360112e-02
2.040580218069072860e+00,-5.333294568749511466e-01,-3.379666636401849888e-02
1.977125189085285673e+00,-7.362769392414205694e-01,-4.347463929737639676e-02
1.893650081953004438e+00,-9.323258237868577991e-01,-5.267373496611579831e-02
1.790914658087935152e+00,-1.119717450585798302e+00,-6.129262446119890240e-02
1.669879808055075632e+00,-1.296806797275031231e+00,-6.923636989947920539e-02
1.531707551567385917e+00,-1.462062479055043829e+00,-7.641747017352400195e-02
1.377756035437609272e+00,-1.613355316692016705e+00,-8.275682478434880085e-02
1.209741002557588319e+00,-1.741860266464763773e+00,8.492864131520160009e-02
1.029922066391764091e+00,-1.847561122227243002e+00,7.892772796322129747e-02
8.405149450909025211e-01,-1.932742674626739543e+00,7.205741822099639982e-02
6.436091193261260779e-01,-1.998965425496858295e+00,6.439338920039669456e-02
4.411678322785484996e-01,-2.047065587862149094e+00,5.602006090605540084e-02
2.350280896460983093e-01,-2.077155085934844880e+00,4.702966634126280049e-02
2.690065963994450055e-02,-2.088621555115739881e+00,3.752123555256860199e-02
-1.816060726229926092e-01,-2.080183710563272115e+00,2.759950480478499946e-02
-3.884352083312873072e-01,-2.051380145227444274e+00,1.737376290062739997e-02
-5.913774855529656538e-01,-2.002541485256255971e+00,6.956647354538499951e-03
-7.883932795865429277e-01,-1.934095933366358100e+00,-3.537096320268399898e-03
-9.775508728777991818e-01,-1.846688788822801186e+00,-1.399187854458379919e-02
-1.157026455012963639e+00,-1.741182447442390924e+00,-2.429253890298969931e-02
-1.325104122729064304e+00,-1.618656401588906224e+00,-3.432561464727300338e-02
-1.480175879906955538e+00,-1.480407240176113692e+00,-4.398059049896840128e-02
-1.620741637574283134e+00,-1.327948648665612907e+00,-5.315111598577319796e-02
-1.745414850450836886e+00,-1.163005200992178301e+00,-6.173617690174759698e-02
-1.853155334351792805e+00,-9.872256745781188281e-01,-6.964120798882600383e-02
-1.942954940041445200e+00,-8.024367603905306900e-01,-7.677913458175769645e-02
-2.013895444729575601e+00,-6.106010273625360751e-01,-8.307133174386449603e-02
-2.065289640248329839e+00,-4.136714769453057050e-01,-8.844849032819800116e-02
-2.096681333050527840e+00,-2.135915431152727861e-01,-9.285138042417259707e-02
-2.107845344212472938e+00,-1.229509236335929977e-02,-9.623150378091240020e-02
-2.098787509431900400e+00,1.882935762978850125e-01,-9.855162801987890631e-02
-2.069744679028178158e+00,3.862597313378350883e-01,-9.978619675309910453e-02
-2.021184717943550702e+00,5.796982087006123940e-01,-9.992161108916329526e-02
-1.953779290653041123e+00,7.667716510559853260e-01,-9.895637942636470452e-02
-1.868171168606972854e+00,9.460505254490864102e-01,-9.690113388278140394e-02
-1.765145358129706077e+00,1.116012309667777647e+00,-9.377851318250479684e-02
-1.645647619091017644e+00,1.275197326465575376e+00,-8.962291328787179434e-02
-1.510766370637832035e+00,1.422264379889508046e+00,-8.448010852499089618e-02
-1.361732691187683697e+00,1.555990755288821692e+00,-7.840674737477799916e-02
-1.199920318432926791e+00,1.675272219309073218e+00,-7.146972848485079466e-02
-1.026845649338100408e+00,1.779123019894504942e+00,-6.374546377446270451e-02
-8.441677401463323349e-01,1.866675886284402397e+00,-5.531903675025789946e-02
-6.536883063698688545e-01,1.937182029018776008e+00,-4.628326530299570196e-02
-4.571249626321948201e-01,1.990040697515548462e+00,-3.673767930996330033e-02
-2.561623354678073117e-01,2.024559476720269924e+00,-2.678742430389889975e-02
-5.275273318966550162e-02,2.040077811788566731e+00,-1.654210328491189860e-02
1.511666454907389934e-01,2.036177167020129186e+00,-6.114569433424600284e-03
3.536751333466863212e-01,2.012681615814424951e+00,4.380316978818099907e-03
5.528685946288296460e-01,1.969657840669956750e+00,1.482695378515550000e-02
7.468594250687716762e-01,1.907415133183836486e+00,2.511027029298820018e-02
9.337765518720527735e-01,1.826505394054229292e+00,3.511699479798909701e-02
1.111765433728761021e+00,1.727723133076947803e+00,4.473690228317640100e-02
1.278988060806409033e+00,1.612105469147546488e+00,5.386402855754480329e-02
1.433854937958146891e+00,1.480817434471874083e+00,6.239783746174400181e-02
1.574973562672641103e+00,1.335154235596231143e+00,7.024432828344960578e-02
1.700856969127530594e+00,1.176654007777038879e+00,7.731707118383629451e-02
1.810229446294917555e+00,1.006944866367859071e+00,8.353815923083660056e-02
1.902028205042082698e+00,8.277440926974931612e-01,8.883906655108969597e-02
1.975403378133412824e+00,6.408581340669881055e-01,9.316140314902329744e-02
2.029718020227899711e+00,4.481826037565104226e-01,9.645755807803770010e-02
2.064548107883153349e+00,2.517022810151223755e-01,9.869122387981089928e-02
2.079682539552555554e+00,5.349111106752910128e-02,9.983779651422869383e-02
2.075127742847095114e+00,-1.443558507203807073e-01,9.988464637525559797e-02
2.051051934682343703e+00,-3.402453314009609153e-01,9.883125740722660535e-02
2.007651949431651595e+00,-5.324188299991945428e-01,9.668923278929479614e-02
1.945289532091371676e+00,-7.191273470651922128e-01,9.348216712526050132e-02
1.864510175756540100e+00,-8.987241234543142943e-01,8.924538654680580496e-02
1.766043121619775169e+00,-1.069664640330473260e+00,8.402555959275799513e-02
1.650801358975021893e+00,-1.230506619159993376e+00,7.788018315090880495e-02
1.519881625212166076e+00,-1.379910021720958335e+00,7.087694912408480652e-02
1.374564405820463797e+00,-1.516637050096897088e+00,6.309299879760650598e-02
1.216313934387726503e+00,-1.639552146678381117e+00,5.461407312069219838e-02
1.046741405667496627e+00,-1.747657772257142472e+00,4.553356826170949778e-02
8.671813235467749070e-01,-1.840253778975663668e+00,3.595150684086489967e-02
6.792271748716423030e-01,-1.916162667067516479e+00,2.597343617110840081e-02
4.846243617041460228e-01,-1.974296083767308030e+00,1.570926564480610091e-02
2.851656171745673984e-01,-2.013813279183340743e+00,5.272056071218200399e-03
8.269100548872550249e-02,-2.034121106296345349e+00,-5.223225698647700199e-03
-1.209120780829329028e-01,-2.034874020961646046e+00,-1.566097314331900067e-02
-3.237089071981006927e-01,-2.015974081907543347e+00,-2.592621348726810090e-02
-5.237174244444069426e-01,-1.977570950735761945e+00,-3.590587413700099817e-02
-7.189082413411629346e-01,-1.920061891920841202e+00,-4.549002818645309781e-02
-9.073333146006899996e-01,-1.844012671669592374e+00,-5.457310527193019734e-02
-1.087358465141913255e+00,-1.749934063599587253e+00,-6.305505444014949945e-02
-1.257099221184716509e+00,-1.638658961347465137e+00,-7.084244621861980618e-02
-1.414808452793637095e+00,-1.511221243625629818e+00,-7.784950175026060515e-02
-1.558911171090715087e+00,-1.368838533353351261e+00,-8.399903765539300238e-02
-1.688004528264120507e+00,-1.212912197649792745e+00,-8.922331621433210458e-02
-1.800857817562288021e+00,-1.045027347838513920e+00,-9.346479150452749463e-02
-1.896412473295409962e+00,-8.669528394463821286e-01,-9.667674327440860249e-02
-1.973782070836055169e+00,-6.806412722018466699e-01,-9.882379157138919401e-02
-2.032253910172326705e+00,-4.882250888179716086e-01,-9.988228645532740146e-02
-2.071412193594699858e+00,-2.915750728807793846e-01,-9.984056850496460245e-02
-2.090901766531987338e+00,-9.251840807669810263e-02,-9.869909724747090440e-02
-2.090464703002602231e+00,1.069849938026116998e-01,-9.647044609670829551e-02
-2.070056197342115212e+00,3.050505732313135154e-01,-9.317916385597410645e-02
-2.029844564203230117e+00,4.998691229603065000e-01,-8.886150431049520682e-02
-1.970211238555616307e+00,6.897067880099523318e-01,-8.356502688862130213e-02
-1.891750775685997032e+00,8.729050656718904122e-01,-7.734807279020809723e-02
-1.795270851197190876e+00,1.047880805510585933e+00,-7.027912235271670249e-02
-1.681792261011789913e+00,1.213126209357038965e+00,-6.243604073407060112e-02
-1.552544806825572721e+00,1.367215809763738799e+00,-5.390522022020739767e-02
-1.408633265098569121e+00,1.509171471875965898e+00,-4.478062860611400214e-02
-1.251232248348181919e+00,1.637691197501721652e+00,-3.516277413153279935e-02
-1.081752001890077031e+00,1.751335454854875184e+00,-2.515759837352959938e-02
-9.017056202575880475e-01,1.848864994544189511e+00,-1.487530928950010073e-02
-7.127090472073304150e-01,1.929240849568508054e+00,-4.429167266422899714e-03
-5.164810757178315281e-01,1.991624335317984773e+00,6.065762453098800383e-03
-3.148433479876771024e-01,2.035377049574399244e+00,1.649387722546030027e-02
-1.097203554428989036e-01,2.060060872509731578e+00,2.674031037975019981e-02
9.686056127405340277e-02,2.065437966688558280e+00,3.669219648553870283e-02
3.029412636393056246e-01,2.051381081849881216e+00,4.623991457590900106e-02
5.067323031410158052e-01,2.017645201486330198e+00,5.527829563294479887e-02
7.061250618787965339e-01,1.964239654290065307e+00,6.370778103410390525e-02
8.991002295155404722e-01,1.891431021495477705e+00,7.143551920033250346e-02
1.083744730412410373e+00,1.799738272062879396e+00,7.837638836467569758e-02
1.258251723630707586e+00,1.689932762678286071e+00,8.445393419667270030e-02
1.420920602933291921e+00,1.563038237752187420e+00,8.960121195408070338e-02
1.570156996778770297e+00,1.420330829424323094e+00,9.376152388537359328e-02
1.704472768330395294e+00,1.263339057556742473e+00,9.688904376110589467e-02
1.822486015450019980e+00,1.093843829738273987e+00,9.894932165397890556e-02
1.923008175640849249e+00,9.137660381003396282e-01,9.991966340810129465e-02
2.005226083783051561e+00,7.248123651350066865e-01,9.978938061723900688e-02
2.068243701212336472e+00,5.289743923314982332e-01,9.855990835867139976e-02
2.111366785485636832e+00,3.282527276062078836e-01,9.624478938563639507e-02
2.134134338377920326e+00,1.246214409249846028e-01,9.286952495263520180e-02
2.136318605882115307e+00,-7.997193569872849961e-02,8.847129391661699704e-02
2.117925078209220047e+00,-2.836064081964381756e-01,8.309854320867419986e-02
2.079192489788421749e+00,-4.843875204557925862e-01,7.681045418605660091e-02
2.020592819266828766e+00,-6.804473543131259738e-01,6.967629074420980673e-02
1.942831289508792025e+00,-8.699445295570060743e-01,6.177463636827550120e-02
1.846730781816343203e+00,-1.051132460023890935e+00,5.319252852884819721e-02
1.733043030726296951e+00,-1.222658409443521998e+00,4.402449995559259976e-02
1.602735329540806886e+00,-1.383287010290356056e+00,3.437153735055060305e-02
1.456922951099879793e+00,-1.531767591909493298e+00,2.433996900999989971e-02
1.296866367677364629e+00,-1.666834202645943952e+00,1.404029360812080081e-02
1.123971250986910420e+00,-1.787205609839833897e+00,3.585963044006399824e-03
9.397884721732088220e-01,-1.891585299833794087e+00,-6.907867242274499768e-03
7.460141018177059991e-01,-1.978661477967907922e+00,-1.732560671738849964e-02
5.444894099353443373e-01,-2.047107068581541789e+00,-2.755250299557280083e-02
3.371341152464562008e-01,-2.095939810466997066e+00,-3.747590584666830177e-02
1.258082166345748099e-01,-2.125288474962933272e+00,-4.698650804959290245e-02
-8.740931227074820453e-02,-2.134523575713416665e+00,-5.597954942136589701e-02
-3.004431750568976045e-01,-2.123176496194628005e+00,-6.435597076052369803e-02
-5.112424126521588619e-01,-2.091043220530945490e+00,-7.202350499365819947e-02
-7.177804033180679166e-01,-2.038184333496303680e+00,-7.889769350569969530e-02
-9.180548626609416063e-01,-1.964925020512440890e+00,-8.490281645995069459e-02
-1.110087843624165904e+00,-1.871855067649875970e+00,-8.997272685897740596e-02
-1.291925736491729815e+00,-1.759828861626612229e+00,-9.405157916014529607e-02
-1.461639268881698150e+00,-1.629965389812384702e+00,-9.709444441942180481e-02
-1.617552328877289280e+00,-1.483529726896234413e+00,-9.906780518815630487e-02
-1.758179884159916107e+00,-1.321984171919823092e+00,-9.994992471079909568e-02
-1.881958977644079489e+00,-1.147068192078893656e+00,-9.973108635735150607e-02
-1.987560083280916823e+00,-9.606042146289389683e-01,-9.841370065298329917e-02
-2.073888719770937250e+00,-7.644967220843363886e-01,-9.601227872585720025e-02
-2.140085450559355174e+00,-5.607322522246085406e-01,-9.255327246567819632e-02
-2.185525883837288408e+00,-3.513793980928912042e-01,-8.807478315362869681e-02
-2.209820672541887632e+00,-1.385888079939875950e-01,-8.262614177310069474e-02
-2.212815514355642943e+00,7.540681449785320567e-02,-7.626736562444350054e-02
-2.194592379415706507e+00,2.883402329394236796e-01,-6.906849722844030093e-02
-2.155395054212871475e+00,4.984354693000789815e-01,-6.110883280149530250e-02
-2.095509437437989675e+00,7.038186910695932719e-01,-5.247604880018860024e-02
-2.015399020235962180e+00,9.026132020701972403e-01,-4.326523615711670018e-02
-1.915724262240297238e+00,1.093047754070387123e+00,-3.357785284482610322e-02
-1.797342591575100901e+00,1.273456546777392839e+00,-2.352060630694079862e-02
-1.661308404854630494e+00,1.442279227839065925e+00,-1.320427806550429975e-02
-1.508873067181834005e+00,1.598060892845237113e+00,-2.742503451943299926e-03
-1.341484912154051523e+00,1.739452085322163111e+00,7.749480096494999921e-03
-1.160789241854674358e+00,1.865208796741048003e+00,1.815610238855950090e-02
-9.685869309306870401e-01,1.974223308076966887e+00,2.836273349522299911e-02
-7.663963381282101750e-01,2.065617924973502273e+00,3.825694640936869867e-02
-5.560413667262814608e-01,2.138099142095382099e+00,4.772975543957080208e-02
-3.395036280545666862e-01,2.190506184608999707e+00,5.667681669830840208e-02
-1.188113017328576992e-01,2.221945048528372268e+00,6.499957745941289944e-02
1.039608643307233932e-01,2.231788500716052059e+00,7.260636172575669900e-02
3.266915539417443171e-01,2.219676078882917292e+00,7.941338004908940484e-02
5.472128826113551447e-01,2.185514091588813379e+00,8.534565247850889325e-02
7.633103975684722986e-01,2.129475618241894352e+00,9.033783447206679418e-02
9.727230777516547855e-01,2.052000509098859116e+00,9.433493667283729400e-02
1.173251222306869623e+00,1.953748084858943024e+00,9.729293062196860131e-02
1.363067254268970352e+00,1.835468610962778024e+00,9.917923373622980487e-02
1.540100642387933760e+00,1.698296622206147077e+00,9.997306820840090591e-02
1.702436949042519299e+00,1.543582604077269993e+00,9.966568987667290269e-02
1.848372199948993710e+00,1.372869171274644362e+00,9.826048454244820651e-02
1.976412884162213279e+00,1.187891067705304504e+00,9.577293067539159599e-02
2.085275954071125426e+00,9.905751664916851995e-01,9.223042891671749677e-02
2.173888825405773773e+00,7.830404699614996744e-01,8.767200025840610200e-02
2.241389377232463342e+00,5.675981096543605275e-01,8.214785622336200077e-02
2.287134866806413314e+00,3.467290084687829066e-01,7.571884578066319371e-02
2.310807282197645751e+00,1.225941467908071986e-01,6.845578508864010037e-02
2.312119610135987102e+00,-1.026290774938476008e-01,6.043867744785850343e-02
2.290949577437075835e+00,-3.267366517905367918e-01,5.175583205741050158e-02
2.247413048073239494e+00,-5.476193194869881653e-01,4.250289128068059780e-02
2.181864023172801037e+00,-7.632625799552330559e-01,3.278177713557869910e-02
2.094894641022664317e+00,-9.717466885438071911e-01,2.269956861421150093e-02
1.987335177064730507e+00,-1.171246656589543411e+00,1.236732219714990061e-02
1.860254043898086351e+00,-1.360032251409660331e+00,1.898848556121699978e-03
1.714957791277107901e+00,-1.536467996305291184e+00,-8.590541081476199201e-03
1.552963149633241224e+00,-1.699046622030103260e+00,-1.898530509629440047e-02
1.375559697130311676e+00,-1.846657545013197677e+00,-2.917094417944210080e-02
1.184256130481390779e+00,-1.977737974039633029e+00,-3.903526255284359842e-02
9.807755581020654034e-01,-2.090746691488328146e+00,-4.846960381643850013e-02
7.669534623226049730e-01,-2.184352007541431995e+00,-5.737004780878170174e-02
5.447376993958392699e-01,-2.257431760181096259e+00,-6.563855529714980597e-02
3.161884994854637920e-01,-2.309073315194597242e+00,-7.318404788942629857e-02
8.347846667374289598e-02,-2.338573566170741636e+00,-7.992341127089379327e-02
-1.511074210425238096e-01,-2.345438934500765349e+00,-8.578241071639959581e-02
-3.851718117434457245e-01,-2.329385369378290882e+00,-9.069650879268090216e-02
-6.164623594235112414e-01,-2.290277686428096704e+00,-9.461157624460199422e-02
-8.428090472154230461e-01,-2.228089615824565772e+00,-9.748448823380960471e-02
