2.147895662982731046e+00,-2.302348115148083352e+00,-5.176867681946410032e-02
1.907050917270378454e+00,-2.502729252570157215e+00,-4.251647973967410260e-02
1.647304328742132506e+00,-2.678889486855100088e+00,-3.279595961351459976e-02
1.371361691561053808e+00,-2.829339536826941170e+00,-2.271418888967149941e-02
1.081945588938927116e+00,-2.952824149543802346e+00,-1.238221922641650000e-02
7.815262687113280204e-01,-3.047944677204037944e+00,-1.913858246917499954e-03
4.731635840231331880e-01,-3.112984970504307114e+00,8.575584062134499613e-03
1.599804853519788128e-01,-3.146603631723419614e+00,1.897056550148069898e-02
-1.548692169624361070e-01,-3.147857849204358516e+00,2.915658436718769966e-02
-4.682008527210372861e-01,-3.116203397355275406e+00,3.902144069783899938e-02
-7.767988918681509869e-01,-3.051494636648752756e+00,4.845647216780359784e-02
-1.077416944480314553e+00,-2.953984513624461794e+00,5.735775101271029658e-02
-1.366777760783160156e+00,-2.824324560885626667e+00,6.562722880409339876e-02
-1.641573231140113220e+00,-2.663564897101080131e+00,7.317381646177749388e-02
-1.898781263248326301e+00,-2.473221981698369820e+00,7.991438760885069548e-02
-2.135737957347811466e+00,-2.255717957018478437e+00,8.577469421634439928e-02
-2.349677834777245788e+00,-2.013946323543216010e+00,9.069018445264649675e-02
-2.538220682029350694e+00,-1.750983475340609274e+00,9.460671372779219657e-02
-2.699377903501966269e+00,-1.470087700311469181e+00,9.748114110130699783e-02
-2.831552521499117514e+00,-1.174699180186649095e+00,9.928180448376870693e-02
-2.933539176226468204e+00,-8.684399905379296403e-01,9.998886939761220116e-02
-3.004524125798549328e+00,-5.551141007618505263e-01,9.959454745596270364e-02
-3.044085246233677822e+00,-2.387073740903588870e-01,9.810318215231089711e-02
-3.052206171933570467e+00,7.685872936183059390e-02,9.553120101653470031e-02
-3.029157341081884613e+00,3.887277486448535990e-01,9.190693466420199464e-02
-2.975327841514734839e+00,6.940079377881847034e-01,8.727030473202640470e-02
-2.891382845676234048e+00,9.899384707562115526e-01,8.167238413734230484e-02
-2.778273584659210815e+00,1.273940499019977413e+00,7.517483450507060627e-02
-2.637237348203804732e+00,1.543617151559561584e+00,6.784922695902069478e-02
-2.469797484702854540e+00,1.796753534854397039e+00,5.977625375945119779e-02
-2.277763401194181636e+00,2.031316732898015065e+00,5.104483946980940129e-02
-2.063230563365480830e+00,2.245455807188082353e+00,4.175116144449880079e-02
-1.828580495550943930e+00,2.437501796730562997e+00,3.199759042607620146e-02
-1.576163411082641908e+00,2.606073379656549172e+00,2.189156292217889904e-02
-1.308123831026767991e+00,2.749647151621637420e+00,1.154439778172330032e-02
-1.027109196381423617e+00,2.866460877782239791e+00,1.070070007586799900e-03
-7.358713072465115079e-01,2.955012961373302716e+00,-9.416044688913199207e-03
-4.372579560369970753e-01,3.014068419629893469e+00,-1.979844076248389942e-02
-1.342129274938461125e-01,3.042658883785324342e+00,-2.996275513800680107e-02
1.702240013323148005e-01,3.040082599074385161e+00,-3.979702693116850265e-02
4.729170610703659072e-01,3.005904424730917235e+00,-4.919293070783249677e-02
7.706344900340611481e-01,2.939955833987738298e+00,-5.804696969910799753e-02
1.060089541527923895e+00,2.842347149352107305e+00,-6.626161582774910130e-02
1.338418890358624935e+00,2.713827656896997009e+00,-7.374638398961169683e-02
1.602461521485962104e+00,2.555804546737649563e+00,-8.041882875532399555e-02
1.849174304450713180e+00,2.370032700067376208e+00,-8.620545251456959712e-02
2.075826167860457261e+00,2.158614422385241483e+00,-9.104251505925599341e-02
2.279998099381506993e+00,1.923999443503994433e+00,-9.487673568777720001e-02
2.459583145751314426e+00,1.668984917538495649e+00,-9.766588009723370378e-02
2.612786412770009115e+00,1.396715422913202609e+00,-9.937922559809879430e-02
2.738125065303568917e+00,1.110682962357703918e+00,-9.999789952759630118e-02
2.834428327279513660e+00,8.147269629172622096e-01,-9.951508713385459615e-02
2.900884489895090290e+00,5.128736114638718924e-01,-9.793610664107570141e-02
2.937196307977688381e+00,2.082661992355021863e-01,-9.527835066876109982e-02
2.943152601844860605e+00,-9.590265869590029746e-02,-9.157109465037309437e-02
2.918821471861012373e+00,-3.965317968806373883e-01,-8.685517436162039362e-02
2.864590159929059077e+00,-6.907046472492945899e-01,-8.118253611069750630e-02
2.781165049489093821e+00,-9.756892391291873690e-01,-7.461566454454089670e-02
2.669571665518997605e+00,-1.248938199233359025e+00,-6.722689437468630513e-02
2.531154674532981819e+00,-1.508088751665622951e+00,-5.909761360346869885e-02
2.367577884586868464e+00,-1.750962717911258348e+00,-5.031736702776439668e-02
2.180824245270518436e+00,-1.975566516851186893e+00,-4.098286989416039666e-02
1.972870703854169960e+00,-2.180205581981700114e+00,-3.119694257163890122e-02
1.745547780195284338e+00,-2.363344483378357008e+00,-2.106737797541910137e-02
1.501075527715261648e+00,-2.523400117244650964e+00,-1.070575421770800055e-02
1.241810350202001700e+00,-2.658909693584265987e+00,-2.262055645993999949e-04
9.702435138570667528e-01,-2.768531462923080610e+00,1.025583476420260064e-02
6.890011473044443946e-01,-2.851044716303122506e+00,2.062490610286149897e-02
4.008442415857547125e-01,-2.905349785284491837e+00,3.076679214974070015e-02
1.086686501708005043e-01,-2.930468041943643520e+00,4.056977907042270265e-02
-1.844949110581959040e-01,-2.925541898876360847e+00,4.992588603668959846e-02
-4.755547335423412902e-01,-2.889333013908769399e+00,5.873205464520799696e-02
-7.614895199188054242e-01,-2.821091101564722869e+00,6.689128411568000254e-02
-1.039183289003130728e+00,-2.723124202273661254e+00,7.431369976367530050e-02
-1.305718353367861573e+00,-2.597764931969894775e+00,8.091754297853269440e-02
-1.558394328252776351e+00,-2.447192700288108202e+00,8.663007180257570328e-02
-1.794728131554677253e+00,-2.273433710566680865e+00,9.138836219039489506e-02
-2.012453983831848703e+00,-2.078360959845059863e+00,9.514000112325589342e-02
-2.209523408296302449e+00,-1.863694238871053122e+00,9.784366394333829375e-02
-2.384105230825687816e+00,-1.631000132090161703e+00,-3.772080014363730222e-02
-2.534585579955177526e+00,-1.381692017652499604e+00,-2.780646302998790106e-02
-2.659566994014995522e+00,-1.117116933044467908e+00,-1.758583509553519886e-02
-2.757790347106328532e+00,-8.407868250132398691e-01,-7.171497523771499898e-03
-2.828127858447292198e+00,-5.564770005671579867e-01,3.321834771559999989e-03
-2.869773468718264997e+00,-2.673436604244661119e-01,1.377857674263299921e-02
-2.882262485484021308e+00,2.357096841992190051e-02,2.408354638741439999e-02
-2.865471583194466820e+00,3.133386326995095117e-01,3.412323349048890231e-02
-2.819618803185514277e+00,5.991450528656823149e-01,4.378704994847459897e-02
-2.745263553678165991e+00,8.782899231035607990e-01,5.296854790896549786e-02
-2.643306609778859340e+00,1.148186911321415149e+00,6.156659230334510235e-02
-2.514990113478163369e+00,1.406363659155599910e+00,6.948647485928820255e-02
-2.361878444780233011e+00,1.650482049968650555e+00,7.664095732107290004e-02
-2.185349081763988455e+00,1.878779336469869277e+00,8.295123238763080220e-02
-1.986904988803047667e+00,2.089513956651962268e+00,8.834779178214349771e-02
-1.768336760519484852e+00,2.280896561016760860e+00,9.277119189235889796e-02
-1.531615908838755091e+00,2.451228057347458300e+00,9.617270854762829946e-02
-1.278894862998473547e+00,2.598899610702606999e+00,9.851487372014719468e-02
-1.012506969535470702e+00,2.722392643425431302e+00,9.977188823900240422e-02
-7.349664922942584777e-01,2.820278835137425499e+00,9.992990597035329714e-02
-4.489686124223277730e-01,2.891220122740516985e+00,9.898718633392759869e-02
-1.573837913505176933e-01,2.933972704410329424e+00,9.695411347571940286e-02
1.371409836316895003e-01,2.947673735115885485e+00,9.385308188558980080e-02
4.316053435902135194e-01,2.931501065048425225e+00,8.971824971986559760e-02
7.227947453576851755e-01,2.884855837335905449e+00,8.459516254601300023e-02
1.007603410370743635e+00,2.807600331784075642e+00,7.854025165384639906e-02
1.283034324659728442e+00,2.700057964879570616e+00,7.162021245975019879e-02
1.546199238864263359e+00,2.563013289785688098e+00,6.391126985004380590e-02
1.794318668222802504e+00,2.397711996344924046e+00,5.549833855684910278e-02
2.024721892577263649e+00,2.205860911076547914e+00,4.647408781407399991e-02
2.234846956364802573e+00,1.989627997183830876e+00,3.693792059766849711e-02
2.422240668630422089e+00,1.751642354543545554e+00,2.699487869150399982e-02
2.584820222209163632e+00,1.494866246085608363e+00,1.675448564280149905e-02
2.721112446484160952e+00,1.222426474297991117e+00,6.329540349747300385e-03
2.829565317211140130e+00,9.377035454847976181e-01,-4.165125429133000393e-03
2.908984832376269480e+00,6.440251349656243018e-01,-1.461391195729440026e-02
2.958551324467742383e+00,3.446573836726907203e-01,-2.490172486275099920e-02
2.977819460471569979e+00,4.280489816111970186e-02,-3.491524291310849765e-02
2.966718241872452033e+00,-2.583892493963266812e-01,-4.454416625983170092e-02
2.925551004654463938e+00,-5.558435211982946100e-01,-5.368243140118100082e-02
2.854995419300444315e+00,-8.465379138313129381e-01,-6.222937948221789889e-02
2.756091961571142779e+00,-1.127549336430005766e+00,-7.009086506127719385e-02
2.629880105000149015e+00,-1.396860127947319841e+00,-7.718029313099869504e-02
2.477489628039633018e+00,-1.652453402536655513e+00,-8.341957297057539522e-02
2.300317521319888314e+00,-1.892190408826550430e+00,-8.873997832222220439e-02
2.099976947236306124e+00,-2.114054676707128433e+00,-9.308290441773139912e-02
1.878297239954690889e+00,-2.316152017320657563e+00,-9.640051351531439550e-02
1.637323905407719105e+00,-2.496710523065476917e+00,-9.865626183692589868e-02
1.379318621303887937e+00,-2.654080567589621964e+00,-9.982530210136759952e-02
1.106759237114334882e+00,-2.786734805800700876e+00,-9.989475721955820564e-02
8.223397740814470946e-01,-2.893268173859111947e+00,-9.886386213680020685e-02
5.287194908074591693e-01,-2.972483073809881748e+00,-9.674397225995430560e-02
2.285060877317549866e-01,-3.023038346431996093e+00,-9.355843837652599859e-02
-7.516956488881819387e-02,-3.043480924988324343e+00,-8.934234944365229691e-02
-3.791828967746201928e-01,-3.032794761192163513e+00,-8.414214607975330218e-02
-6.804293612249199263e-01,-2.990409992056943800e+00,-7.801510901682839894e-02
-9.758244351232535641e-01,-2.916202939896006541e+00,-7.102872814768730614e-02
-1.262303618926724491e+00,-2.810496112325590268e+00,-6.325995911864540355e-02
-1.536822436682166337e+00,-2.674058202260781947e+00,-5.479437565543660016e-02
-1.796356436015311697e+00,-2.508104087917927050e+00,-4.572522696076319892e-02
-2.037901188133507180e+00,-2.314294832814097092e+00,-3.615241056545059894e-02
-2.258656431527902075e+00,-2.094729725617959115e+00,-2.618137194760620026e-02
-2.456473803040168491e+00,-1.852118727974825907e+00,-1.592194304105160052e-02
-2.629050676456234470e+00,-1.589637005527243518e+00,-5.487132425663099854e-03
-2.774424953451160025e+00,-1.310538975204293521e+00,5.008119472483900207e-03
-2.891027039913178776e+00,-1.018143248909531673e+00,1.544820646095670068e-02
-2.977679845939719794e+00,-7.158326335317486411e-01,2.571812999375069908e-02
-3.033598785843783396e+00,-4.070541309289710252e-01,3.570476589169469667e-02
-3.058391778149425200e+00,-9.531893793901019540e-02,4.529811041562389895e-02
-3.052059245592948056e+00,2.157975536231385993e-01,5.439249196806429654e-02
-3.014993199809349989e+00,5.226740565716377906e-01,6.288773507594609680e-02
-2.947834290058535256e+00,8.225996732234788222e-01,7.069026383262780322e-02
-2.851272395017220074e+00,1.113269999134462340e+00,7.771413264580130653e-02
-2.726225664632945023e+00,1.392250765340423913e+00,8.388197293602239757e-02
-2.573866064680471410e+00,1.657240198239569029e+00,8.912584535904970184e-02
-2.395619376767573971e+00,1.906069019582956825e+00,9.338798816397560210e-02
-2.193165198326709309e+00,2.136700446488990046e+00,9.662145344464910524e-02
-1.968436942620322094e+00,2.347230191433626434e+00,9.879062427511349498e-02
-1.723621838739584078e+00,2.535886462252851636e+00,9.987160703346480151e-02
-1.461160931601929613e+00,2.701029962144072094e+00,9.985249459235240321e-02
-1.183709848892466887e+00,2.841194859893640512e+00,9.873349747712359403e-02
-8.935671580467503539e-01,2.955275725649643803e+00,9.652694154686590478e-02
-5.934602343838862870e-01,3.041258697160801550e+00,9.325713222389399315e-02
-2.863664868072708924e-01,3.097271632242396322e+00,8.896008676718729358e-02
2.467654963177970048e-02,3.121902370273284433e+00,8.368313753903200425e-02
3.365712137508309887e-01,3.114198732198974806e+00,7.748441063434949316e-02
6.461597182251852534e-01,3.073668520529297510e+00,7.043218561640279818e-02
9.502241495906540436e-01,3.000279519339053458e+00,6.260414341091420642e-02
1.245486468246186362e+00,2.894459494266908628e+00,5.408651064324369873e-02
1.528608508443207281e+00,2.757096192519538302e+00,4.497310984425390012e-02
1.796290871191768224e+00,2.589519119345325748e+00,3.536432598581450149e-02
2.045919860061771622e+00,2.393455544337643737e+00,2.536600073112970158e-02
2.274638666602816883e+00,2.171196100862686329e+00,1.508826657864460047e-02
2.479813515784635047e+00,1.925334428029296108e+00,4.644333742513800066e-03
2.659178032452008900e+00,1.658726657534598248e+00,-5.850756869150599941e-03
2.810833241316232911e+00,1.374491413671871998e+00,-1.628140084041219959e-02
2.933247566957287944e+00,1.076009813328646425e+00,-2.653270364117479851e-02
3.025256833824541580e+00,7.669254659838515842e-01,-3.649174620138589953e-02
3.086064266233677245e+00,4.511444737191672161e-01,-4.604882872493400170e-02
3.115248581543970552e+00,1.328002529402136089e-01,-5.509867904379729675e-02
3.112849617878175046e+00,-1.847568718349920924e-01,-6.354161220058579529e-02
3.079013270004622438e+00,-4.986232476533818958e-01,-7.128462848792879725e-02
3.014107495266468373e+00,-8.059093658614147060e-01,-7.824243784878759378e-02
2.918799056590296814e+00,-1.103892373692141771e+00,-8.433839935490460016e-02
2.794053522487070396e+00,-1.390016074253723533e+00,-8.950536541360409881e-02
2.641135267051961222e+00,-1.661890926532304302e+00,-9.368642140494780335e-02
2.461607469962606931e+00,-1.917294045394255519e+00,-9.683551260168020425e-02
2.257332116485884388e+00,-2.154169201577029735e+00,-9.891795146630670554e-02
2.030469997468089538e+00,-2.370626821703129661e+00,-9.991079973776380296e-02
1.783401807825276464e+00,-2.565004768856007811e+00,-9.980312109841669999e-02
1.518124765497838480e+00,-2.735953529943370821e+00,-9.859610163864900023e-02
1.237046874354633008e+00,-2.881517313900854305e+00,-9.630303679201679401e-02
9.428120641605192143e-01,-2.999841375324455051e+00,-9.294918488472679596e-02
6.381955166949904168e-01,-3.089307587275296196e+00,-8.857148891281660386e-02
3.261036657498407876e-01,-3.148534441281289009e+00,-8.321816961155270587e-02
9.574197126277000577e-03,-3.176377047337239912e+00,-7.694819429941139599e-02
-3.082239513535220965e-01,-3.171927133904126173e+00,-6.983062734771229574e-02
-6.239905898637201354e-01,-3.134513047910624017e+00,-6.194386942970919741e-02
-9.342942765633172053e-01,-3.063699754751802118e+00,-5.337479392996650335e-02
-1.235914603235925613e+00,-2.959489007775825797e+00,-4.421779002559649702e-02
-1.525664512116859051e+00,-2.822771573540818313e+00,-3.457372298118740334e-02
-1.800090440823393756e+00,-2.654886625307292469e+00,-2.454882310742089943e-02
-2.056044352179918544e+00,-2.457579681220171341e+00,-1.425351562477539941e-02
-2.290686859622007354e+00,-2.233003292616841495e+00,-3.801204319121600107e-03
-2.501487227198219809e+00,-1.983717044024781551e+00,6.692977611796799980e-03
-2.686223369562649843e+00,-1.712687553170863408e+00,1.711343576106609879e-02
-2.842981851986455588e+00,-1.423288470967708053e+00,2.734538779647369827e-02
-2.970157890349952812e+00,-1.119300481522558899e+00,3.727612779839360041e-02
-3.066455351145374930e+00,-8.049113021322300554e-01,4.679626772632400344e-02
-3.131067855809161582e+00,-4.841853644174631821e-01,5.580094233817609745e-02
-3.163635450671077987e+00,-1.603854294629817046e-01,6.419096429133089310e-02
-3.163879256544023910e+00,1.630595267866541132e-01,7.187391670026720136e-02
-3.131858717295341599e+00,4.829127263759502853e-01,7.876517111738319532e-02
-3.067974656784306475e+00,7.961360215543791252e-01,8.478881972340089612e-02
-2.972969278864745934e+00,1.099889894765045284e+00,8.987851145897560179e-02
-2.847926167381542584e+00,1.391533458661813771e+00,9.397818288820460053e-02
-2.694270286172672613e+00,1.668624456097824504e+00,9.704267574246060180e-02
-2.513767979067013769e+00,1.928919260130659952e+00,9.903823434306140150e-02
-2.308497184589032525e+00,2.170398017938792279e+00,9.994287742320459578e-02
-2.080246314080576031e+00,2.391529921555305194e+00,9.974664025380369781e-02
-1.831010575171581944e+00,2.590447528181039960e+00,9.845168440584420311e-02
-1.563089786777619894e+00,2.765237086841680902e+00,9.607227394049569491e-02
-1.278954997880031641e+00,2.914115161579797775e+00,9.263461828909519413e-02
-9.812484875364217984e-01,3.035428631449665016e+00,8.817658355390900482e-02
-6.727837648651171509e-01,3.127654690525407677e+00,8.274727540925609637e-02
-3.565455690553798185e-01,3.189400847895333513e+00,7.640649819796929698e-02
-3.568986936196730242e-02,3.219404927663529037e+00,6.922409618081129534e-02
2.864584860467354055e-01,3.216538155663335008e+00,6.127918419558989888e-02
6.067862543165726263e-01,3.180338269478816926e+00,5.265927619936280196e-02
9.218670650749966056e-01,3.110417962832456862e+00,4.345932129416320289e-02
1.228090616539384339e+00,3.006568957244157847e+00,3.378065785351389710e-02
1.522043726221663951e+00,2.869240889423492202e+00,2.372989727099550014e-02
1.800510330945070292e+00,2.699541311264026078e+00,1.341774962515760068e-02
2.060471486832888832e+00,2.499235689846791786e+00,2.957804197861900117e-03
2.299105369311285063e+00,2.270747407439497323e+00,-7.534721722485300185e-03
2.513787273111140141e+00,2.017157761494114077e+00,-1.794425197035430172e-02
2.702089612260457407e+00,1.742205964656342365e+00,-2.815612458512940092e-02
2.861911491876811819e+00,1.449930745689541611e+00,-3.805785482399300090e-02
2.991934313651564370e+00,1.143195842558263120e+00,-4.754037419164729855e-02
3.090802818350891545e+00,8.257542975635713267e-01,-5.649923184027379891e-02
3.157499187556537024e+00,5.013893966918725464e-01,-6.483574510519819756e-02
3.191409375883808686e+00,1.737435979802972041e-01,-7.245808650424230557e-02
3.192323110977687506e+00,-1.536814684718058877e-01,-7.928229522581199673e-02
3.160433893513868497e+00,-4.775250005057161129e-01,-8.523320196526029680e-02
3.096338997198034182e+00,-7.945670239061841666e-01,-9.024525692192759962e-02
3.001039468768486707e+00,-1.101728392389953681e+00,-9.426325183623260329e-02
2.875920865141929905e+00,-1.396107123539474415e+00,-9.724292811413409732e-02
2.722295066907402195e+00,-1.675664941811428887e+00,-9.915146433954979965e-02
2.541592151356432794e+00,-1.938451662830275701e+00,-9.996783780540910436e-02
2.335522073614889393e+00,-2.182436050966630070e+00,-9.968305608074119750e-02
2.106006944220603749e+00,-2.405669372893453950e+00,-9.830025606319610365e-02
1.855181029129717940e+00,-2.606285397576326712e+00,-9.583466942578169889e-02
1.585390749715158476e+00,-2.782500396275911392e+00,-9.231345483855669942e-02
1.299194682763970432e+00,-2.932613142549198137e+00,-8.777539881326749949e-02
9.993635604878819967e-01,-3.055004912244275062e+00,-8.227048846641719926e-02
6.888682245963659856e-01,-3.148151587597805445e+00,-7.585936090621310524e-02
3.704566880047699962e-01,-3.210945382692100836e+00,-6.861263530923189524e-02
4.732274575358749735e-02,-3.241900486148706850e+00,-6.061013504340190261e-02
-2.771001963012584834e-01,-3.239694023218530283e+00,-5.194000840633670318e-02
-5.994222950806438188e-01,-3.203509922423739109e+00,-4.269775766308270271e-02
-9.162972702704920147e-01,-3.133038915556330739e+00,-3.298518707990590049e-02
-1.224422404324698510e+00,-3.028478537678561011e+00,-2.290928154060200075e-02
-1.520538542467759768e+00,-2.890533127121537316e+00,-1.258102809778999936e-02
-1.801430092684102036e+00,-2.720413825490552995e+00,-2.114193440387599973e-03
-2.063925025734288710e+00,-2.519838577657535605e+00,8.375929257766000224e-03
-2.304894875144100741e+00,-2.291032131765776025e+00,1.877379030277160146e-02
-2.521611921184290672e+00,-2.036739046782762408e+00,2.896485627165390139e-02
-2.711966594725228941e+00,-1.760390256409785081e+00,3.883687160850129994e-02
-2.873759049256321862e+00,-1.465694273173258511e+00,4.828109513056189767e-02
-3.005208844735620222e+00,-1.156371359376180186e+00,5.719349782230449819e-02
-3.104965751097096938e+00,-8.361517567435872156e-01,6.547590872495440140e-02
-3.172109748251103589e+00,-5.087756864195562834e-01,7.303709629895420441e-02
-3.206151026082231681e+00,-1.779933489791827028e-01,7.979377334774709341e-02
-3.207029984452977267e+00,1.524350755893303933e-01,8.567151443451880011e-02
-3.175117233200999589e+00,4.787394278727949981e-01,9.060557568515660576e-02
-3.111197879837617641e+00,7.972494972840055150e-01,9.454160794824570391e-02
-3.016168355927443478e+00,1.105591614775234044e+00,9.743625545598620652e-02
-2.891015840994848762e+00,1.401486381599736486e+00,9.925763339228139970e-02
-2.736979361054983961e+00,1.682612113276042320e+00,9.998567910685819682e-02
-2.555545283842694193e+00,1.946767574918765176e+00,9.961237310729639804e-02
-2.348447318810527484e+00,2.191871981240734790e+00,9.814182739447920023e-02
-2.117666517136503224e+00,2.415964996544254006e+00,9.559024016857399497e-02
-1.865431271712786998e+00,2.617206734734501605e+00,9.198571740424979493e-02
-1.594217317153010072e+00,2.793877759310417819e+00,8.736796326074830477e-02
-1.306747729787820500e+00,2.944379083368270589e+00,8.178784273675329675e-02
-1.005840190611155371e+00,3.067300446727663221e+00,7.530682138781989721e-02
-6.940038412684572666e-01,3.161202774901620050e+00,6.799628827717550672e-02
-3.743763474789956747e-01,3.224198613150162540e+00,5.993676961861989921e-02
-5.019819716010150146e-02,3.254773471546463792e+00,5.121704177261820340e-02
2.752603998335498847e-01,3.251848024672693072e+00,4.193315336612660205e-02
5.986995116980797782e-01,3.214778111620426593e+00,3.218736730853200001e-02
9.167894846982129753e-01,3.143354735990498749e+00,2.208703435506670018e-02
1.226170943155413751e+00,3.037804065892794281e+00,1.174341062871789992e-02
1.523454789453483782e+00,2.898787433944960412e+00,1.270432123260799946e-03
1.805222204027850053e+00,2.727401337277773230e+00,-9.216540312128200518e-03
2.068203939312431849e+00,2.525217516807713558e+00,-1.960199168408240100e-02
2.309725921404425009e+00,2.294733259673191306e+00,-2.977152526326220031e-02
2.526931854946902423e+00,2.039055561639637304e+00,-3.961312267524189773e-02
2.717327090717938098e+00,1.761470731212438690e+00,-4.901837779357959973e-02
2.878835714736322160e+00,1.465435502034106108e+00,-5.788369084323469888e-02
3.009800548271985399e+00,1.154577032869074982e+00,-6.611140956237840371e-02
3.108983147838800587e+00,8.326929076136462271e-01,-7.361090485096649649e-02
3.175563805196897071e+00,5.037511352905403861e-01,-8.029956905898709418e-02
3.209141547350535806e+00,1.718901500609363864e-01,-8.610372591731679792e-02
3.209737542814544042e+00,-1.586451867483235911e-01,-9.095944208914169549e-02
3.177741034489247163e+00,-4.848322759535484971e-01,-9.481323140147220052e-02
3.113626470646755795e+00,-8.038430683443102964e-01,-9.762264400045940482e-02
3.018110607254516520e+00,-1.112783531255602032e+00,-9.935673394056139529e-02
2.892198939398707314e+00,-1.408975675799362337e+00,-9.999640005701120049e-02
2.737185701279011507e+00,-1.689957556881370726e+00,-9.953459636704220515e-02
2.554653866211816116e+00,-1.953483273189887015e+00,-9.797640968198680078e-02
2.346475146627481134e+00,-2.197522967200635780e+00,-9.533900357555999405e-02
2.114809994078149735e+00,-2.420262825168104648e+00,-9.165142932557160393e-02
1.862107599226362042e+00,-2.620105077138886074e+00,-8.695430591121659780e-02
1.590964303677285363e+00,-2.796046197272974876e+00,-8.129937259125820381e-02
1.303342680417446164e+00,-2.948026519996194139e+00,-7.474891899117959426e-02
1.002054393247530317e+00,-3.072001668155731835e+00,-6.737509897700010020e-02
6.901988703085062404e-01,-3.164263122835529796e+00,-5.925913587387660053e-02
3.709832155747179172e-01,-3.222159021350376129e+00,-5.049042778311040036e-02
4.772220886475350005e-02,-3.244094157241095289e+00,9.916021552732010025e-02
-2.761616941641741874e-01,-3.229529980275512635e+00,9.725864522383470545e-02
-5.971383620044368179e-01,-3.178984596449322186e+00,9.428576174242500607e-02
-9.115699873157088184e-01,-3.094032767985284149e+00,9.027431167586570659e-02
-1.215711215485948626e+00,-2.977305653355849291e+00,8.526848152612839793e-02
-1.506518061615682802e+00,-2.830474279833992579e+00,7.932341098587049333e-02
-1.781246402282733232e+00,-2.654044242556686584e+00,7.250458556944179567e-02
-2.036830621459440049e+00,-2.449881096168622818e+00,6.488711528399210282e-02
-2.270543596376603190e+00,-2.220257297350081593e+00,5.655490728528300010e-02
-2.479996697513308312e+00,-1.967852204823100415e+00,4.759974163265810049e-02
-2.663139788601044167e+00,-1.695752079347443209e+00,3.812026032286729843e-02
-2.818261226617278403e+00,-1.407450083730690693e+00,2.822088073947339945e-02
-2.943987861795474892e+00,-1.106846282813341631e+00,1.801064548500189849e-02
-3.039286305050413084e+00,-7.982416031453825056e-01,7.602021266682399726e-03
-3.103648622008777558e+00,-4.851590260837538859e-01,-2.890339935050700079e-03
-3.136804162613666236e+00,-1.707398889252965124e-01,-1.335086376905949938e-02
-3.138653139095234579e+00,1.415887546989919865e-01,-2.366432657555190069e-02
-3.109418610083368506e+00,4.486832920977805728e-01,-3.371712458613829871e-02
-3.049646480606193144e+00,7.476835515079431893e-01,-4.339852527972420243e-02
-2.960205502089569674e+00,1.036012802099983698e+00,-5.260188711187369776e-02
-2.842287272360624506e+00,1.311377753967637450e+00,-6.122583418119650206e-02
-2.697406235642850980e+00,1.571768558143645134e+00,-6.917537289496919484e-02
-2.527399682559107408e+00,1.815458806589132390e+00,-7.636293833222269900e-02
-2.334329560114595470e+00,2.040993873363118105e+00,-8.270935877971259675e-02
-2.119795916362935628e+00,2.246865383831600838e+00,-8.814472781587300021e-02
-1.885758238732639702e+00,2.431391955763622104e+00,-9.260917433648349628e-02
-1.634406470089935226e+00,2.593007748193254081e+00,-9.605352204082820422e-02
-1.368071739160813038e+00,2.730279069559090388e+00,-9.843983111310400380e-02
-1.089226360526587278e+00,2.841904377707103801e+00,-9.974181613313820582e-02
-8.004838346341578426e-01,2.926714279886824865e+00,-9.994513561274319391e-02
-5.045988477807583639e-01,2.983671532757438349e+00,-9.904754996863270045e-02
-2.044672721240136937e-01,3.011871042383484465e+00,-9.705894619158969561e-02
9.700505032491719970e-02,3.010683099265625717e+00,-9.400122894034250443e-02
3.970986794781788953e-01,2.980007733201654130e+00,-8.990807925963799352e-02
6.925898320721238788e-01,2.919527831413416763e+00,-8.482458358049739522e-02
9.803570436462372140e-01,2.829321540862632212e+00,-7.880673708870060412e-02
1.257440945160799295e+00,2.709925142617827465e+00,-7.192082693265100524e-02
1.521044263001950059e+00,2.562333051852726751e+00,-6.424270206406400285e-02
1.768531818972223224e+00,2.387997817851881699e+00,-5.585693775486050283e-02
1.997430530304963536e+00,2.188830124002599575e+00,-4.685590399214770163e-02
2.205429409654587669e+00,1.967198787800067183e+00,-3.733874801433129803e-02
2.390379565099046033e+00,1.725930760846134504e+00,-2.741030219484250074e-02
2.550302296203889263e+00,1.468307227356859590e+00,-1.717992930353740011e-02
2.683878428415049200e+00,1.197674760494514157e+00,-6.760317865797399982e-03
2.790015724663840402e+00,9.171815806212899602e-01,3.733759112769199917e-03
2.867736719145888902e+00,6.299624027414836291e-01,1.418670838149030042e-02
2.916410908469347252e+00,3.390834196654524124e-01,2.448338971539619838e-02
2.935754751653392169e+00,4.754230202023249779e-02,3.451038419533609958e-02
2.925831670130881523e+00,-2.417318017663707130e-01,4.415724352863679980e-02
2.887052047746316852e+00,-5.258782654552067726e-01,5.331770664713639946e-02
2.820173230756417571e+00,-8.021049849984107638e-01,6.189087018299269799e-02
2.726299527829147529e+00,-1.067688378541762351e+00,6.978229992889099786e-02
2.606784684268653063e+00,-1.320238951632627167e+00,7.690507103950390555e-02
2.462833447087347860e+00,-1.558391111443294452e+00,8.318072551729599473e-02
2.295901153858354693e+00,-1.780400439421153003e+00,8.854013643450929505e-02
2.107628135065023223e+00,-1.984588480599347005e+00,9.292426937291700662e-02
1.899821153533636009e+00,-2.169406686071118529e+00,9.628483269338200534e-02
1.674453404423104974e+00,-2.333436413000971488e+00,9.858480947305769959e-02
1.433664515231648506e+00,-2.475388924617065278e+00,9.979886525013539900e-02
1.179760545792809978e+00,-2.594105390214124007e+00,9.991362708537160353e-02
9.152139882848208119e-01,-2.688556885149329112e+00,9.892783086629070022e-02
6.426066185215240090e-01,-2.757873197913911500e+00,9.685233523151490220e-02
3.642619514036053996e-01,-2.801325736383812881e+00,9.371000196180599706e-02
8.294024200190830420e-02,-2.817886913156288919e+00,8.953544415539860246e-02
-1.985313457488991906e-01,-2.806822215098207174e+00,8.437464496140019421e-02
-4.773743563875365026e-01,-2.767786563203514127e+00,7.828445107124029634e-02
-7.508590429415080703e-01,-2.700824312592636112e+00,7.133194654671880242e-02
-1.016304366916836344e+00,-2.606369252512624968e+00,6.359371388288949378e-02
-1.271077998302885925e+00,-2.485244606335963891e+00,5.515499044451550176e-02
-1.512596315563184302e+00,-2.338663031565219264e+00,4.610872956873089679e-02
-1.738324405649368964e+00,-2.168226619826417956e+00,3.655457667480029732e-02
-1.945796727483749544e+00,-1.975927872497063031e+00,2.659777166068590104e-02
-2.133150295624567150e+00,-1.764135284343725685e+00,1.634798967554499868e-02
-2.298550269231954601e+00,-1.535377496846086709e+00,5.918133037495799768e-03
-2.440281518015793516e+00,-1.292269939463918771e+00,-4.576912395734700038e-03
-2.556962064825456515e+00,-1.037525228571842595e+00,-1.502154270594430012e-02
-2.647543085643567551e+00,-7.739531674675232953e-01,-2.530070930219030165e-02
-2.711308909588066918e+00,-5.044607463671935133e-01,-3.530118619207749803e-02
-2.747877018910136027e+00,-2.320521424155173040e-01,-4.491281717643239718e-02
-2.757198048997684392e+00,4.017128032915710106e-02,-5.402972923077749984e-02
-2.739555788372776579e+00,3.090109708850183878e-01,-6.255149870636229903e-02
-2.695534493603520598e+00,5.717060699978304683e-01,-7.038425750624259514e-02
-2.625791017898651880e+00,8.265575456426317302e-01,-7.744172705130600298e-02
-2.531109680297135345e+00,1.071439113902151075e+00,-8.364616864674570551e-02
-2.412483167523802763e+00,1.304350416880246888e+00,-8.892923978150410469e-02
-2.271112876173268624e+00,1.523438215604479007e+00,-9.323274692724649315e-02
-2.108408912707841143e+00,1.726996390030246076e+00,-9.650928654566889864e-02
-1.925990093463639141e+00,1.913465939033514696e+00,-9.872276724285260208e-02
-1.725683944641689838e+00,2.081434980421952297e+00,-9.984880731955300681e-02
-1.509526702313671587e+00,2.229638750927361635e+00,-9.987500333780030548e-02
-1.279763312420528987e+00,2.356959606207603919e+00,-9.880106674597530225e-02
-1.038554565854871159e+00,2.462498733296548004e+00,-9.663882705720949762e-02
-7.879059579314626749e-01,2.545182076727699361e+00,-9.341210154626260198e-02
-5.302507349306642137e-01,2.603804189254025570e+00,-8.915643289987619513e-02
-2.680533641231472863e-01,2.637449684796601801e+00,-8.391869771078219742e-02
-3.803299931253599844e-03,2.645496994358043086e+00,-7.775659012752779431e-02
2.599850160613705885e-01,2.627618366022447915e+00,-7.073798634819260245e-02
5.207721551242261437e-01,2.583779864955840999e+00,-6.294019695732569475e-02
7.759937013703432918e-01,2.514241373405640356e+00,-5.444911534274869680e-02
1.023060251758677097e+00,2.419556590700852272e+00,-4.535827157171350155e-02
1.259359505356833608e+00,2.300573688800741756e+00,-3.576780214827889742e-02
1.482654029105255677e+00,2.158555209726732205e+00,-2.578334700058109927e-02
1.690741234020885164e+00,1.995011725096812905e+00,-1.551488584653339976e-02
1.881396008422340893e+00,1.811621625674899150e+00,-5.075526757157500235e-03
2.052667570032296496e+00,1.610318469527452834e+00,5.419739739690600244e-03
2.202879465971425255e+00,1.393290982030968905e+00,1.585530729050079954e-02
2.330629572767771052e+00,1.162983055860962844e+00,2.611622713157329967e-02
2.434790096350317956e+00,9.220937509991548042e-01,3.608947426016209659e-02
2.514507572050641571e+00,6.735772947317140158e-01,4.566519241566360104e-02
2.569202864603294056e+00,4.206430816469490797e-01,5.473790415679560123e-02
2.598650636805480474e+00,1.661722516624483947e-01,6.320767270528189485e-02
2.602838494867876662e+00,-8.772468399503580150e-02,7.098120275939079349e-02
2.581825417641745002e+00,-3.386001512324672835e-01,7.797286815019009720e-02
2.535915365168042168e+00,-5.841442936744803971e-01,8.410565502202850541e-02
2.465658654335212585e+00,-8.221910910059266886e-01,8.931201014723709475e-02
2.371851958876677990e+00,-1.050718358985303080e+00,9.353458503164040205e-02
2.255538309372283834e+00,-1.267847749435747629e+00,9.672686761342569328e-02
2.118007093247995964e+00,-1.471844750247297773e+00,9.885369459796050640e-02
1.960794054774384954e+00,-1.661118685378545790e+00,9.989163878481370495e-02
1.785681016800996890e+00,-1.834223012963092980e+00,9.982926712055839591e-02
1.594312053306661703e+00,-1.990101645729804858e+00,9.866726663499039707e-02
1.388300172501592877e+00,-2.127486328524140546e+00,9.641843687338509661e-02
1.169581677087161431e+00,-2.244937012879319127e+00,9.310754890827549479e-02
9.401856001378238181e-01,-2.341227329880809727e+00,8.877107248386920113e-02
7.022337050891587218e-01,-2.415344590172762373e+00,8.345677429819299553e-02
4.579404857457293754e-01,-2.466489783953536907e+00,7.722319184850190421e-02
2.096131662791513028e-01,-2.494077580976863828e+00,7.013898863518419624e-02
-4.034829877418580346e-02,-2.497736330551769690e+00,6.228219782673839744e-02
-2.894512245039981835e-01,-2.477308061542661477e+00,5.373936271731830083e-02
-5.352424127445143398e-01,-2.432829388498455980e+00,4.460458344375269751e-02
-7.755416101496226400e-01,-2.364457113574380820e+00,3.497848046390199944e-02
-1.007802826591054579e+00,-2.272627043635502719e+00,2.496708621264320110e-02
-1.229611255830951100e+00,-2.158082737760576908e+00,1.468067714491820032e-02
-1.438731259806600438e+00,-2.021872146353391742e+00,4.232559029630600378e-03
-1.633106368621888294e+00,-1.865347611145902418e+00,-6.262181123773900328e-03
-1.810859280549451666e+00,-1.690165865197502448e+00,-1.668794275968960017e-02
-1.970291862032040875e+00,-1.498288032893209998e+00,-2.692988512749359964e-02
-2.109885147676882511e+00,-1.291979629950803066e+00,-3.687519226292609864e-02
-2.228299340264404016e+00,-1.073810563410319663e+00,-4.641431566714090268e-02
-2.324431398278026251e+00,-8.465464423844226705e-01,-5.544218099342700101e-02
-2.397650122379564763e+00,-6.124762082106862682e-01,-6.385934545123729544e-02
-2.447312739364555068e+00,-3.740836213763262252e-01,-7.157309317764880274e-02
-2.472993483343911780e+00,-1.338315100529020030e-01,-7.849845651179980510e-02
-2.474533859004736325e+00,1.059142699868720061e-01,-8.455915192141640058e-02
-2.452042641611085649e+00,3.428848353712281027e-01,-8.968842027321180521e-02
-2.405895877003448646e+00,5.749082751314262829e-01,-9.382976219108700444e-02
-2.336736881600643301e+00,7.999096506933549566e-01,-9.693756040196839507e-02
-2.245476242397287603e+00,1.015910995890222379e+00,-9.897758221460180306e-02
-2.133291816965270815e+00,1.221031316954046986e+00,-9.992735659573209750e-02
-2.001454772946997807e+00,1.413728297357570884e+00,-9.977642169068920430e-02
-1.851078595567771989e+00,1.592766760910466761e+00,-9.852644006173599811e-02
-1.683582579900250842e+00,1.756562046372472485e+00,-9.619118037477229766e-02
-1.500523668139034594e+00,1.903678685292407913e+00,-9.279636573616839579e-02
-1.303589367388242160e+00,2.032844008994890039e+00,-8.837939035032280066e-02
-1.094597749659563579e+00,2.142948148581242940e+00,-8.298890761891120071e-02
-8.754974518799754080e-01,2.233044034925667276e+00,-7.668429421926030443e-02
-6.483676758803091911e-01,2.302347398681259261e+00,-6.953499606434940250e-02
-4.154181884027667859e-01,2.350236770275821119e+00,-6.161976334968780056e-02
-1.788364932136704000e-01,2.376244641676982905e+00,-5.302578311234180247e-02
5.931971138366649854e-02,2.379831078798544830e+00,-4.384771885777630218e-02
2.966355010139957726e-01,2.360520332627753959e+00,-3.418666783194059672e-02
5.307508907638319728e-01,2.318146448157633710e+00,-2.414904742583250108e-02
7.593815843474776006e-01,2.252858190781259040e+00,-1.384542297779720044e-02
9.803189741089908260e-01,2.165119046290861160e+00,-3.389289885775399833e-03
1.191430141014216293e+00,2.055707220881223929e+00,7.104176554879299867e-03
1.390657854662868953e+00,1.925715641144888357e+00,1.751938981871760045e-02
1.576020573280403791e+00,1.776551954075143103e+00,2.774162534634560043e-02
1.745612443721528573e+00,1.609938527063744074e+00,3.765828424647359868e-02
1.897687852202768033e+00,1.427852652490603225e+00,4.716013358301619773e-02
2.031010183467131913e+00,1.232232129431183099e+00,5.614250958673139974e-02
2.144242503858052373e+00,1.025293557064958172e+00,6.450647053619359972e-02
2.236254955413440548e+00,8.093045870256670993e-01,7.215988661030289797e-02
2.306187245733490432e+00,5.865410976843743462e-01,7.901845470703550145e-02
2.353448647978335195e+00,3.592871941576373795e-01,8.500662704985749440e-02
2.377718000871870352e+00,1.298352082953229125e-01,9.005844335398689726e-02
2.378943708699003956e+00,-9.951430131132990575e-02,9.411825738492519966e-02
2.357343741306090923e+00,-3.264525493337528950e-01,9.714134990707949668e-02
2.313405634101932673e+00,-5.486625236978106557e-01,9.909442127027730252e-02
2.247776792812360203e+00,-7.642528580019766205e-01,9.995595820872080206e-02
2.161100657045217588e+00,-9.716864177636341804e-01,9.971647081153039993e-02
2.054201493423490010e+00,-1.169187452822890494e+00,9.837859705504189978e-02
1.928075642899963249e+00,-1.355106246338963150e+00,9.595707374522219335e-02
1.783891452150043300e+00,-1.527919578374824061e+00,9.247857419044999694e-02
1.622989273564855672e+00,-1.686230725907363448e+00,8.798141439237550099e-02
1.446881465255670074e+00,-1.828769462820506009e+00,8.251513099161170151e-02
1.257252391051061569e+00,-1.954392059908016899e+00,7.613993561687669442e-02
1.055958420503931627e+00,-2.062081284869086595e+00,6.892605164843540466e-02
8.450210044317025826e-01,-2.150949380887350326e+00,6.095294070059149860e-02
6.262250031099876324e-01,-2.220280065597331376e+00,5.230842734470250027e-02
4.015192324415259861e-01,-2.269123534165028211e+00,4.308773171316569728e-02
1.730634152510777124e-01,-2.296633750558815468e+00,3.339242064056670289e-02
-5.698102441179279942e-02,-2.302233679098146801e+00,2.332928889572699963e-02
-2.864509612852130793e-01,-2.285615284455058571e+00,1.300918282671960011e-02
-5.131815688867018554e-01,-2.246739531652972133e+00,2.545779378190199827e-03
-7.350063195172225061e-01,-2.185836386066385639e+00,-7.945666071114699733e-03
-9.497569842531530249e-01,-2.103404813423293884e+00,-1.834958925688499887e-02
-1.155263632958424491e+00,-2.000212779801858964e+00,-2.855138998109549991e-02
-1.349370825274707641e+00,-1.877296218414144846e+00,-3.843869444366530136e-02
-1.530343234949093301e+00,-1.735913680526821601e+00,-4.790259305066690149e-02
-1.696376301976173284e+00,-1.577509364478542508e+00,-5.683884006348329659e-02
-1.845722429941636378e+00,-1.403698876279315000e+00,-6.514900187597169601e-02
-1.976873419244760344e+00,-1.216260723062035698e+00,-7.274154126961510092e-02
-2.088560467100119666e+00,-1.017136313081284493e+00,-7.953282570472840207e-02
-2.179754167538319187e+00,-8.084299557113894252e-01,-8.544804854084160628e-02
-2.249664511402862388e+00,-5.924088614541136444e-01,-9.042205303872490052e-02
-2.297740886355139622e+00,-3.715031419272323276e-01,-9.440005006834159551e-02
-2.323672076870913816e+00,-1.483058098720630991e-01,-9.733822161608710055e-02
-2.327424873883627399e+00,7.483103664884649397e-02,-9.920420344441910343e-02
-2.309108992747041622e+00,2.961613718615571100e-01,-9.997744158694230054e-02
-2.268894907376682202e+00,5.136295007662051715e-01,-9.964941875238809976e-02
-2.207161313539196090e+00,7.252857320437953170e-01,-9.822374814331050197e-02
-2.124497083729373514e+00,9.292962996478377757e-01,-9.571613365633889481e-02
-2.021701267169127902e+00,1.123943362806070434e+00,-9.215419690223550231e-02
-1.899783089811417192e+00,1.307625006013461544e+00,-8.757717295137240621e-02
-1.759961954334624767e+00,1.478855239042853098e+00,-8.203547815553439981e-02
-1.603667440146122392e+00,1.636263996937777021e+00,-7.559015480714929847e-02
-1.432539303379808171e+00,1.778597140015492961e+00,-6.831219875256909491e-02
-1.248213620809659696e+00,1.904819832323465079e+00,-6.028177736636530087e-02
-1.052136013626131961e+00,2.013894859278883231e+00,-5.158734649973580055e-02
-8.461065237130690475e-01,2.104591145449961509e+00,-4.232467613118089805e-02
-6.320023921922197641e-01,2.175869361801171742e+00,-3.259579545107119808e-02
-4.117694287596054270e-01,2.226889167466392649e+00,-2.250786900037430108e-02
-1.874220116935874092e-01,2.257009209747241840e+00,-1.217201624345030063e-02
3.895691215717460298e-02,2.265787124115864692e+00,-1.702087576116000089e-03
2.652158273657493903e-01,2.252979534212888879e+00,8.786589746888900584e-03
4.891346499309279228e-01,2.218542051847569141e+00,1.917848195269819880e-02
7.084418209184751847e-01,2.162627217729086393e+00,2.935912136539840095e-02
9.211974016221767814e-01,2.085547092282518999e+00,3.921636727884730139e-02
1.125261968888308317e+00,1.987879596556486383e+00,4.864164119679979803e-02
1.318486238674335675e+00,1.870463795317443889e+00,5.753112283540660205e-02
1.498900768436608910e+00,1.734377074981884315e+00,6.578689371353009518e-02
1.664715957123915624e+00,1.580935143621462480e+00,7.331801573379820303e-02
1.814322045187348742e+00,1.411692030955548072e+00,8.004153287477799861e-02
1.946289114573607204e+00,1.228440088356022475e+00,8.588338495910799453e-02
2.059367088727638073e+00,1.033209988844299154e+00,9.077922343347069600e-02
2.152485732588691469e+00,8.282707270985414372e-01,9.467512017383350464e-02
2.224787185255070021e+00,6.162422727613143802e-01,9.752816150909079940e-02
2.275926152871771357e+00,4.004499484117001740e-01,9.930692091903339791e-02
2.305372190548717004e+00,1.817675783183207994e-01,9.999180520048779608e-02
2.312677902359109972e+00,-3.916120069945330101e-02,9.957527028828609683e-02
2.297615833596930557e+00,-2.612802888405976742e-01,1.261043992772769955e-02
2.260178470777338244e+00,-4.831211233345045208e-01,2.143834676741400175e-03
2.200578241636200527e+00,-7.028026784329561849e-01,-8.346385116018699424e-03
2.119247515129422332e+00,-9.180314654140577790e-01,-1.874466868723630164e-02
2.016838601436108824e+00,-1.126101532574436348e+00,-2.893647795950310062e-02
1.894223751954114299e+00,-1.323894465241027607e+00,-3.880954918961720262e-02
1.752518355932668692e+00,-1.508213787939691519e+00,-4.825512956397339653e-02
1.593170111249467613e+00,-1.678316869083740892e+00,-5.716917512118380174e-02
1.417635916003920915e+00,-1.832944620450914108e+00,-6.545349680622410127e-02
1.227479652646907171e+00,-1.970632648870530357e+00,-7.301684203188260613e-02
1.024403849783272813e+00,-2.090043188841955946e+00,-7.977589983507070437e-02
8.102496821780853509e-01,-2.189965102528824925e+00,-8.565621855467080159e-02
5.869969707530442449e-01,-2.269313879761142072e+00,-9.059302592373889851e-02
3.567641825946881173e-01,-2.327131638032583272e+00,-9.453194254199109858e-02
1.218084309421837985e-01,-2.362587122504837378e+00,-9.742958087029729430e-02
-1.154745248046133987e-01,-2.374975706004522902e+00,-9.925402314835099493e-02
-3.526890797511780251e-01,-2.363768496776977646e+00,-9.998517297186469699e-02
-5.877090261810142824e-01,-2.328755194101206349e+00,-9.961497665635679621e-02
-8.179981717587923029e-01,-2.269866891795586206e+00,-9.814751194927000266e-02
-1.041093807263376414e+00,-2.187330343355798679e+00,-9.559894311317859716e-02
-1.254655524520865928e+00,-2.081683843327807537e+00,-9.199734287491000140e-02
-1.456465216408524554e+00,-1.953777227306386699e+00,-8.738238320176069940e-02
-1.644427076847539082e+00,-1.804771871939980343e+00,-8.180489831119150401e-02
-1.816567600814064987e+00,-1.636140694923705841e+00,-7.532632472687379732e-02
-1.971035584331749524e+00,-1.449668155003816850e+00,-6.801802454972040446e-02
-2.106102124473632209e+00,-1.247450251976638391e+00,-5.996049939755739716e-02
-2.220228705900018085e+00,-1.031932536437413672e+00,-5.124250367211029972e-02
-2.312425893585349002e+00,-8.059128753545878876e-01,-4.196006692117960207e-02
-2.381677343416044756e+00,-5.718856408289952897e-01,-3.221543606363470175e-02
-2.427180089332818813e+00,-3.322684399309495107e-01,-2.211594913022630129e-02
-2.448411446321625995e+00,-8.945313638343610485e-02,-1.177285292486040039e-02
-2.445129010413111814e+00,1.541941494290230974e-01,-1.300077630888500039e-03
-2.417370658683775542e+00,3.963330404736509216e-01,9.187018141176700459e-03
-2.365454549254971006e+00,6.346489030605861892e-01,1.957291803931280119e-02
-2.289979121293212128e+00,8.668528468450806823e-01,2.974322039362229872e-02
-2.191823095009179490e+00,1.090681724829491106e+00,3.958589836163180220e-02
-2.072010486569566101e+00,1.304205987991532423e+00,4.899253391422309784e-02
-1.931499786522471895e+00,1.505873728164475178e+00,5.785951207099129801e-02
-1.771531175297041294e+00,1.693735151535979533e+00,6.608916222871169532e-02
-1.593524228458002234e+00,1.865980974868830300e+00,7.359083401242300093e-02
-1.399073629456397905e+00,2.020955945320099367e+00,8.028189579762970429e-02
-1.189949169619854086e+00,2.157158840450570825e+00,8.608864490585270424e-02
-9.680957481589014257e-01,2.273242468218308776e+00,9.094711944633909750e-02
-7.356333721654422231e-01,2.368013666980303800e+00,9.480380286240709664e-02
-4.948571566105257058e-01,2.440433305493024285e+00,9.761621342140129609e-02
-2.480813949435201060e-01,2.489630577808038758e+00,9.935337215490790130e-02
2.506657397999800026e-03,2.514693227237177808e+00,9.999614409516879854e-02
2.542907679322856107e-01,2.514721435982873121e+00,9.953744904845490682e-02
5.046744205036628461e-01,2.489159637081372889e+00,9.798233958408089639e-02
7.511078589483386470e-01,2.437806692394925090e+00,9.534794537993900032e-02
9.910880871080998133e-01,2.360815892610385713e+00,9.166328453739619464e-02
1.222158868821162425e+00,2.258694957239908874e+00,8.696894394420709440e-02
1.441910727924462510e+00,2.132306034620835344e+00,8.131663220609619547e-02
1.647980948255456379e+00,1.982865701914229506e+00,7.476861007151469618e-02
1.838053573644750749e+00,1.811944965110531935e+00,6.739700462383979573e-02
2.009953433072602991e+00,1.621429351200581293e+00,5.928301479438809890e-02
2.162075086788142197e+00,1.413392458157577192e+00,5.051601694872529663e-02
2.292681572211920038e+00,1.190314468945569137e+00,4.119258039740789773e-02
2.400267816065692283e+00,9.547571507822636416e-01,3.141540367621929730e-02
2.483640204981465871e+00,7.093203995071932777e-01,2.129218331159880157e-02
2.541916585496527325e+00,4.566422395897247188e-01,1.093442753353260008e-02
2.574526264054735503e+00,1.993988241270888973e-01,4.562280017732000051e-04
2.581210007006462526e+00,-5.969556515796779761e-02,-1.002699692467579930e-02
2.562020040608587568e+00,-3.178885179077436951e-01,-2.039977353134159871e-02
2.517320051024862781e+00,-5.723894951437529244e-01,-3.054784470271430102e-02
2.447694179705886430e+00,-8.208053844210820849e-01,-4.035942847482040102e-02
2.353749905798418141e+00,-1.061207599337718799e+00,-4.972644932430039799e-02
2.236293929388908364e+00,-1.291446740726503783e+00,-5.854572863020259671e-02
2.096351034308479022e+00,-1.509489838824320973e+00,-6.672012119674039510e-02
1.935163984530498427e+00,-1.713421405990386504e+00,-7.415958531648500496e-02
1.754193524169835428e+00,-1.901443436708477597e+00,-8.078217458837450016e-02
1.555118377480972036e+00,-2.071875407588394502e+00,-8.651494056511889463e-02
1.339835248865415496e+00,-2.223154277359920883e+00,-9.129473628705790655e-02
1.110458822860809214e+00,-2.353834486882144805e+00,-9.506891185219319695e-02
8.693130862814134607e-01,-2.462592766228405505e+00,-9.779589435963270683e-02
6.184759278197682342e-01,-2.548336890340128669e+00,-9.944564583909050459e-02
3.602762427422110947e-01,-2.609692865354388935e+00,-9.999999412192310533e-02
9.730826162945889479e-02,-2.645404695004445195e+00,-9.945283300937199367e-02
-1.678142641397672996e-01,-2.654553133566504020e+00,-9.781018953285419704e-02
-4.324580623909826116e-01,-2.636555685860604736e+00,-9.509015756565959709e-02
-6.939703401562933305e-01,-2.591166607250083853e+00,-9.132269851718860521e-02
-9.496787836649084324e-01,-2.518476903643476206e+00,-8.654931130533169426e-02
-1.196891558357448648e+00,-2.418914331492037384e+00,-8.082257524176819641e-02
-1.432897308876369680e+00,-2.293243397791144389e+00,-7.420557086599489927e-02
-1.654979292981406003e+00,-2.142557791768474384e+00,-6.677118510712050370e-02
-1.860891999056922819e+00,-1.968204645625356353e+00,-5.860130842771049675e-02
-2.048371055250723938e+00,-1.772333026058854788e+00,-4.978593279220849821e-02
-2.215241285112008018e+00,-1.557396378457487351e+00,-4.042216039718579679e-02
-2.359643275060873790e+00,-1.325948429006541529e+00,-3.061313408139870046e-02
-2.480033374389301493e+00,-1.080643184685787350e+00,-2.046690119748419828e-02
-2.575183695256991534e+00,-8.242349332785328109e-01,-1.009522346085689991e-02
-2.644182112697950338e+00,-5.595782433582003890e-01,3.876541172130999833e-04
-2.686432264615877585e+00,-2.896279642971542057e-01,1.086626164850939928e-02
-2.701653551785388796e+00,-1.743922626205040086e-02,2.122517627987369898e-02
-2.689883405862415700e+00,2.540398880622894984e-01,3.135029358649520093e-02
-2.651307987316660064e+00,5.223970816609966317e-01,4.113008444348260212e-02
-2.586231828716217152e+00,7.851306442280586717e-01,5.045682352936500109e-02
-2.495213439431514413e+00,1.039855276063470058e+00,5.922777593086300113e-02
-2.379068300704861194e+00,1.284316549854819911e+00,6.734632877737870005e-02
-2.238868865645469164e+00,1.516390910691224336e+00,7.472305544136050026e-02
-2.075944559232536957e+00,1.734085676053960690e+00,8.127670058075660287e-02
-1.891881778314536300e+00,1.935539035818824027e+00,8.693507517437309984e-02
-1.688523891607284444e+00,2.119020052257711395e+00,9.163585169080809556e-02
-1.467971239701518771e+00,2.282928660032107704e+00,9.532725063195210402e-02
-1.232313489839863552e+00,2.425898041755200296e+00,9.796861088930210182e-02
-9.834666029222878247e-01,2.546452797704934490e+00,9.953083762974719584e-02
-7.238173600044227607e-01,2.642899821942934935e+00,9.999672277795210174e-02
-4.558494070964212996e-01,2.713807639632625168e+00,9.936113456492780271e-02
-1.821335242052743997e-01,2.758013739681238974e+00,9.763107405497720159e-02
9.467237465581440636e-02,2.774624574736074933e+00,9.482559802828320616e-02
3.718232414697466015e-01,2.763015561185487634e+00,9.097560906868160102e-02
6.464868942180046485e-01,2.722831079158388956e+00,8.612351516873019419e-02
9.157440168706771910e-01,2.653984472525974248e+00,8.032276260183560113e-02
1.176598847051957275e+00,2.556666613752723194e+00,7.363724720624290065e-02
1.426452652619341510e+00,2.431757625802552614e+00,6.614061056649320203e-02
1.662544930107798802e+00,2.280380724801761794e+00,5.791542884429089905e-02
1.882110535655322048e+00,2.103866943697171976e+00,4.905230319456130306e-02
2.082668578479800026e+00,1.903961316971102713e+00,3.964886178473139844e-02
2.262022420870271056e+00,1.682822880646651642e+00,2.980868441150830161e-02
2.418259678189140338e+00,1.443024672286435051e+00,1.964016155955180046e-02
2.549752218873253984e+00,1.187553730990203116e+00,9.255300469941199829e-03
2.655156164429344656e+00,9.198110974042855714e-01,-1.231508629820100018e-03
2.733411889441223597e+00,6.436118137076021206e-01,-1.170475254552160067e-02
2.783818211239843521e+00,3.627425997118032819e-01,-2.204906750464940071e-02
2.806176839642593901e+00,7.915217731107369870e-02,-3.215050989942880300e-02
2.800248540784622708e+00,-2.043855733687900966e-01,-4.189781138609680045e-02
2.766050939818480714e+00,-4.850591701975972003e-01,-5.118360451675899730e-02
2.703899596638618785e+00,-7.602049183612518135e-01,-5.990560540163299835e-02
2.614408005881721397e+00,-1.027306910364324866e+00,-6.796774037585910644e-02
2.498487596925532905e+00,-1.283997026032335897e+00,-7.528120426006759680e-02
2.357347733893322417e+00,-1.528054932502503682e+00,-8.176543855758390544e-02
2.192495715647537757e+00,-1.757408084237785495e+00,-8.734901881427070691e-02
2.005736775793795168e+00,-1.970131723017423120e+00,-9.197044136538640169e-02
1.798842496046657358e+00,-2.164717755747692873e+00,-9.557880080436470527e-02
1.573509312065728194e+00,-2.339476674322150451e+00,-9.813435071056729464e-02
1.331825620310999492e+00,-2.492411437479862713e+00,-9.960894146005450089e-02
1.076027131864542463e+00,-2.621758031445234671e+00,-9.998633029622269741e-02
8.084964669959051609e-01,-2.725986025890456688e+00,-9.926236024533979796e-02
5.317631551595638495e-01,-2.803798573936089333e+00,-9.744500590598459411e-02
2.485036350050776888e-01,-2.854132412148474796e+00,-9.455428560816059314e-02
-3.845874563804690255e-02,-2.876157860543993916e+00,-9.062204090940309542e-02
-3.261537297503485089e-01,-2.869278822585985544e+00,-8.569158585706460052e-02
-6.116257372818415528e-01,-2.833190098082930763e+00,-7.981722987991919649e-02
-8.921972246625717862e-01,-2.767744172346441545e+00,-7.306367956487870574e-02
-1.164667993665421619e+00,-2.672726838697673468e+00,-6.550532590751100004e-02
-1.425969983456511603e+00,-2.548431719785618110e+00,-5.722542488838239932e-02
-1.673230148317651045e+00,-2.395696799041790559e+00,-4.831518040050789692e-02
-1.903770457648350956e+00,-2.215904420678476150e+00,-3.887273962975849873e-02
-2.115107895957587303e+00,-2.010981289695521923e+00,-2.900211195465480021e-02
-2.304954462876414922e+00,-1.783398471870501378e+00,-1.881202327273270164e-02
-2.471217173149399926e+00,-1.536171393765024984e+00,-8.414718374819300448e-03
-2.611998056637958143e+00,-1.272859842720770018e+00,2.075275442126899884e-03
-2.725682491956472830e+00,-9.974092417224685869e-01,1.254240990366370032e-02
-2.811483780433190915e+00,-7.127639706794948182e-01,2.287138853358329851e-02
-2.868579108938946298e+00,-4.219495069497748996e-01,3.294843665514209791e-02
-2.896375452104393844e+00,-1.280288335091953889e-01,4.266255462997910197e-02
-2.894612589760687804e+00,1.660383009675827082e-01,5.190674052971099711e-02
-2.863363106939819325e+00,4.573953820964227202e-01,6.057916877198010058e-02
-2.803032393874515638e+00,7.432891297997985536e-01,6.858431173935700120e-02
-2.714358645998037112e+00,1.021069498296064859e+00,7.583399202475890610e-02
-2.598412863943118989e+00,1.288189676104509518e+00,8.224835371406470641e-02
-2.456598342810636382e+00,1.542206946452267635e+00,8.775674200634860089e-02
-2.290342566446758710e+00,1.781184639785986290e+00,9.229848148352949588e-02
-2.101072805757502326e+00,2.003343481857581931e+00,9.582354445561190592e-02
-1.890523048523416794e+00,2.206736961197725222e+00,9.829310202048270606e-02
-1.660613944159901045e+00,2.389531524559388220e+00,9.967995176794869350e-02
-1.413452803725746332e+00,2.550006576911373557e+00,9.996881741681970523e-02
-1.151333599910562056e+00,2.686554481448321319e+00,9.915651708466309555e-02
-8.767369670429836503e-01,2.797680559583844317e+00,9.725199833648230652e-02
-5.923302010860469480e-01,2.882003090952933277e+00,9.427623962642810163e-02
-3.009672596476251072e-01,2.938253313409131096e+00,9.026201921825399710e-02
-5.382553445751000337e-03,2.965474072251033544e+00,8.525355412948540379e-02
2.915458364165650074e-01,2.962799594930700220e+00,7.930601307688239787e-02
5.865599236989996745e-01,2.929442717256011353e+00,7.248490878778450497e-02
8.765007892680365398e-01,2.865081046265290254e+00,6.486537637115249999e-02
1.158309828675953890e+00,2.769857858818599361e+00,5.653134569750520311e-02
1.429028752176693118e+00,2.644382101594225265e+00,4.757461690306039742e-02
1.685799584715224064e+00,2.489728391090737070e+00,3.809384920280720066e-02
1.925864665932314868e+00,2.307437013624765054e+00,2.819347414968230089e-02
2.146566650155945943e+00,2.099513925337888054e+00,1.798254531182729918e-02
2.345348506414444145e+00,1.868430752186660326e+00,7.573537036190100373e-03
2.519868190529207297e+00,1.617076794324215694e+00,-2.918894466367200069e-03
2.668548881149301444e+00,1.348529645714463099e+00,-1.337917407024630072e-02
2.789744699919025628e+00,1.066191291829824639e+00,-2.369208080614260137e-02
2.882102690248952381e+00,7.734533712880699019e-01,-3.374401703056709861e-02
2.944650614977644132e+00,4.736526275369727923e-01,-4.342425971517160227e-02
2.976796956366974278e+00,1.700709088644938027e-01,-5.262618007102159989e-02
2.978330916103234749e+00,-1.340648316064894097e-01,-6.124841807495549906e-02
2.949422415297360267e+00,-4.355825359071086034e-01,-6.919599895953559843e-02
2.890622094485007842e+00,-7.313650412391434763e-01,-7.638137936954420004e-02
2.802861313358401052e+00,-1.018350081022475928e+00,-8.272541166001849688e-02
2.687216837591368535e+00,-1.294194095558190094e+00,-8.815821571512509613e-02
2.544735698051567852e+00,-1.556986237062432110e+00,-9.261994868428100047e-02
2.376753192314451368e+00,-1.804470167600013220e+00,-9.606146415666799721e-02
2.184823529139269471e+00,-2.034537569998161821e+00,-9.844485351382870064e-02
1.970719828474023494e+00,-2.245228147836823673e+00,-9.974386349652220041e-02
1.736434121452073764e+00,-2.434729625452728641e+00,-9.994418538689800457e-02
1.484177350400852635e+00,-2.601377747932697826e+00,-9.904361262037959801e-02
1.216379368829046737e+00,-2.743656281124001062e+00,-9.705206509119200520e-02
9.356889414349609524e-01,-2.860197011627251484e+00,-9.399147988377209995e-02
6.448730548335710466e-01,-2.949802113953619465e+00,-8.989556963371510279e-02
3.464206034976407000e-01,-3.011116580988987934e+00,-8.480945117985569381e-02
4.340589789508730173e-02,-3.042379952899027185e+00,-7.878914859820469740e-02
-2.610117654331404746e-01,-3.042280975756080696e+00,-7.190097609118760447e-02
-5.636895658279437171e-01,-3.010031827458555576e+00,-6.422080753059930536e-02
-8.615011585174365827e-01,-2.945368117730878144e+00,-5.583324069961329711e-02
-1.151336674606148858e+00,-2.848548888126143375e+00,-4.683066544049299673e-02
-1.430102721091322859e+00,-2.720356612022584830e+00,-3.731224597130319842e-02
-1.694722380852001109e+00,-2.562097194625629015e+00,-2.738282858295210120e-02
-1.942135212651757037e+00,-2.375599972967456175e+00,-1.715178674730820016e-02
-2.169388694536241502e+00,-2.163178836366855595e+00,-6.731816357970500306e-03
-2.374337584144900593e+00,-1.927316847595402338e+00,3.762305625299299829e-03
-2.554707574730873620e+00,-1.670922672707020329e+00,1.421498545618739978e-02
-2.708458408092926817e+00,-1.397080461056001255e+00,2.451108587751939932e-02
-2.833933207094151641e+00,-1.108982177037574068e+00,3.453719436921490193e-02
-2.929858475657653116e+00,-8.099276000985233814e-01,4.418287239758140333e-02
-2.995344098773418118e+00,-5.033243247214203020e-01,5.334187190673089773e-02
-3.029883342493475684e+00,-1.926877604350115958e-01,6.191330565061659713e-02
-3.033352853933169779e+00,1.183588681883444987e-01,6.980275847568080672e-02
-3.006013201709458738e+00,4.261000457841336853e-01,7.692332731276099733e-02
-2.948441226405660309e+00,7.276593269688137466e-01,8.319657842237819512e-02
-2.861277783031522581e+00,1.020638362211237826e+00,8.855341135016739362e-02
-2.745372235334897049e+00,1.302538731750073620e+00,9.293482007466559447e-02
-2.601833355462988884e+00,1.571000905555272498e+00,9.629254296431000171e-02
-2.432029323967838330e+00,1.823804243318420060e+00,9.858959438376789508e-02
-2.237587729798465652e+00,2.058866994467417388e+00,9.980067209438360509e-02
-2.020395570305856925e+00,2.274246298156566759e+00,9.991243596060510324e-02
-1.782599251241780314e+00,2.468138183269080521e+00,9.892365489287299751e-02
-1.526604586756384885e+00,2.638877568418520614e+00,9.684522040816559429e-02
-1.255052849416335992e+00,2.784967813911626955e+00,9.370002665899070105e-02
-9.702409074469023897e-01,2.905372505795438265e+00,8.952271825202140487e-02
-6.747963650782359268e-01,2.998093958901897338e+00,8.435930863453949824e-02
-3.716412462102332004e-01,3.061194884829935958e+00,7.826667325189029523e-02
-6.377507131841060606e-02,3.093229832588253014e+00,7.131192305929029418e-02
2.457251425626786889e-01,3.093245188598778839e+00,6.357166528799060301e-02
5.537048818284557861e-01,3.060779176694093273e+00,5.513115960958080153e-02
8.569321363070399045e-01,2.995861858118135324e+00,4.608337899259139919e-02
1.152097399261890587e+00,2.899015131525179978e+00,3.652798559636590003e-02
1.435916492410703960e+00,2.769754361064193038e+00,2.657023298328169830e-02
1.705192795422174168e+00,2.604488912167513881e+00,-9.834706761774759942e-02
1.956361423901886498e+00,2.406940904172752749e+00,-9.970315230006750185e-02
2.186263947105423711e+00,2.181466497417782868e+00,-9.996099732775069746e-02
2.392215075109157763e+00,1.932263496526254398e+00,-9.911776251341999910e-02
2.572002658822828636e+00,1.663371350395234316e+00,-9.718273616833369988e-02
2.723887689980959870e+00,1.378671152203200467e+00,-9.417723279073879350e-02
2.846604301146026916e+00,1.081885639405367527e+00,-9.013435828462459942e-02
2.939359765704261829e+00,7.765791937445998272e-01,-8.509864529520730358e-02
3.001632649153399779e+00,4.662751015677504829e-01,-7.912556267741979732e-02
3.032925228420783270e+00,1.544179816520820925e-01,-7.228090450135840617e-02
3.033117932951223228e+00,-1.558230098450829881e-01,-6.464006532434619923e-02
3.002413437164233923e+00,-4.614407811629097078e-01,-5.628720971267599932e-02
2.941336247603953069e+00,-7.595899396287457694e-01,-4.731434516124619766e-02
2.850732702937457841e+00,-1.047586791674837370e+00,-3.782030862186620129e-02
2.731770973955606419e+00,-1.322909342827139234e+00,-2.790967780516540042e-02
2.585941063571454368e+00,-1.583197297710410290e+00,-1.769161924705910105e-02
2.415054806825809308e+00,-1.826252060038877634e+00,-7.278685829383399648e-03
2.221057811851153030e+00,-2.050344090641539552e+00,3.214423001276200172e-03
2.005711044747680916e+00,-2.254105848430265180e+00,1.367212465848809989e-02
1.771138848999763704e+00,-2.435577094018388955e+00,2.397922656918579851e-02
1.519620914901093967e+00,-2.593013658053416215e+00,3.402219503084320112e-02
1.253580761997328485e+00,-2.724915067844424055e+00,4.369040579560330012e-02
9.755857390723300382e-01,-2.830024547370676657e+00,5.287736260735499683e-02
6.883470241571885140e-01,-2.907329017275660732e+00,6.148187026771879948e-02
3.947196245253152824e-01,-2.956059094868937809e+00,6.940914931088359996e-02
9.770237670319119327e-02,-2.975689094124633893e+00,7.657188000812069351e-02
-1.997252821395497091e-01,-2.965780048017060189e+00,8.289116420326790580e-02
-4.948229171915083935e-01,-2.925522824195297744e+00,8.829739438310320321e-02
-7.843129428560918770e-01,-2.854739896559348900e+00,9.273102041075920177e-02
-1.065035860129579293e+00,-2.753746752347261850e+00,9.614320547616460322e-02
-1.334007878062413610e+00,-2.623314069946533600e+00,9.849636403790840156e-02
-1.588420913774561294e+00,-2.464667718888588599e+00,9.976457583188939882e-02
-1.825642592445188450e+00,-2.279488759852182689e+00,9.993387138522240309e-02
-2.043216247317139356e+00,-2.069913444660612889e+00,9.900238589135880451e-02
-2.238860919689198425e+00,-1.838533216289567118e+00,9.698037975114970344e-02
-2.410471358927993801e+00,-1.588394708855657589e+00,9.389012555351039513e-02
-2.556221163464970747e+00,-1.322904769965840721e+00,8.976566274077009411e-02
-2.674964965323598953e+00,-1.045299551692100426e+00,8.465242266099069768e-02
-2.765568410987008008e+00,-7.589816634476846957e-01,7.860672813731399422e-02
-2.827199047092046502e+00,-4.672874860343969039e-01,7.169517306695359637e-02
-2.859383691944127115e+00,-1.734406845725346979e-01,6.399388888280320431e-02
-2.862008435513663684e+00,1.194477914887378950e-01,5.558770595870279885e-02
-2.835318639436648525e+00,4.083797083765605129e-01,4.656921919471689736e-02
-2.779918937015896763e+00,6.904695479838969252e-01,3.703776807586749847e-02
-2.696773233219577737e+00,9.629445078853428042e-01,2.709834243784100052e-02
-2.587201539623344537e+00,1.223149556324971909e+00,1.686042599432290012e-02
-2.452530751440573642e+00,1.469064031675010096e+00,6.436790363458899655e-03
-2.294111117168976754e+00,1.699064200684848647e+00,-4.057747122278100409e-03
-2.113560224345115479e+00,1.911453972784666444e+00,-1.450758813950450005e-02
-1.912668694580519135e+00,2.104619406522013403e+00,-2.479762670093730095e-02
-1.693400183567250306e+00,2.277028709553281516e+00,-3.481451705837119992e-02
-1.457891381074357673e+00,2.427232238647131890e+00,-4.444792221698960072e-02
-1.208452010956598599e+00,2.553862499679231846e+00,-5.359172930747090058e-02
-9.475648311415549863e-01,2.655634147640467901e+00,-6.214521842978250332e-02
-6.778856336380763015e-01,2.731343986631267207e+00,-7.001417209207079495e-02
-4.019598299882515824e-01,2.780216575574382176e+00,-7.711191302533229597e-02
-1.224455493006714052e-01,2.801546049075463785e+00,-8.336025894178189510e-02
1.576835422944689868e-01,2.794510484045682031e+00,-8.869038371993989700e-02
4.355208903308235846e-01,2.758695121050962928e+00,-9.304357553119610436e-02
7.082275001832747385e-01,2.694092945731683564e+00,-9.637188355593180600e-02
9.730319370728239825e-01,2.601104688802017950e+00,-9.863864616640720395e-02
1.227230326057030307e+00,2.480538826053582113e+00,-9.981889475798999545e-02
1.468186352044496212e+00,2.333611578350350602e+00,-9.989962878081500020e-02
1.693331259785133103e+00,2.161946911631783319e+00,-9.887995894198339797e-02
1.900163853872607556e+00,1.967576536912112761e+00,-9.677111700123200433e-02
2.086433701798336315e+00,1.752888024792345512e+00,-9.359633205200529327e-02
2.250495457876787953e+00,1.520546161948029162e+00,-8.939057465091279631e-02
2.390598373273156163e+00,1.273509964004592820e+00,-8.420017161357480628e-02
2.505306475498642715e+00,1.014770315511796639e+00,-7.808229572046659905e-02
2.593533616293742128e+00,7.473367496161653634e-01,-7.110433595324580636e-02
2.654543471625272488e+00,4.742374480708009266e-01,-6.334315519899330615e-02
2.687949541691201816e+00,1.985192412207474888e-01,-5.488424359787830165e-02
2.693715150917185053e+00,-7.675239198732559942e-02,-4.582077686141119988e-02
2.672153447957490435e+00,-3.484933240075220873e-01,-3.625258993311009786e-02
2.623920738052385460e+00,-6.136738793555511773e-01,-2.628507729706529988e-02
2.549800489823329741e+00,-8.704366534054259752e-01,-1.602803204807539891e-02
2.450646900165756925e+00,-1.116611025061092555e+00,-5.594436509802999669e-03
2.327530690773546684e+00,-1.349906333823440496e+00,4.900782275865700303e-03
2.181735313353041050e+00,-1.568256375147752291e+00,1.534201848123539942e-02
2.014756949628555560e+00,-1.769819400435894696e+00,2.561426090156829899e-02
1.828304511334404747e+00,-1.952978117048256745e+00,3.560435981492780094e-02
1.624299640220013830e+00,-2.116339688295654220e+00,4.520227333670660125e-02
1.404876708048693246e+00,-2.258735733441381122e+00,5.430227954148730135e-02
1.172382816595473942e+00,-2.379222327702206208e+00,6.280414100012229883e-02
9.292780616419535900e-01,-2.477056903161034995e+00,7.061420890421039875e-02
6.775648974882831910e-01,-2.551183005479113586e+00,7.764645461702189555e-02
4.197260952888194896e-01,-2.600294389184949928e+00,8.382341728677029924e-02
1.583640454054401070e-01,-2.623411853465631882e+00,8.907705708534090216e-02
-1.039140410914266982e-01,-2.619909632968342450e+00,9.334950467326050272e-02
-3.644961324371023270e-01,-2.589515397801630758e+00,9.659369863621840302e-02
-6.207653761631495293e-01,-2.532310253534322264e+00,9.877390387080769996e-02
-8.701000990997420637e-01,-2.448728741195853598e+00,9.986610521011909936e-02
-1.109873807377791399e+00,-2.339558837275161451e+00,9.985827195307160620e-02
-1.337455186420306363e+00,-2.205941953724894322e+00,9.875049038373269472e-02
-1.550529684948378950e+00,-2.049380370665438544e+00,9.655496282089109927e-02
-1.746987407277164728e+00,-1.871697346141770302e+00,9.329587320835110165e-02
-1.924657522778504326e+00,-1.674931860215497892e+00,8.900912072646760542e-02
-2.081668382119254979e+00,-1.461325325825364896e+00,8.374192435943510204e-02
-2.216447929269206973e+00,-1.233321593909357361e+00,7.755230277348759693e-02
-2.327723701494424535e+00,-9.935669534117077539e-01,7.050843523594040041e-02
-2.414522829358953793e+00,-7.449101312811883258e-01,6.268791061407889831e-02
-2.476172036725264647e+00,-4.904022924687824747e-01,5.417687272636809853e-02
-2.512297640752241268e+00,-2.332970399370004055e-01,4.506907146044410173e-02
-2.522864776453237479e+00,2.342099793265009847e-02,3.546483010879000058e-02
-2.508041263822277323e+00,2.775749448223441829e-01,2.546994029846800026e-02
-2.468094932962932475e+00,5.267037211857072965e-01,1.519449668617879959e-02
-2.403536118007840727e+00,7.684822496413724613e-01,4.751684255559899574e-03
-2.315119680647050426e+00,1.000732922939104430e+00,-5.743468426649500289e-03
-2.203845010129249715e+00,1.221425603950663685e+00,-1.617535626079969965e-02
-2.070956023261516510e+00,1.428677625672100993e+00,-2.642907101552730009e-02
-1.917941164407841237e+00,1.620753791225427953e+00,-3.639166705287880110e-02
-1.746533405494879121e+00,1.796066373851767928e+00,-4.595340543485559870e-02
-1.558710161608169775e+00,1.953175188854823663e+00,-5.500896270871499794e-02
-1.356315795263538959e+00,2.090987003758953300e+00,-6.345859105441789549e-02
-1.141175650851571355e+00,2.208287019475067670e+00,-7.120921701645430146e-02
-9.154415616803299738e-01,2.303768923985697992e+00,-7.817546671649870660e-02
-6.813317734985281371e-01,2.376366303246067346e+00,-8.428060625515909621e-02
-4.411309445032645105e-01,2.425252641179622692e+00,-8.945738694286289872e-02
-1.971901453381199043e-01,2.449841319679196161e+00,-9.364878605060490691e-02
4.807314090907219978e-02,2.449785618606894921e+00,-9.680863492074709420e-02
2.921750186972860153e-01,2.424978715794325002e+00,-9.890212751894940368e-02
5.325651800457209539e-01,2.375553687042590845e+00,-9.990620382625950424e-02
7.667105070023348956e-01,2.301866433703045001e+00,-9.980980384716539588e-02
9.924446681341247967e-01,2.204469876989254562e+00,-9.861398943654109406e-02
1.207299356007881519e+00,2.084321332044646091e+00,-9.633193260326619600e-02
1.408943936885239445e+00,1.942667180270658100e+00,-9.298877041923900300e-02
1.595271923598384323e+00,1.781022004151278315e+00,-8.862132813218419336e-02
1.764400975552150586e+00,1.601168587252263631e+00,-8.327771353205939975e-02
1.914672898725293004e+00,1.405157914219290483e+00,-7.701678703914000002e-02
2.044653645665196251e+00,1.195309170785237685e+00,-6.990751335114570031e-02
2.153133315496090994e+00,9.742097437594585685e-01,-6.202820179024599867e-02
2.239126153913399975e+00,7.447152210347898205e-01,-5.346564371867740251e-02
2.301948837493712929e+00,5.096972104469303932e-01,-4.431415652354599860e-02
2.341256838829910425e+00,2.714541542490839787e-01,-3.467454470220719676e-02
2.356746791237117389e+00,3.251459283432669989e-02,-2.465298949071620047e-02
2.348365155740671284e+00,-2.046824936936854911e-01,-1.435987926777980081e-02
2.316319460638855521e+00,-4.378139937987630126e-01,-3.908593616245400332e-03
2.261078301502295496e+00,-6.646726645142131407e-01,6.585745563820800431e-03
2.183371341176179925e+00,-8.831671314346392077e-01,1.700754213339039991e-02
2.084189309777236598e+00,-1.091321888728351119e+00,2.724199901742499833e-02
1.964784004695539155e+00,-1.287277299129029107e+00,3.717638270515379734e-02
1.826667452634034738e+00,-1.469290326425910509e+00,4.670126502053110334e-02
1.671287344535196784e+00,-1.635968406571387090e+00,5.571172848362190150e-02
1.500096354714762326e+00,-1.786042182602954220e+00,6.410852198706300242e-02
1.314808285748355621e+00,-1.918215380227969113e+00,7.179915405606619727e-02
1.117240422416200918e+00,-2.031333500746351550e+00,7.869891165090379948e-02
9.093135317104243942e-01,-2.124383821046639920e+00,8.473179328882310402e-02
6.930518628242474666e-01,-2.196495393612177605e+00,8.983134620792709857e-02
4.705831471590826154e-01,-2.246939046516813310e+00,9.394139835038750608e-02
2.441385983227883916e-01,-2.275127383426017502e+00,9.701667710303890635e-02
1.605291212759599878e-02,-2.280614783596830009e+00,9.902330797950789631e-02
-2.114238492928927071e-01,-2.263226452973603919e+00,9.993918775082580308e-02
-4.361391934302745188e-01,-2.223100731711439071e+00,9.975422791468989414e-02
-6.556573730549850598e-01,-2.160413832196960815e+00,9.847046582119289848e-02
-8.676720484167402825e-01,-2.075632336394302335e+00,9.610204223121500411e-02
-1.070016324306573674e+00,-1.969519705329107140e+00,9.267504555469679994e-02
-1.260662750068437088e+00,-1.843136279083893214e+00,8.822722448421259356e-02
-1.437723319591395654e+00,-1.697839276800942487e+00,8.280757218962360444e-02
-1.599449471311592319e+00,-1.535282796681627815e+00,7.647578665366089323e-02
-1.744232088213483189e+00,-1.357417815984736320e+00,6.930161309293279837e-02
-1.870601497824724291e+00,-1.166492191033078774e+00,6.136407570802109718e-02
-1.977308582716089891e+00,-9.649445857009355532e-01,5.275060722406339775e-02
-2.063567825073016948e+00,-7.549313410455750217e-01,4.355608581125600121e-02
-2.128560744180090225e+00,-5.388206702174002105e-01,3.388178999268910002e-02
-2.171692929874430078e+00,-3.189695994402325097e-01,2.383428305217289919e-02
-2.192633012720105690e+00,-9.768093468120070400e-02,1.352423922908249990e-02
-2.191312664005569566e+00,1.227967383414255986e-01,3.065224631472900085e-03
-2.167926595744347207e+00,3.402690541601793850e-01,-7.427553705426400386e-03
-2.122932560674530844e+00,5.525958675602942183e-01,-1.783851683569380106e-02
-2.057051352260616195e+00,7.576912535720283781e-01,-2.805298701537820016e-02
-1.971266681679598065e+00,9.535237020279071496e-01,-3.795845088923879840e-02
-1.866610621262281056e+00,1.138426924523325390e+00,-4.744579883563519729e-02
-1.744121006619114844e+00,1.311035664298975112e+00,-5.641052681949729891e-02
-1.605060960071991616e+00,1.469932490358752508e+00,-6.475388751385270647e-02
-1.450824763098379711e+00,1.613810057489337701e+00,-7.238397801144029475e-02
-1.282937856335625515e+00,1.741471106253790424e+00,-7.921675214361249828e-02
-1.103056839579924731e+00,1.851828462993176050e+00,-8.517694625691410448e-02
-9.129694717845472374e-01,1.943905039827318104e+00,-9.019890824938420204e-02
-7.145946710668535928e-01,2.016833834651614588e+00,-9.422732073450459933e-02
-5.099825146978909096e-01,2.069857931142073060e+00,-9.721781036770620055e-02
-3.011215470559405749e-01,2.102508068046652578e+00,-9.913743662277499369e-02
-8.996908923146000603e-02,2.114476542006332949e+00,-9.996505463491479893e-02
1.212652820692471933e-01,2.105377806945416097e+00,-9.969154811341369993e-02
3.304320214619159146e-01,2.075099596292430348e+00,-9.831992975849210281e-02
5.354450084254620545e-01,2.023806415558282890e+00,-9.586530807608620308e-02
7.342815473038972751e-01,1.951939542336462940e+00,-9.235472095623839528e-02
9.249823673080191933e-01,1.860217026302119159e+00,-8.782683784813620498e-02
1.105651622508547094e+00,1.749633689215583043e+00,-8.233153381263759452e-02
1.274456891846552642e+00,1.621461124917346508e+00,-7.592934014352159533e-02
1.429629179126427951e+00,1.477247699331229569e+00,-6.869077760970949964e-02
1.569610126384804794e+00,1.318723182463921173e+00,-6.069557966221639927e-02
1.693221747385325493e+00,1.147625844997826050e+00,-5.203181416292870093e-02
1.799193385723857785e+00,9.659337450405302006e-01,-4.279491330835839824e-02
1.886481558012401694e+00,7.756708912965786240e-01,-3.308662243524149865e-02
1.954287431702943278e+00,5.788966387525601442e-01,-2.301387928596259833e-02
2.002056825087799030e+00,3.777056886752629961e-01,-1.268763607911529978e-02
2.029480207298058225e+00,1.742280886190374911e-01,-2.221637360678100064e-03
2.036492698306195948e+00,-2.937076758521100020e-02,8.268832903456599728e-03
2.023274068924148406e+00,-2.308901398227211910e-01,1.866822119091749929e-02
1.990243971320405647e+00,-4.281509658884888880e-01,2.886197725600930103e-02
1.937923825541417067e+00,-6.197004039723519320e-01,3.873781591115579848e-02
1.866902934935779967e+00,-8.038195128549125990e-01,4.818695385939270048e-02
1.777935826496220173e+00,-9.787445168347072011e-01,5.710530795231939793e-02
